iteration,steps_collected,episode_return_mean,safe_reach_ratio,conv_eval_success_delta_w5,high_samples,low_samples,loss_high_total,loss_low_mean,eval_n_episodes,eval_success_rate,eval_reach_rate,eval_collision_rate,eval_safe_reach_ratio,eval_min_h_agent,eval_min_h_obstacle,eval_avg_traj_length,eval_avg_skill_switches,eval_qp_feasible_rate,eval_avg_steps,eval_avg_episode_return
1.0,200.0,-0.8853763341903691,0.0,nan,40.0,800.0,0.04995299270376563,0.04777534726886579,1.0,0.0,0.0,0.25,0.0,0.041144371032714844,2.7996110916137695,11.33257168559794,10.0,1.0,195.0,-0.6046392500400546
2.0,113.0,-0.8615337806940079,0.0,nan,24.0,452.0,0.14205950871109962,0.028190480698241593,,,,,,,,,,,,
3.0,200.0,9.213147270912303,0.25,nan,40.0,800.0,10.764298439025879,0.08188837750438438,,,,,,,,,,,,
4.0,145.0,-0.3618259027600294,0.0,nan,32.0,580.0,0.02329775271937251,0.050674662353837885,,,,,,,,,,,,
5.0,69.0,-0.13041793197393423,0.0,nan,16.0,276.0,0.0025095404125750065,0.04810593811823338,,,,,,,,,,,,
6.0,200.0,10.894236011803152,0.5,nan,44.0,800.0,7.26792049407959,0.024094907641167396,,,,,,,,,,,,
7.0,200.0,4.2767926588654515,0.5,nan,40.0,800.0,7.095640063285828,0.01517947504513728,,,,,,,,,,,,
8.0,200.0,0.5125995039939882,0.0,nan,40.0,800.0,0.05874852277338505,0.007795331172220088,,,,,,,,,,,,
9.0,200.0,-0.9359665565192704,0.0,nan,40.0,800.0,0.06546683143824339,0.06724338211170622,,,,,,,,,,,,
10.0,200.0,1.2818616817705333,0.5,nan,40.0,800.0,0.6063114106655121,0.03623619692081004,1.0,0.0,0.0,0.25,0.0,1.3057881593704224,-0.12988829612731934,4.452140347799286,4.0,1.0,75.0,-0.26689498424530034
11.0,200.0,-0.7292213603854181,0.0,nan,40.0,800.0,0.05364508181810379,0.022347332781017748,,,,,,,,,,,,
12.0,200.0,-0.1297296077013022,0.0,nan,40.0,800.0,0.023691353388130665,0.029359274020862358,,,,,,,,,,,,
13.0,200.0,27.10567216341152,0.5,nan,44.0,800.0,11.921887159347534,0.021970510694249157,,,,,,,,,,,,
14.0,125.0,9.72536572990939,0.25,nan,28.0,500.0,4.368338942527771,0.013652075668705549,,,,,,,,,,,,
15.0,200.0,29.17671569869854,0.75,nan,40.0,800.0,57.02313423156738,0.016211642989500064,,,,,,,,,,,,
16.0,195.0,22.782313296198847,0.5,nan,40.0,780.0,10.117013931274414,0.026343486886780454,,,,,,,,,,,,
17.0,61.0,0.17712158203124995,0.0,nan,16.0,244.0,0.1076522134244442,0.5383615695904542,,,,,,,,,,,,
18.0,200.0,6.164001959050073,0.25,nan,40.0,800.0,4.5876768827438354,0.1420744246648571,,,,,,,,,,,,
19.0,70.0,0.0531100302934647,0.0,nan,16.0,280.0,0.031027515418827534,0.6149454359819926,,,,,,,,,,,,
20.0,200.0,49.26178442330566,0.75,nan,40.0,800.0,21.502272605895996,0.010157759500390995,1.0,0.0,0.0,0.25,0.0,5.579713344573975,-0.09494513273239136,10.33380456699524,7.0,1.0,132.0,-0.12015046894550321
21.0,200.0,4.54229025095701,0.25,nan,40.0,800.0,10.074285507202148,0.494381883226775,,,,,,,,,,,,
22.0,200.0,-0.013268442451954025,0.0,nan,40.0,800.0,-0.007835800759494305,0.08974689807168001,,,,,,,,,,,,
23.0,76.0,0.09512058138847354,0.25,nan,16.0,304.0,-0.03871464543044567,0.03164912920468055,,,,,,,,,,,,
24.0,75.0,-0.18666045963764175,0.0,nan,16.0,300.0,0.06559787131845951,0.3958810168469027,,,,,,,,,,,,
25.0,73.0,0.13914467513561252,0.25,nan,16.0,292.0,-0.02130999369546771,0.057814895272825684,,,,,,,,,,,,
26.0,200.0,15.784341231547302,0.5,nan,40.0,800.0,11.472722053527832,0.06570778768334495,,,,,,,,,,,,
27.0,200.0,0.6445590151473879,0.25,nan,40.0,800.0,0.14047254249453545,0.033188765594415415,,,,,,,,,,,,
28.0,200.0,18.729295409657073,0.5,nan,40.0,800.0,22.00627326965332,0.019502367779658414,,,,,,,,,,,,
29.0,155.0,3.9809089075191886,0.5,nan,32.0,620.0,1.7266307771205902,0.018042756817118644,,,,,,,,,,,,
30.0,164.0,9.582260290943088,0.25,nan,36.0,656.0,9.382942914962769,0.045171780578172616,1.0,0.0,0.25,0.0,0.25,0.6140162944793701,1.5960803031921387,7.569763218957291,10.0,1.0,200.0,21.360223013255748
31.0,200.0,18.027754407329482,0.75,nan,44.0,800.0,5.19566535949707,0.004136526103989038,,,,,,,,,,,,
32.0,107.0,1.4060950617492198,0.25,nan,24.0,428.0,2.236222505569458,0.03363065243263641,,,,,,,,,,,,
33.0,62.0,-0.20340917229652405,0.0,nan,16.0,248.0,0.007765428628772497,0.04962068960047774,,,,,,,,,,,,
34.0,200.0,6.066565603949132,0.5,nan,44.0,800.0,2.0857089161872864,0.024728457446583918,,,,,,,,,,,,
35.0,200.0,10.872549346182494,0.5,nan,40.0,800.0,7.401038765907288,0.00763332776022585,,,,,,,,,,,,
36.0,162.0,14.869758428081399,0.5,nan,36.0,648.0,16.498010635375977,0.022087394854096595,,,,,,,,,,,,
37.0,200.0,36.63824446431246,0.75,nan,44.0,800.0,10.178469896316528,0.0035109248792809244,,,,,,,,,,,,
38.0,200.0,26.570266737806385,0.75,nan,44.0,800.0,19.98682737350464,0.016265914167144735,,,,,,,,,,,,
39.0,200.0,28.691910601197744,0.5,nan,40.0,800.0,47.56929588317871,0.031053796838697467,,,,,,,,,,,,
40.0,124.0,3.750166006237268,0.25,nan,28.0,496.0,2.3450027108192444,0.03886146987198158,1.0,0.0,0.75,0.0,0.75,0.2959088683128357,2.045072078704834,11.538750901732783,10.0,1.0,200.0,54.40140068985056
41.0,200.0,12.971531270095149,0.5,nan,44.0,800.0,3.7915238738059998,0.04860146928000564,,,,,,,,,,,,
42.0,97.0,0.09480119377374635,0.0,nan,20.0,388.0,0.09840285032987595,0.09412159280687682,,,,,,,,,,,,
43.0,200.0,24.942335909139363,0.75,nan,40.0,800.0,33.74790000915527,0.031256961895786084,,,,,,,,,,,,
44.0,200.0,39.95996685505962,0.5,nan,44.0,800.0,20.445058345794678,0.01198901255774576,,,,,,,,,,,,
45.0,171.0,25.77110017996515,0.5,nan,36.0,684.0,8.849888324737549,0.04597637574003244,,,,,,,,,,,,
46.0,200.0,35.599457188439565,0.5,nan,40.0,800.0,33.78557777404785,0.027949522407543004,,,,,,,,,,,,
47.0,200.0,44.25746835343308,0.75,nan,40.0,800.0,30.18216848373413,0.0034364848516386104,,,,,,,,,,,,
48.0,200.0,33.430199949897364,0.5,nan,40.0,800.0,80.16775894165039,0.0011428435385407026,,,,,,,,,,,,
49.0,200.0,16.53460252722725,1.0,nan,40.0,800.0,17.137568950653076,0.011578266814672056,,,,,,,,,,,,
50.0,153.0,11.495920056365431,0.25,nan,32.0,612.0,15.398268461227417,0.007948604441826213,1.0,0.0,0.75,0.0,0.75,0.43118032813072205,3.103330612182617,11.931341181800235,10.0,1.0,200.0,42.705023347074174
51.0,78.0,0.6726154816150665,0.25,nan,16.0,312.0,0.7433283776044846,0.1736647391754511,,,,,,,,,,,,
52.0,200.0,-0.2526291087269788,0.0,nan,40.0,800.0,0.3525996431708336,0.08238943949307398,,,,,,,,,,,,
53.0,200.0,25.41603878432652,0.5,nan,40.0,800.0,13.463011503219604,0.015089914071197086,,,,,,,,,,,,
54.0,200.0,30.845817694999276,0.5,nan,40.0,800.0,32.04265594482422,0.014010889336223187,,,,,,,,,,,,
55.0,200.0,26.051060296688235,0.75,nan,40.0,800.0,15.451092958450317,0.010479428046782147,,,,,,,,,,,,
56.0,200.0,8.46844883006997,0.5,nan,40.0,800.0,7.007604479789734,0.009403186763246016,,,,,,,,,,,,
57.0,94.0,-0.2709477344155312,0.0,nan,20.0,376.0,0.4107104688882828,0.030731458343986162,,,,,,,,,,,,
58.0,200.0,34.00160462220666,1.0,nan,40.0,800.0,58.00892734527588,0.01579396288503787,,,,,,,,,,,,
59.0,176.0,17.711815390791745,0.5,nan,36.0,704.0,6.462580680847168,0.01348464647558778,,,,,,,,,,,,
60.0,188.0,34.24916333776667,1.0,nan,40.0,752.0,31.55226993560791,0.0066672438022497005,1.0,0.0,0.25,0.25,0.25,0.16782242059707642,3.1129021644592285,8.105961392109748,5.0,1.0,83.0,1.5459352475404735
61.0,51.0,-0.19527007102966304,0.0,nan,12.0,204.0,0.12442015670239925,0.1227820963271343,,,,,,,,,,,,
62.0,200.0,-0.04629543870687525,0.0,nan,40.0,800.0,0.6084372252225876,0.06814825156077164,,,,,,,,,,,,
63.0,200.0,35.26810297307094,0.75,nan,40.0,800.0,27.389744758605957,0.0023224157349344132,,,,,,,,,,,,
64.0,139.0,4.80376041595824,0.25,nan,28.0,556.0,7.244231700897217,0.03130464108922126,,,,,,,,,,,,
65.0,200.0,4.691965452767908,0.5,nan,40.0,800.0,4.3165953159332275,0.025821175059249413,,,,,,,,,,,,
66.0,198.0,27.723935190860654,1.0,nan,40.0,792.0,32.813751220703125,0.010101951366166428,,,,,,,,,,,,
67.0,200.0,28.434595207311204,0.5,nan,40.0,800.0,34.74424457550049,0.012944091632147159,,,,,,,,,,,,
68.0,62.0,0.05831864543259137,0.0,nan,16.0,248.0,1.0679846405982971,0.12665592848171883,,,,,,,,,,,,
69.0,110.0,-0.5220191895961761,0.0,nan,24.0,440.0,0.2850126624107361,0.08942359774859199,,,,,,,,,,,,
70.0,142.0,13.178178098350765,0.25,nan,32.0,568.0,8.889282703399658,0.04286764644859886,1.0,0.0,0.0,0.5,0.0,-0.07451364398002625,3.633742332458496,6.58245744148735,3.0,1.0,60.0,0.010008077323436726
71.0,200.0,34.637261554968426,0.75,nan,44.0,800.0,11.912584066390991,0.010534104500435681,,,,,,,,,,,,
72.0,200.0,16.367054605833253,0.5,nan,40.0,800.0,5.014008522033691,0.04887019790328617,,,,,,,,,,,,
73.0,161.0,7.766312959566712,0.5,nan,36.0,644.0,6.029666185379028,0.00790215951381884,,,,,,,,,,,,
74.0,200.0,30.909311744628944,1.0,nan,40.0,800.0,17.48535394668579,0.012516130751788701,,,,,,,,,,,,
75.0,200.0,48.53581538948931,0.75,nan,40.0,800.0,44.74887657165527,0.0012207614972385983,,,,,,,,,,,,
76.0,194.0,52.40906824249777,1.0,nan,40.0,776.0,20.835171222686768,0.0013098986666162382,,,,,,,,,,,,
77.0,163.0,-0.23101934038102617,0.0,nan,36.0,652.0,0.24086302146315575,0.0590649669260757,,,,,,,,,,,,
78.0,200.0,17.80543669757899,0.5,nan,40.0,800.0,6.300633072853088,0.017696673733461177,,,,,,,,,,,,
79.0,200.0,15.117356151109563,0.5,nan,40.0,800.0,4.651271343231201,0.013050086451153513,,,,,,,,,,,,
80.0,96.0,0.733151795119047,0.25,nan,20.0,384.0,1.4377365410327911,0.025833954812809257,1.0,0.0,0.0,0.5,0.0,-0.03770941495895386,3.446991443634033,5.873647866479587,3.0,1.0,60.0,-0.01083442717790617
81.0,183.0,13.826968840688929,0.5,nan,40.0,732.0,12.52839970588684,0.006050164766906008,,,,,,,,,,,,
82.0,200.0,6.788255712436511,0.5,nan,40.0,800.0,6.347781658172607,0.03838083236969325,,,,,,,,,,,,
83.0,200.0,30.09461314296351,0.75,nan,40.0,800.0,53.86627769470215,0.006264922026502973,,,,,,,,,,,,
84.0,200.0,23.831231346260754,0.5,nan,40.0,800.0,17.11015558242798,0.031100622467085615,,,,,,,,,,,,
85.0,200.0,34.21805787631311,0.75,nan,48.0,800.0,11.140079975128174,0.005264622037775071,,,,,,,,,,,,
86.0,187.0,31.225677545573564,1.0,nan,40.0,748.0,23.87712812423706,0.009643012980492527,,,,,,,,,,,,
87.0,71.0,0.14142186582088462,0.0,nan,16.0,284.0,0.5868653953075409,0.052337743501048806,,,,,,,,,,,,
88.0,154.0,6.127492547444997,0.25,nan,32.0,616.0,1.0219619870185852,0.07345641351930965,,,,,,,,,,,,
89.0,109.0,0.7581923341751096,0.0,nan,24.0,436.0,0.3553631380200386,0.14878004905463627,,,,,,,,,,,,
90.0,200.0,14.179046253120756,0.5,0.0,40.0,800.0,4.929763436317444,0.01136883787756382,1.0,0.0,0.0,0.5,0.0,-0.019344240427017212,3.410834789276123,6.404624851653352,4.0,1.0,67.0,0.019807382225990364
91.0,76.0,0.032636302113532856,0.0,nan,16.0,304.0,0.6389533579349518,0.047398638465399046,,,,,,,,,,,,
92.0,198.0,1.2358482033759355,0.5,nan,40.0,792.0,1.13911834359169,0.014474100260212452,,,,,,,,,,,,
93.0,200.0,8.139076070161535,0.75,nan,40.0,800.0,9.616961240768433,0.09310541687561469,,,,,,,,,,,,
94.0,81.0,-0.16359390974044818,0.0,nan,20.0,324.0,0.4068738669157028,0.0796593177115561,,,,,,,,,,,,
95.0,80.0,0.06649330854415877,0.0,nan,16.0,320.0,0.27724889665842056,0.06609610124968679,,,,,,,,,,,,
96.0,71.0,-0.3327512463927269,0.0,nan,16.0,284.0,0.9526931941509247,0.06165120373838384,,,,,,,,,,,,
97.0,200.0,24.560295776207937,0.75,nan,48.0,800.0,14.605539560317993,0.032755596376688345,,,,,,,,,,,,
98.0,200.0,54.44671181637096,0.5,nan,48.0,800.0,18.644341945648193,0.005006760895627238,,,,,,,,,,,,
99.0,200.0,35.13372585831675,0.5,nan,40.0,800.0,15.866841554641724,0.057831106114491604,,,,,,,,,,,,
100.0,114.0,10.628897209653369,0.25,0.0,24.0,456.0,21.623923301696777,0.0879824510568703,1.0,0.0,0.25,0.0,0.25,4.354349136352539,2.976121425628662,13.823156069338438,10.0,1.0,200.0,6.490636635129337
101.0,200.0,32.73746869462193,0.5,nan,40.0,800.0,11.953712224960327,0.01812849641791381,,,,,,,,,,,,
102.0,200.0,13.537636889319401,0.75,nan,40.0,800.0,21.44724941253662,0.007447546708640118,,,,,,,,,,,,
103.0,200.0,10.739664861932393,0.5,nan,40.0,800.0,7.378884553909302,0.016193864878044195,,,,,,,,,,,,
104.0,200.0,70.11770062138098,0.75,nan,48.0,800.0,33.77109718322754,0.022633949036119816,,,,,,,,,,,,
105.0,188.0,53.31633649656317,1.0,nan,40.0,752.0,31.889851570129395,0.004031034125953514,,,,,,,,,,,,
106.0,145.0,8.419437300879503,0.5,nan,32.0,580.0,4.037918984889984,0.016789435775223183,,,,,,,,,,,,
107.0,66.0,0.27455679863691307,0.0,nan,16.0,264.0,0.5507865250110626,0.19851447005008716,,,,,,,,,,,,
108.0,200.0,6.823932744190092,0.5,nan,40.0,800.0,1.875671774148941,0.017782612108919515,,,,,,,,,,,,
109.0,200.0,23.716784869413825,0.5,nan,40.0,800.0,14.404270887374878,0.037534866132444056,,,,,,,,,,,,
110.0,50.0,0.22855216264724731,0.0,0.0,12.0,200.0,1.38859361410141,0.03710908346016367,1.0,0.0,0.5,0.0,0.5,4.447279453277588,2.98732328414917,12.95311766141458,10.0,1.0,200.0,23.31544810906052
111.0,180.0,3.2574717268347744,0.25,nan,36.0,720.0,3.314538359642029,0.014819991983784031,,,,,,,,,,,,
112.0,200.0,23.97308970671148,0.25,nan,40.0,800.0,9.434980154037476,0.02432046694747214,,,,,,,,,,,,
113.0,200.0,2.884439231455325,0.25,nan,40.0,800.0,2.749047100543976,0.014744759860152001,,,,,,,,,,,,
114.0,149.0,1.4518628782033913,0.25,nan,32.0,596.0,0.8671966940164566,0.04608182655294879,,,,,,,,,,,,
115.0,200.0,-0.060919864475727684,0.0,nan,40.0,800.0,1.5796290934085846,0.027429811908783464,,,,,,,,,,,,
116.0,200.0,55.17578761950138,0.75,nan,40.0,800.0,31.233574867248535,0.005659717823337518,,,,,,,,,,,,
117.0,31.0,-0.2051017379760742,0.0,nan,8.0,124.0,0.47191350907087326,0.21837501238828938,,,,,,,,,,,,
118.0,200.0,15.690783263649788,0.5,nan,40.0,800.0,41.229384422302246,0.019709243754391537,,,,,,,,,,,,
119.0,64.0,0.11685792118310925,0.0,nan,16.0,256.0,0.6247346550226212,0.10190939956871858,,,,,,,,,,,,
120.0,200.0,9.810532500781118,0.5,0.0,40.0,800.0,3.2837886214256287,0.05029745479527037,1.0,0.0,0.75,0.0,0.75,0.6814464330673218,3.0621724128723145,12.399202118132962,10.0,1.0,200.0,34.1593830076512
121.0,156.0,-0.59037080001086,0.25,nan,32.0,624.0,0.595262199640274,0.10157776479974245,,,,,,,,,,,,
122.0,130.0,1.7730380684137341,0.25,nan,28.0,520.0,1.142401784658432,0.09607073393405452,,,,,,,,,,,,
123.0,164.0,-1.2390704134106638,0.0,nan,36.0,656.0,0.5064106583595276,0.026180419666339105,,,,,,,,,,,,
124.0,200.0,0.14202026575803692,0.25,nan,40.0,800.0,1.1735406816005707,0.018690995770740404,,,,,,,,,,,,
125.0,200.0,3.4324849512428046,0.5,nan,40.0,800.0,1.60387122631073,0.01875488003314807,,,,,,,,,,,,
126.0,200.0,39.62696439293213,0.5,nan,44.0,800.0,15.313580513000488,0.02108906628983931,,,,,,,,,,,,
127.0,200.0,36.91113781554159,0.75,nan,44.0,800.0,14.034554719924927,0.016024349814278693,,,,,,,,,,,,
128.0,200.0,15.27186526991427,0.75,nan,40.0,800.0,11.440579891204834,0.0340421601335863,,,,,,,,,,,,
129.0,200.0,30.903795094788077,0.75,nan,40.0,800.0,16.506725311279297,0.02570838185133132,,,,,,,,,,,,
130.0,79.0,0.4518668091297149,0.0,0.0,16.0,316.0,0.5562697798013687,0.10851289990165913,1.0,0.0,0.5,0.5,0.5,-0.00029975175857543945,3.0276436805725098,9.637104388832086,6.0,1.0,112.0,4.365419478826224
131.0,99.0,1.1349214947223663,0.25,nan,24.0,396.0,0.7544158399105072,0.06775956759509416,,,,,,,,,,,,
132.0,200.0,0.9562964152544735,0.25,nan,40.0,800.0,2.027628004550934,0.03308265181623904,,,,,,,,,,,,
133.0,66.0,0.49285896956920605,0.0,nan,16.0,264.0,0.26717492938041687,0.2742609999207275,,,,,,,,,,,,
134.0,136.0,2.681263894736765,0.25,nan,28.0,544.0,1.5948483347892761,0.09969479274196047,,,,,,,,,,,,
135.0,46.0,-0.10602272510528563,0.0,nan,12.0,184.0,0.7884092330932617,0.04349186567222936,,,,,,,,,,,,
136.0,58.0,-0.018351428508758566,0.0,nan,12.0,232.0,1.0420856326818466,0.16863826132780432,,,,,,,,,,,,
137.0,88.0,1.3024550874531267,0.25,nan,20.0,352.0,0.8286017179489136,0.09034162536856627,,,,,,,,,,,,
138.0,152.0,0.22722688198089597,0.0,nan,32.0,608.0,0.49647027254104614,0.035130680283007365,,,,,,,,,,,,
139.0,34.0,-0.198837702870369,0.0,nan,8.0,136.0,1.0945653319358826,0.03970870415586807,,,,,,,,,,,,
140.0,93.0,0.2943459999561308,0.0,0.0,20.0,372.0,0.7113836109638214,0.0986532815320893,1.0,0.0,0.75,0.0,0.75,1.261110544204712,3.0352015495300293,12.723351610702593,10.0,1.0,200.0,39.890459790005124
141.0,161.0,-0.11693514943122876,0.0,nan,36.0,644.0,0.5910987854003906,0.05478364007925762,,,,,,,,,,,,
142.0,200.0,31.87321206359193,0.75,nan,44.0,800.0,6.707857012748718,0.017468118752304918,,,,,,,,,,,,
143.0,200.0,18.192818980210003,0.5,nan,40.0,800.0,18.897323608398438,0.034967848853892036,,,,,,,,,,,,
144.0,200.0,18.252759107854224,0.5,nan,40.0,800.0,6.772611021995544,0.019466630796787232,,,,,,,,,,,,
145.0,200.0,56.24622861327373,0.75,nan,40.0,800.0,52.14790725708008,0.03580047219987925,,,,,,,,,,,,
146.0,200.0,22.250926249334594,0.5,nan,40.0,800.0,12.397890329360962,0.018228623616712625,,,,,,,,,,,,
147.0,200.0,53.443373268388704,0.75,nan,44.0,800.0,13.990115880966187,0.003347312471531416,,,,,,,,,,,,
148.0,200.0,21.25050095480401,1.0,nan,40.0,800.0,12.690015316009521,0.01603009814094311,,,,,,,,,,,,
149.0,200.0,31.95626545539126,0.75,nan,40.0,800.0,13.756714820861816,0.005186340053258992,,,,,,,,,,,,
150.0,200.0,30.71496182030533,0.75,0.0,44.0,800.0,13.982234477996826,0.00478761539010264,1.0,0.0,0.75,0.0,0.75,0.4007064998149872,3.0501861572265625,12.088022095325869,10.0,1.0,200.0,26.32441075127572
151.0,155.0,2.6363096168264746,0.5,nan,32.0,620.0,2.8723791241645813,0.02978584870698775,,,,,,,,,,,,
152.0,200.0,38.407267398166006,0.75,nan,40.0,800.0,19.651976108551025,0.0055800745079327,,,,,,,,,,,,
153.0,200.0,67.90617536473441,0.75,nan,44.0,800.0,42.19961643218994,0.04876030545277388,,,,,,,,,,,,
154.0,200.0,26.12381655159408,0.25,nan,40.0,800.0,7.124579191207886,0.15056588725409537,,,,,,,,,,,,
155.0,153.0,13.994982303939764,0.75,nan,32.0,612.0,26.43157720565796,0.028822028982013137,,,,,,,,,,,,
156.0,73.0,0.5626630437374113,0.0,nan,16.0,292.0,1.024695336818695,0.05104871941309175,,,,,,,,,,,,
157.0,200.0,17.542276199627665,0.75,nan,40.0,800.0,25.50407886505127,0.006753718167220257,,,,,,,,,,,,
158.0,200.0,26.1771303229034,0.25,nan,40.0,800.0,5.357635021209717,0.05702070319088737,,,,,,,,,,,,
159.0,81.0,0.1612069928646084,0.0,nan,20.0,324.0,0.8836427927017212,0.06160925406392881,,,,,,,,,,,,
160.0,200.0,25.27960749939085,0.5,0.0,40.0,800.0,31.971086978912354,0.08327581717533761,1.0,0.0,0.75,0.0,0.75,0.3207584619522095,3.303652763366699,12.979436550605897,10.0,1.0,200.0,33.40896359859035
161.0,190.0,55.068956468906265,1.0,nan,44.0,760.0,29.045863151550293,0.023709126816021886,,,,,,,,,,,,
162.0,199.0,29.543346508455,1.0,nan,40.0,796.0,22.193416118621826,0.01669258233056148,,,,,,,,,,,,
163.0,101.0,3.5211129502952097,0.25,nan,24.0,404.0,2.601619601249695,0.054826616835192965,,,,,,,,,,,,
164.0,200.0,59.45404929753861,0.75,nan,44.0,800.0,21.751845836639404,0.035490309298635336,,,,,,,,,,,,
165.0,178.0,23.79022539016325,1.0,nan,36.0,712.0,37.91360664367676,0.035503920733026106,,,,,,,,,,,,
166.0,200.0,30.122256224446772,0.5,nan,40.0,800.0,11.477592945098877,0.013395791322615258,,,,,,,,,,,,
167.0,200.0,29.005133197433317,0.75,nan,44.0,800.0,21.354597568511963,0.005413567108155215,,,,,,,,,,,,
168.0,189.0,38.79227516559418,1.0,nan,40.0,756.0,15.389888763427734,0.02727316825377013,,,,,,,,,,,,
169.0,185.0,48.61949109772107,1.0,nan,40.0,740.0,22.44139337539673,0.02299340862066135,,,,,,,,,,,,
170.0,200.0,23.030023872759198,0.5,0.0,44.0,800.0,9.827715873718262,0.08510812848768978,1.0,0.0,0.75,0.0,0.75,0.1329394280910492,3.1702871322631836,12.028407146368409,10.0,1.0,200.0,51.88000619437079
171.0,200.0,25.477247679338326,0.75,nan,44.0,800.0,3.404944896697998,0.010140738335692984,,,,,,,,,,,,
172.0,153.0,12.199164045490322,0.5,nan,32.0,612.0,2.225511372089386,0.04577010618497468,,,,,,,,,,,,
173.0,159.0,19.519918788148203,1.0,nan,32.0,636.0,9.640231132507324,0.0035562860334903412,,,,,,,,,,,,
174.0,150.0,12.647074277736827,1.0,nan,32.0,600.0,3.7810845971107483,0.027799363086536744,,,,,,,,,,,,
175.0,200.0,3.659805983584373,0.25,nan,40.0,800.0,4.141037106513977,0.02429857301294369,,,,,,,,,,,,
176.0,200.0,29.795579718006778,0.5,nan,40.0,800.0,16.53840923309326,0.011422348576099806,,,,,,,,,,,,
177.0,199.0,18.641474354118106,1.0,nan,40.0,796.0,17.965080738067627,0.004051647680965331,,,,,,,,,,,,
178.0,185.0,40.35424351262628,1.0,nan,40.0,740.0,14.355966567993164,0.041374713345902925,,,,,,,,,,,,
179.0,81.0,0.31940517663955675,0.0,nan,20.0,324.0,2.356949508190155,0.11479221019660102,,,,,,,,,,,,
180.0,200.0,32.349097167328026,0.5,0.0,40.0,800.0,11.086992502212524,0.02365415607919985,1.0,0.0,0.0,0.5,0.0,-0.09697156399488449,3.684999942779541,7.5789139536209404,4.0,1.0,65.0,0.2810068652033805
181.0,200.0,74.95160571421732,0.75,nan,40.0,800.0,28.80186367034912,0.028177705054635904,,,,,,,,,,,,
182.0,200.0,17.60544547270983,0.75,nan,40.0,800.0,9.816312551498413,0.05265505000396997,,,,,,,,,,,,
183.0,130.0,26.379654183465757,1.0,nan,28.0,520.0,10.632972955703735,0.004149771420485671,,,,,,,,,,,,
184.0,155.0,30.385432470508395,1.0,nan,32.0,620.0,21.788999557495117,0.006292415011293073,,,,,,,,,,,,
185.0,195.0,59.813598657177536,1.0,nan,44.0,780.0,16.77938985824585,0.01711930118272087,,,,,,,,,,,,
186.0,142.0,34.11622337633279,1.0,nan,32.0,568.0,29.198980808258057,0.010141371547202738,,,,,,,,,,,,
187.0,200.0,29.336317078582955,0.75,nan,40.0,800.0,13.55092191696167,0.024128427693028698,,,,,,,,,,,,
188.0,200.0,10.197134935483335,0.75,nan,40.0,800.0,1.829466313123703,0.045401244212180725,,,,,,,,,,,,
189.0,200.0,33.30197443631479,0.75,nan,40.0,800.0,13.25361704826355,0.012917031305538118,,,,,,,,,,,,
190.0,200.0,31.64340696586298,0.75,0.0,40.0,800.0,5.898950815200806,0.013077055180720665,1.0,0.0,0.75,0.0,0.75,0.1992802619934082,3.3815479278564453,12.286254839083995,10.0,1.0,200.0,36.35665669618175
191.0,52.0,1.3732973489165305,0.25,nan,12.0,208.0,2.3113298416137695,0.26643028411000647,,,,,,,,,,,,
192.0,200.0,30.788595621194702,0.75,nan,40.0,800.0,8.246432065963745,0.009163770296384932,,,,,,,,,,,,
193.0,159.0,40.427229731456606,1.0,nan,32.0,636.0,32.2342643737793,0.013878282156234656,,,,,,,,,,,,
194.0,200.0,17.740168886072944,0.5,nan,40.0,800.0,69.50275993347168,0.008504004690079281,,,,,,,,,,,,
195.0,200.0,47.00292386945806,0.75,nan,48.0,800.0,5.320834755897522,0.040999739767001664,,,,,,,,,,,,
196.0,150.0,37.629026848228015,1.0,nan,32.0,600.0,28.38335418701172,0.05592112973291874,,,,,,,,,,,,
197.0,112.0,16.57724741247483,0.75,nan,24.0,448.0,5.7977025508880615,0.026971264693249175,,,,,,,,,,,,
198.0,200.0,24.76567088582087,0.75,nan,44.0,800.0,7.617198705673218,0.03595314205493061,,,,,,,,,,,,
199.0,122.0,18.101605823328722,0.5,nan,28.0,488.0,13.75550627708435,0.018361909988746206,,,,,,,,,,,,
200.0,51.0,0.8716112756729126,0.0,0.0,12.0,204.0,4.8390278816223145,0.07431855920210592,1.0,0.0,0.75,0.0,0.75,1.0029575824737549,3.050117015838623,12.361157967083273,10.0,1.0,200.0,33.838665353273974
201.0,200.0,29.63116303527496,0.75,nan,40.0,800.0,14.73142957687378,0.03179967382289206,,,,,,,,,,,,
202.0,200.0,25.54900867161342,0.5,nan,44.0,800.0,7.885984182357788,0.08939998870296506,,,,,,,,,,,,
203.0,162.0,40.02643680243753,1.0,nan,36.0,648.0,6.630116701126099,0.006405890246637291,,,,,,,,,,,,
204.0,131.0,9.225133148403838,1.0,nan,28.0,524.0,2.1671075224876404,0.014288854184240307,,,,,,,,,,,,
205.0,200.0,38.948694777255895,0.75,nan,44.0,800.0,7.222265124320984,0.0282690571879467,,,,,,,,,,,,
206.0,200.0,46.97878419483313,0.75,nan,44.0,800.0,9.565319776535034,0.007630843918864594,,,,,,,,,,,,
207.0,193.0,26.556888503190127,1.0,nan,44.0,772.0,5.671520948410034,0.004880630964500199,,,,,,,,,,,,
208.0,200.0,17.649785203207284,0.75,nan,40.0,800.0,7.228396892547607,0.015917118126463237,,,,,,,,,,,,
209.0,115.0,2.2800715576857327,0.5,nan,24.0,460.0,2.37162983417511,0.031652134616715344,,,,,,,,,,,,
210.0,200.0,12.699662302713843,0.75,0.0,40.0,800.0,3.846718192100525,0.0180747287379186,1.0,0.0,0.75,0.0,0.75,0.6492865085601807,3.150632858276367,12.075837300595595,10.0,1.0,200.0,40.101678001927226
211.0,200.0,26.20598469444085,0.75,nan,40.0,800.0,11.774799585342407,0.004016052802368997,,,,,,,,,,,,
212.0,200.0,27.526629039569535,0.5,nan,40.0,800.0,37.9293327331543,0.001352684052739278,,,,,,,,,,,,
213.0,200.0,21.940921123977763,0.75,nan,40.0,800.0,6.827466249465942,0.020780791998547876,,,,,,,,,,,,
214.0,90.0,8.62269595619291,0.5,nan,20.0,360.0,2.5652323961257935,0.032823116294061094,,,,,,,,,,,,
215.0,194.0,33.96428191965912,1.0,nan,40.0,776.0,18.545801162719727,0.0071045984503053106,,,,,,,,,,,,
216.0,200.0,29.81254044314847,0.5,nan,40.0,800.0,9.962908029556274,0.02859181337066538,,,,,,,,,,,,
217.0,170.0,31.422938158689075,1.0,nan,36.0,680.0,6.984864711761475,0.013598093726193028,,,,,,,,,,,,
218.0,200.0,28.83195934542455,0.75,nan,40.0,800.0,4.166875958442688,0.01590336982368945,,,,,,,,,,,,
219.0,200.0,22.69113266100176,0.75,nan,40.0,800.0,3.7718276381492615,0.020374926734243015,,,,,,,,,,,,
220.0,200.0,13.159186414442958,0.5,0.0,40.0,800.0,10.281214952468872,0.0815631894103108,1.0,0.0,0.75,0.0,0.75,1.8368057012557983,3.0409884452819824,11.816645400820562,10.0,1.0,200.0,23.839484831760643
221.0,54.0,-0.5014001154899597,0.0,nan,12.0,216.0,8.798451900482178,0.024603637164385413,,,,,,,,,,,,
222.0,200.0,2.9619715742766846,0.25,nan,40.0,800.0,5.70553731918335,0.025828640946289116,,,,,,,,,,,,
223.0,200.0,44.58488780040062,0.75,nan,44.0,800.0,12.050929546356201,0.008846050423801266,,,,,,,,,,,,
224.0,200.0,19.132415149360902,0.75,nan,40.0,800.0,58.26379871368408,0.09677506811873471,,,,,,,,,,,,
225.0,200.0,18.577098535979175,0.5,nan,40.0,800.0,45.4066858291626,0.022235629875240817,,,,,,,,,,,,
226.0,87.0,3.258280246257782,0.25,nan,20.0,348.0,3.3399110436439514,0.034371559427127794,,,,,,,,,,,,
227.0,190.0,32.260206921608194,1.0,nan,40.0,760.0,7.947402119636536,0.001917686167724475,,,,,,,,,,,,
228.0,136.0,10.56492260278668,1.0,nan,28.0,544.0,3.5714601278305054,0.01300955347057331,,,,,,,,,,,,
229.0,128.0,17.254938501589933,1.0,nan,28.0,512.0,2.5079421401023865,0.044962467266330464,,,,,,,,,,,,
230.0,200.0,6.494426270760595,0.5,0.0,40.0,800.0,2.058962345123291,0.02538949020813981,1.0,0.0,0.75,0.0,0.75,0.3331107497215271,3.0671048164367676,11.449012879575093,10.0,1.0,200.0,49.79371062470601
231.0,122.0,22.50382492204779,1.0,nan,28.0,488.0,6.3706440925598145,0.015717140561488208,,,,,,,,,,,,
232.0,200.0,51.75875125250317,0.75,nan,40.0,800.0,24.299750804901123,0.013597167864087933,,,,,,,,,,,,
233.0,200.0,14.517153772246095,0.75,nan,40.0,800.0,1.8271698951721191,0.054065839779943836,,,,,,,,,,,,
234.0,178.0,18.452679028343404,1.0,nan,40.0,712.0,9.720330715179443,0.017397336366511196,,,,,,,,,,,,
235.0,200.0,61.47181509888034,0.75,nan,40.0,800.0,17.543935775756836,0.010047291630272737,,,,,,,,,,,,
236.0,162.0,37.21544502878795,1.0,nan,36.0,648.0,10.583232164382935,0.017454485404897246,,,,,,,,,,,,
237.0,200.0,48.75682950597258,1.0,nan,44.0,800.0,27.978734493255615,0.021931361637500313,,,,,,,,,,,,
238.0,156.0,10.168290015854872,0.25,nan,32.0,624.0,6.676820278167725,0.020199196152029586,,,,,,,,,,,,
239.0,57.0,0.3329921889305114,0.0,nan,12.0,228.0,4.323130965232849,0.042955147915782824,,,,,,,,,,,,
240.0,115.0,1.2767416452290488,0.25,0.0,24.0,460.0,2.376964509487152,0.023079720800638803,1.0,0.0,0.75,0.0,0.75,0.528522253036499,3.0903468132019043,11.324661528269644,10.0,1.0,200.0,36.57305756066927
241.0,200.0,32.362226549163466,0.75,nan,40.0,800.0,10.230098962783813,0.01203061126662408,,,,,,,,,,,,
242.0,28.0,-0.43697903633117674,0.0,nan,8.0,112.0,2.934311270713806,0.004423977132289687,,,,,,,,,,,,
243.0,131.0,17.418757205512374,0.75,nan,28.0,524.0,15.352384090423584,0.03157079884163483,,,,,,,,,,,,
244.0,31.0,-0.10079110920429227,0.0,nan,8.0,124.0,3.245089828968048,0.022943820380399254,,,,,,,,,,,,
245.0,200.0,16.1535704145208,0.75,nan,40.0,800.0,3.9251153469085693,0.01699531595013659,,,,,,,,,,,,
246.0,200.0,37.151579846907424,0.75,nan,44.0,800.0,4.866741299629211,0.006750505203331869,,,,,,,,,,,,
247.0,63.0,0.3874420334398747,0.25,nan,16.0,252.0,4.050599694252014,0.02660733338958564,,,,,,,,,,,,
248.0,200.0,44.54146586947609,0.75,nan,44.0,800.0,7.285674333572388,0.00971372401449333,,,,,,,,,,,,
249.0,200.0,15.693526640348137,0.75,nan,40.0,800.0,4.1263768672943115,0.01950362710326292,,,,,,,,,,,,
250.0,128.0,5.932349891755729,0.25,0.0,28.0,512.0,5.577996015548706,0.01131475585995878,1.0,0.0,0.75,0.0,0.75,0.6812351942062378,2.7431304454803467,11.781632772414014,10.0,1.0,200.0,35.66271742162646
251.0,200.0,17.775551776960494,0.5,nan,40.0,800.0,10.830203294754028,0.02503534266722851,,,,,,,,,,,,
252.0,200.0,44.886207890114775,0.75,nan,40.0,800.0,14.289907693862915,0.014798585929869927,,,,,,,,,,,,
253.0,200.0,26.242571939504707,0.5,nan,40.0,800.0,44.674498558044434,0.019519528250851348,,,,,,,,,,,,
254.0,175.0,24.873212419881018,1.0,nan,36.0,700.0,3.6427160501480103,0.016165699396109012,,,,,,,,,,,,
255.0,96.0,-0.4629808521270752,0.0,nan,20.0,384.0,6.700512051582336,0.009504846975135761,,,,,,,,,,,,
256.0,200.0,7.567431851569562,0.5,nan,40.0,800.0,17.811784267425537,0.027210043380303084,,,,,,,,,,,,
257.0,83.0,6.130815681819804,0.5,nan,20.0,332.0,4.814475774765015,0.02483283092070998,,,,,,,,,,,,
258.0,200.0,39.35929593250623,0.75,nan,44.0,800.0,8.175599098205566,0.02088814377661219,,,,,,,,,,,,
259.0,184.0,1.204958550762386,0.25,nan,40.0,736.0,6.487485885620117,0.024939164306888723,,,,,,,,,,,,
260.0,151.0,33.22460015901365,1.0,0.0,32.0,604.0,24.049399852752686,0.01603677572355533,1.0,0.0,0.75,0.0,0.75,0.36289986968040466,3.075552463531494,11.436179216513665,10.0,1.0,200.0,27.63689469774255
261.0,61.0,1.480483548864722,0.25,nan,16.0,244.0,2.6045998334884644,0.04519626201263478,,,,,,,,,,,,
262.0,46.0,0.16102071642875673,0.0,nan,12.0,184.0,5.5903624296188354,0.056154738588465196,,,,,,,,,,,,
263.0,200.0,34.55926596410864,0.75,nan,40.0,800.0,41.4141731262207,0.008967952313225336,,,,,,,,,,,,
264.0,200.0,17.481780974112926,0.25,nan,40.0,800.0,4.640616297721863,0.07835642138888321,,,,,,,,,,,,
265.0,200.0,28.622905356809504,0.75,nan,44.0,800.0,6.827132225036621,0.00042746255685328135,,,,,,,,,,,,
266.0,56.0,0.34229123383760457,0.0,nan,12.0,224.0,3.703653335571289,0.03028527691615222,,,,,,,,,,,,
267.0,18.0,-0.2789148616790772,0.0,nan,4.0,72.0,2.0542652904987335,0.030303722553071566,,,,,,,,,,,,
268.0,90.0,10.095195943873838,0.5,nan,20.0,360.0,8.302810192108154,0.08247804202673592,,,,,,,,,,,,
269.0,200.0,8.664880922157318,0.25,nan,44.0,800.0,4.464720726013184,0.0245608472210197,,,,,,,,,,,,
270.0,200.0,32.62968627538067,0.75,0.0,44.0,800.0,5.8974529504776,0.00936929315201862,1.0,0.0,0.75,0.0,0.75,2.288341522216797,2.9924798011779785,11.40090476014484,10.0,1.0,200.0,32.0909606997855
271.0,200.0,35.85002954944504,0.75,nan,44.0,800.0,19.491873741149902,0.00746593626091574,,,,,,,,,,,,
272.0,107.0,2.4924347334727646,0.25,nan,24.0,428.0,4.8415549993515015,0.05289658687078358,,,,,,,,,,,,
273.0,200.0,25.942190721770764,0.25,nan,40.0,800.0,16.042253971099854,0.02531349281151707,,,,,,,,,,,,
274.0,80.0,0.12012561261653881,0.0,nan,16.0,320.0,9.211127996444702,0.03663295655665011,,,,,,,,,,,,
275.0,77.0,-0.16778694212436673,0.0,nan,20.0,308.0,3.6684853434562683,0.040938234202954504,,,,,,,,,,,,
276.0,172.0,14.132653544768687,1.0,nan,36.0,688.0,5.581340432167053,0.007769719652169771,,,,,,,,,,,,
277.0,200.0,47.19041377827525,0.5,nan,44.0,800.0,10.070228099822998,0.006944154226100174,,,,,,,,,,,,
278.0,187.0,21.9480592921097,1.0,nan,40.0,748.0,4.5154513120651245,0.015947968324174333,,,,,,,,,,,,
279.0,86.0,6.609827588275074,0.5,nan,20.0,344.0,1.3822981119155884,0.03264167348301328,,,,,,,,,,,,
280.0,100.0,0.40627225441858156,0.25,0.0,20.0,400.0,1.670740693807602,0.030247341594183297,1.0,0.0,0.5,0.0,0.5,3.8072454929351807,2.9482827186584473,11.073157877708582,10.0,1.0,200.0,28.30824925375639
281.0,65.0,0.0420527890324592,0.25,nan,16.0,260.0,5.537830829620361,0.06686152995682249,,,,,,,,,,,,
282.0,174.0,27.59265008674936,0.5,nan,36.0,696.0,10.37891435623169,0.08820662194837524,,,,,,,,,,,,
283.0,200.0,23.696011506801007,0.75,nan,44.0,800.0,2.9246537685394287,0.02134459198777272,,,,,,,,,,,,
284.0,65.0,-0.19637929201126106,0.0,nan,16.0,260.0,4.288695693016052,0.06812613254754396,,,,,,,,,,,,
285.0,200.0,30.221278129285206,0.75,nan,44.0,800.0,8.893329858779907,0.015980728178823345,,,,,,,,,,,,
286.0,133.0,-0.2977213624119759,0.0,nan,28.0,532.0,2.772380769252777,0.023486179960402254,,,,,,,,,,,,
287.0,134.0,14.728690267903726,0.5,nan,28.0,536.0,15.870336532592773,0.0558208404429017,,,,,,,,,,,,
288.0,119.0,1.1038113766722382,0.25,nan,24.0,476.0,3.4837642312049866,0.03046034852757451,,,,,,,,,,,,
289.0,200.0,26.680076861125418,0.5,nan,40.0,800.0,16.243224620819092,0.0032474973316715724,,,,,,,,,,,,
290.0,107.0,-0.06084576368331923,0.0,0.0,24.0,428.0,1.3570935428142548,0.017624869806473598,1.0,0.0,0.5,0.0,0.5,1.8659385442733765,3.021739959716797,11.11776869761161,10.0,1.0,200.0,27.84353427798489
291.0,200.0,19.940612985496408,0.5,nan,40.0,800.0,9.122461318969727,0.040543288448747106,,,,,,,,,,,,
292.0,200.0,32.79563910639846,0.75,nan,44.0,800.0,13.986530303955078,0.019631064348273573,,,,,,,,,,,,
293.0,200.0,3.8424422499723727,0.25,nan,40.0,800.0,2.199510097503662,0.028427164261744478,,,,,,,,,,,,
294.0,200.0,5.464871216285971,0.5,nan,40.0,800.0,3.487278401851654,0.017435846204231442,,,,,,,,,,,,
295.0,200.0,13.4651173254475,0.75,nan,40.0,800.0,20.67161798477173,0.039683911892440804,,,,,,,,,,,,
296.0,75.0,1.2002773818559946,0.25,nan,16.0,300.0,2.2369081377983093,0.027308327209089267,,,,,,,,,,,,
297.0,200.0,39.63685234955922,0.75,nan,44.0,800.0,16.099116802215576,0.004589659092411658,,,,,,,,,,,,
298.0,200.0,40.077691398572654,0.75,nan,40.0,800.0,27.027457237243652,0.00036169257139792577,,,,,,,,,,,,
299.0,171.0,25.450390424542135,1.0,nan,36.0,684.0,5.735325336456299,0.010414927234958071,,,,,,,,,,,,
300.0,85.0,0.35584379434585595,0.25,0.0,20.0,340.0,1.3905973434448242,0.02336692339959101,1.0,0.0,0.75,0.0,0.75,1.2855089902877808,3.020698070526123,11.6009738425455,10.0,1.0,200.0,28.133291497523903
301.0,83.0,1.970719504198059,0.25,nan,20.0,332.0,1.7997984290122986,0.03125651894547077,,,,,,,,,,,,
302.0,184.0,37.64809333569952,1.0,nan,40.0,736.0,33.91107940673828,0.0024760711073827935,,,,,,,,,,,,
303.0,35.0,-0.3106749057769775,0.0,nan,8.0,140.0,2.131032884120941,0.049614236357950044,,,,,,,,,,,,
304.0,200.0,26.22358414513292,0.5,nan,40.0,800.0,51.3275203704834,0.026520992587162784,,,,,,,,,,,,
305.0,200.0,10.910848457773682,0.75,nan,44.0,800.0,3.147351861000061,0.03437756425213134,,,,,,,,,,,,
306.0,190.0,28.00536006736802,1.0,nan,40.0,760.0,4.093919396400452,0.0016600191234360517,,,,,,,,,,,,
307.0,200.0,54.910383880860195,0.75,nan,44.0,800.0,8.919473648071289,0.05988269140079368,,,,,,,,,,,,
308.0,200.0,1.175358253717421,0.25,nan,40.0,800.0,1.3536410927772522,0.02185622301574497,,,,,,,,,,,,
309.0,200.0,13.436401507013947,0.25,nan,44.0,800.0,2.7842140197753906,0.011425050199238562,,,,,,,,,,,,
310.0,199.0,-0.42136993050575294,0.0,0.0,40.0,796.0,1.3138073086738586,0.019056901334815857,1.0,0.0,0.5,0.0,0.5,0.9465402364730835,3.0437045097351074,11.006392831419362,10.0,1.0,200.0,35.56197579344735
311.0,200.0,56.52295486108634,0.75,nan,40.0,800.0,33.07541370391846,0.0019473130761018531,,,,,,,,,,,,
312.0,79.0,2.2717314961738877,0.25,nan,16.0,316.0,2.805813729763031,0.023865212833884097,,,,,,,,,,,,
313.0,200.0,52.206002599897346,0.75,nan,44.0,800.0,14.102078914642334,0.004814402550260111,,,,,,,,,,,,
314.0,200.0,16.36783754811622,0.75,nan,40.0,800.0,7.860278248786926,0.0048160185957830115,,,,,,,,,,,,
315.0,200.0,56.1684679462109,0.75,nan,52.0,800.0,4.782754898071289,0.013905716002823698,,,,,,,,,,,,
316.0,107.0,12.974719329546208,1.0,nan,24.0,428.0,3.073538661003113,0.024405443493712653,,,,,,,,,,,,
317.0,163.0,23.576282211735386,1.0,nan,36.0,652.0,19.126203536987305,0.018883503947633162,,,,,,,,,,,,
318.0,200.0,21.091739270649857,0.75,nan,44.0,800.0,3.3109627962112427,0.017702978497151634,,,,,,,,,,,,
319.0,200.0,15.23499926710501,0.75,nan,40.0,800.0,5.803512692451477,0.00994658560334749,,,,,,,,,,,,
320.0,200.0,28.28920494066552,0.5,0.0,40.0,800.0,72.0076675415039,0.006337852162955571,1.0,0.0,0.25,0.0,0.25,3.3794775009155273,2.784395217895508,9.8347759868102,10.0,1.0,200.0,24.101379292178915
321.0,200.0,5.804123527742922,0.25,nan,40.0,800.0,2.058366060256958,0.00018048575427620506,,,,,,,,,,,,
322.0,168.0,36.6215208527213,1.0,nan,36.0,672.0,29.252740383148193,0.015605388003351095,,,,,,,,,,,,
323.0,200.0,42.13398083387877,0.75,nan,40.0,800.0,9.078531742095947,0.009436651515323247,,,,,,,,,,,,
324.0,60.0,-0.126925778388977,0.0,nan,12.0,240.0,1.2840573489665985,0.01633263688692826,,,,,,,,,,,,
325.0,49.0,-0.060711207389831504,0.0,nan,12.0,196.0,0.8149692565202713,0.018179946134393343,,,,,,,,,,,,
326.0,200.0,8.977260112296792,0.5,nan,40.0,800.0,4.572847843170166,0.028134861357056895,,,,,,,,,,,,
327.0,176.0,36.30543461091351,1.0,nan,36.0,704.0,9.663381099700928,0.017467852938755968,,,,,,,,,,,,
328.0,59.0,0.014575753211975087,0.0,nan,12.0,236.0,3.0082300305366516,0.028202382290730955,,,,,,,,,,,,
329.0,200.0,42.82464433612769,1.0,nan,40.0,800.0,6.434567213058472,0.013764689112599537,,,,,,,,,,,,
330.0,200.0,11.43409921713174,0.25,0.0,40.0,800.0,3.2901192903518677,0.026285205523624566,1.0,0.0,0.75,0.0,0.75,2.002511501312256,1.786366581916809,11.810351001870004,10.0,1.0,200.0,31.91218222407625
331.0,200.0,23.91447497312329,0.75,nan,40.0,800.0,11.203431844711304,0.004490320235533807,,,,,,,,,,,,
332.0,174.0,14.656741442149501,0.5,nan,36.0,696.0,21.831621170043945,0.009770175063177788,,,,,,,,,,,,
333.0,200.0,27.273363627167427,0.25,nan,40.0,800.0,6.894054174423218,0.022201816615675662,,,,,,,,,,,,
334.0,200.0,8.570467863231896,0.5,nan,40.0,800.0,4.179238677024841,0.01880540945688458,,,,,,,,,,,,
335.0,98.0,5.655440720245242,0.25,nan,20.0,392.0,12.115175247192383,0.015303297819468265,,,,,,,,,,,,
336.0,200.0,25.61662399163471,0.5,nan,40.0,800.0,5.557402968406677,0.012728626147926678,,,,,,,,,,,,
337.0,200.0,29.345598422316833,1.0,nan,40.0,800.0,41.84688091278076,0.010940638372021638,,,,,,,,,,,,
338.0,200.0,33.46758225800004,0.5,nan,40.0,800.0,7.350744366645813,0.0065254002178509185,,,,,,,,,,,,
339.0,73.0,-0.18339913368225086,0.0,nan,16.0,292.0,0.8038668632507324,0.013484440046010349,,,,,,,,,,,,
340.0,200.0,10.03645612038672,0.75,0.0,40.0,800.0,3.0222641825675964,0.019891270046556997,1.0,0.0,0.5,0.0,0.5,3.2165613174438477,2.1615848541259766,10.735189670769614,10.0,1.0,200.0,36.0075024771504
341.0,200.0,46.77507320595904,0.5,nan,44.0,800.0,6.79781699180603,0.011865307568398042,,,,,,,,,,,,
342.0,200.0,24.844848919659853,1.0,nan,40.0,800.0,3.5777066946029663,0.009545155003509276,,,,,,,,,,,,
343.0,56.0,-0.4796651935577392,0.0,nan,12.0,224.0,1.3289454281330109,0.0025045833633688475,,,,,,,,,,,,
344.0,200.0,36.32783462523949,0.75,nan,44.0,800.0,25.885523319244385,0.00300038611550546,,,,,,,,,,,,
345.0,193.0,29.55076169493144,1.0,nan,44.0,772.0,7.301478624343872,0.007173610210955639,,,,,,,,,,,,
346.0,200.0,44.7785192649346,0.5,nan,40.0,800.0,20.06700849533081,0.01776840164534501,,,,,,,,,,,,
347.0,200.0,33.56880101270072,0.75,nan,44.0,800.0,9.225900888442993,0.007309231477352518,,,,,,,,,,,,
348.0,200.0,21.40558209326118,0.75,nan,40.0,800.0,10.422314882278442,0.00504934591371059,,,,,,,,,,,,
349.0,200.0,20.21042563077063,0.75,nan,40.0,800.0,13.149789094924927,0.01087000600097665,,,,,,,,,,,,
350.0,85.0,0.09204927980899803,0.0,0.0,20.0,340.0,3.412075161933899,0.0059002299795789526,1.0,0.0,0.5,0.0,0.5,2.5021650791168213,2.1049318313598633,11.950950499245664,10.0,1.0,200.0,25.192366616614166
351.0,52.0,-0.12801356285810467,0.0,nan,12.0,208.0,7.875272870063782,0.07215500251305876,,,,,,,,,,,,
352.0,200.0,19.232067060051495,0.5,nan,40.0,800.0,7.105185031890869,0.0200442326095073,,,,,,,,,,,,
353.0,200.0,44.13640287991149,0.75,nan,40.0,800.0,27.713448524475098,0.0017400272122260751,,,,,,,,,,,,
354.0,60.0,1.789729970693588,0.25,nan,12.0,240.0,6.137385964393616,0.042091306007827615,,,,,,,,,,,,
355.0,196.0,1.2431574785709383,0.25,nan,40.0,784.0,4.09556519985199,0.015912814654371665,,,,,,,,,,,,
356.0,200.0,18.915234820637853,0.5,nan,40.0,800.0,24.752429485321045,0.05034662886001229,,,,,,,,,,,,
357.0,120.0,0.14353731423616378,0.25,nan,24.0,480.0,3.8265445828437805,0.01832818635938427,,,,,,,,,,,,
358.0,200.0,22.57365555195138,0.5,nan,40.0,800.0,4.297059059143066,0.014807985546390956,,,,,,,,,,,,
359.0,200.0,29.60539587531239,0.5,nan,40.0,800.0,30.00706195831299,0.005521471546894752,,,,,,,,,,,,
360.0,200.0,8.323342950642111,0.25,0.0,40.0,800.0,4.255926609039307,0.010227023775965183,1.0,0.0,0.5,0.0,0.5,3.678372621536255,2.0092411041259766,11.702257430875761,10.0,1.0,200.0,28.394763879163662
361.0,200.0,32.23048251405709,0.5,nan,40.0,800.0,8.120144128799438,0.005346331949942051,,,,,,,,,,,,
362.0,200.0,9.798264608369204,0.25,nan,40.0,800.0,9.32954454421997,0.012284451375379701,,,,,,,,,,,,
363.0,200.0,12.635910303518175,0.75,nan,40.0,800.0,8.025559902191162,0.014252736465709237,,,,,,,,,,,,
364.0,200.0,23.869971400313077,1.0,nan,40.0,800.0,14.734246015548706,0.005866181539352366,,,,,,,,,,,,
365.0,95.0,-0.4305381760001184,0.0,nan,20.0,380.0,5.22543203830719,0.016291152160061717,,,,,,,,,,,,
366.0,200.0,13.660188491269947,0.25,nan,40.0,800.0,6.456551790237427,0.010761174911429805,,,,,,,,,,,,
367.0,169.0,34.22286472897045,1.0,nan,36.0,676.0,6.606378555297852,0.0021540548869962706,,,,,,,,,,,,
368.0,138.0,3.180130681842566,0.25,nan,28.0,552.0,1.4685754179954529,0.0035868274297463643,,,,,,,,,,,,
369.0,50.0,-0.3404093027114867,0.0,nan,12.0,200.0,2.51667058467865,0.016008186979297533,,,,,,,,,,,,
370.0,200.0,12.609652448666747,0.25,0.0,40.0,800.0,21.07423448562622,0.01211525189659729,1.0,0.0,0.25,0.0,0.25,1.2115267515182495,1.1761423349380493,8.465267375775284,10.0,1.0,200.0,20.04038273621701
371.0,200.0,67.8765127260937,0.75,nan,40.0,800.0,9.954692840576172,0.0008895585612558321,,,,,,,,,,,,
372.0,200.0,29.443017225340014,0.5,nan,40.0,800.0,9.803689956665039,0.005937867710148925,,,,,,,,,,,,
373.0,192.0,44.79133983131149,1.0,nan,44.0,768.0,11.027217149734497,0.001841513438520792,,,,,,,,,,,,
374.0,79.0,0.01095771849155433,0.0,nan,16.0,316.0,4.995041012763977,0.016696249696252163,,,,,,,,,,,,
375.0,200.0,0.29546681493520727,0.0,nan,40.0,800.0,1.949623167514801,0.012993525141911766,,,,,,,,,,,,
376.0,84.0,-0.13210484027862587,0.0,nan,20.0,336.0,3.866300046443939,0.020150567636679606,,,,,,,,,,,,
377.0,124.0,0.07102011799812331,0.0,nan,28.0,496.0,3.0072837471961975,0.011108120509398467,,,,,,,,,,,,
378.0,139.0,12.528525855289772,0.5,nan,28.0,556.0,5.616497159004211,0.011619665500372245,,,,,,,,,,,,
379.0,200.0,32.97253754104024,0.5,nan,40.0,800.0,13.177098035812378,0.011667351155318473,,,,,,,,,,,,
380.0,200.0,28.766284425486823,0.5,0.0,40.0,800.0,5.708139657974243,0.006336813259075577,1.0,0.0,0.25,0.0,0.25,0.9232654571533203,2.0463662147521973,8.813355593150163,10.0,1.0,200.0,21.519509346247663
381.0,200.0,35.39398214721589,0.5,nan,40.0,800.0,8.013696670532227,0.005043714062513138,,,,,,,,,,,,
382.0,200.0,17.711419497703893,0.75,nan,40.0,800.0,17.55162000656128,0.005824514596766486,,,,,,,,,,,,
383.0,200.0,11.762016232311721,0.25,nan,40.0,800.0,6.341713190078735,0.011401796077016302,,,,,,,,,,,,
384.0,81.0,3.977874341756105,0.25,nan,20.0,324.0,3.5098612904548645,0.031315064432430595,,,,,,,,,,,,
385.0,37.0,-0.15626487255096433,0.0,nan,8.0,148.0,0.8575424402952194,0.01368645695606574,,,,,,,,,,,,
386.0,90.0,15.766941195447,0.0,nan,20.0,360.0,5.885324001312256,0.0109530093591228,,,,,,,,,,,,
387.0,200.0,28.68776201009752,0.5,nan,40.0,800.0,9.388280153274536,0.0048494951879481385,,,,,,,,,,,,
388.0,200.0,30.055248265038244,0.5,nan,40.0,800.0,14.13950514793396,0.010080294663477818,,,,,,,,,,,,
389.0,142.0,16.69581008087378,1.0,nan,32.0,568.0,7.3166210651397705,0.006467158928578964,,,,,,,,,,,,
390.0,200.0,18.633034912659788,0.5,0.0,40.0,800.0,5.181447386741638,0.011458194304028307,1.0,0.0,0.25,0.0,0.25,0.9209120273590088,2.066784381866455,8.609372395081209,10.0,1.0,200.0,16.558441948681153
391.0,172.0,39.08758575901856,1.0,nan,36.0,688.0,4.06488573551178,0.012647407330209859,,,,,,,,,,,,
392.0,194.0,61.492837325613976,0.75,nan,48.0,776.0,14.010680913925171,0.008750408052866199,,,,,,,,,,,,
393.0,157.0,0.46140686713159046,0.25,nan,32.0,628.0,4.542023658752441,0.02147020879386119,,,,,,,,,,,,
394.0,200.0,34.18162192559103,0.5,nan,40.0,800.0,8.798552513122559,0.005658711756719115,,,,,,,,,,,,
395.0,200.0,45.457493150641696,0.75,nan,44.0,800.0,17.155802726745605,0.0061290470006594155,,,,,,,,,,,,
396.0,200.0,56.02706284238959,0.75,nan,40.0,800.0,10.59535813331604,0.003397212047362347,,,,,,,,,,,,
397.0,200.0,32.26795377606178,0.75,nan,40.0,800.0,5.537704706192017,0.003518259495746079,,,,,,,,,,,,
398.0,179.0,29.77197116104886,1.0,nan,36.0,716.0,13.863548517227173,0.017894132159023357,,,,,,,,,,,,
399.0,200.0,23.90209633056074,0.5,nan,40.0,800.0,9.334542036056519,0.0011099242324383862,,,,,,,,,,,,
400.0,200.0,45.380816611321656,0.75,0.0,44.0,800.0,14.448709726333618,0.004387501157018955,1.0,0.0,0.25,0.0,0.25,3.121093511581421,1.9264980554580688,9.511110770945379,10.0,1.0,200.0,23.22173864245414
401.0,200.0,23.78554735193029,0.5,nan,40.0,800.0,14.332151412963867,0.005658380958755569,,,,,,,,,,,,
402.0,40.0,-0.12481101751327511,0.0,nan,8.0,160.0,2.6892083287239075,0.057648539198066825,,,,,,,,,,,,
403.0,200.0,30.535364391701297,0.75,nan,40.0,800.0,7.760915160179138,0.003932317403275265,,,,,,,,,,,,
404.0,105.0,-0.020424659177660967,0.0,nan,24.0,420.0,5.509788751602173,0.01110138303883268,,,,,,,,,,,,
405.0,200.0,10.370100114028899,0.75,nan,40.0,800.0,2.966472625732422,0.0081782200012257,,,,,,,,,,,,
406.0,200.0,1.7965286405757066,0.25,nan,40.0,800.0,2.6497362852096558,0.0111634031239509,,,,,,,,,,,,
407.0,200.0,22.576284645544362,0.5,nan,40.0,800.0,34.64617156982422,0.004814465759920061,,,,,,,,,,,,
408.0,188.0,51.243976554768174,1.0,nan,40.0,752.0,15.412026405334473,0.001013404319101241,,,,,,,,,,,,
409.0,130.0,0.3115019917488098,0.0,nan,28.0,520.0,1.5811876952648163,0.01712970124551294,,,,,,,,,,,,
410.0,145.0,3.2890395731665194,0.25,0.0,32.0,580.0,2.65889573097229,0.013159024674433972,1.0,0.0,0.5,0.0,0.5,0.4127293527126312,2.7352294921875,11.731176281804437,10.0,1.0,200.0,19.60325357234106
411.0,37.0,-0.3032358747720718,0.0,nan,8.0,148.0,7.08061158657074,0.039365810211738086,,,,,,,,,,,,
412.0,56.0,0.14379501581192017,0.0,nan,12.0,224.0,2.3335724472999573,0.09300688820524121,,,,,,,,,,,,
413.0,50.0,0.3239379882812501,0.0,nan,12.0,200.0,1.0028553754091263,0.02821945025050411,,,,,,,,,,,,
414.0,152.0,10.533339286521077,1.0,nan,32.0,608.0,4.030021250247955,0.018737514833887303,,,,,,,,,,,,
415.0,200.0,8.166116556944326,0.5,nan,40.0,800.0,8.955597400665283,0.0017999866222089267,,,,,,,,,,,,
416.0,200.0,12.251965079829095,0.5,nan,40.0,800.0,25.321078300476074,0.011954718534326503,,,,,,,,,,,,
417.0,200.0,32.14123106608167,0.75,nan,40.0,800.0,14.570194244384766,0.00263829600939669,,,,,,,,,,,,
418.0,45.0,-0.20368192195892332,0.0,nan,12.0,180.0,3.0945573449134827,0.022493138651675,,,,,,,,,,,,
419.0,200.0,12.291796134784816,0.5,nan,40.0,800.0,5.777886390686035,0.010999881564902836,,,,,,,,,,,,
420.0,200.0,31.57322012837976,0.75,0.0,44.0,800.0,12.044670820236206,0.009131062329474027,1.0,0.0,0.25,0.0,0.25,2.1267309188842773,2.196265697479248,11.939522166176175,10.0,1.0,200.0,21.81132210026263
421.0,200.0,35.77965452651844,0.75,nan,40.0,800.0,29.421104907989502,0.0036714620387852115,,,,,,,,,,,,
422.0,200.0,46.957629443099734,0.75,nan,40.0,800.0,10.107826709747314,0.0040690001964889255,,,,,,,,,,,,
423.0,200.0,51.02179356327981,0.75,nan,40.0,800.0,9.176832914352417,0.00013000394146234218,,,,,,,,,,,,
424.0,51.0,-0.23943776920437812,0.0,nan,12.0,204.0,6.617295622825623,0.055519457995095695,,,,,,,,,,,,
425.0,200.0,31.91669285631506,0.5,nan,40.0,800.0,6.892821669578552,0.018025485904445082,,,,,,,,,,,,
426.0,191.0,52.27406855887736,1.0,nan,40.0,764.0,6.7195106744766235,0.001023471489222716,,,,,,,,,,,,
427.0,177.0,26.62370288779028,1.0,nan,36.0,708.0,15.936848402023315,0.006408906380876378,,,,,,,,,,,,
428.0,200.0,28.937018433865163,0.75,nan,40.0,800.0,12.646700143814087,0.001939064854118433,,,,,,,,,,,,
429.0,200.0,60.57964142521381,0.75,nan,44.0,800.0,10.294467449188232,0.00024064075683667002,,,,,,,,,,,,
430.0,190.0,32.665205762768174,1.0,0.0,40.0,760.0,29.850289821624756,0.004857999743369756,1.0,0.0,0.5,0.0,0.5,2.7728357315063477,2.0203537940979004,10.101877034727295,10.0,1.0,200.0,27.36502295236571
431.0,52.0,-0.024038283228874205,0.0,nan,12.0,208.0,5.143696308135986,0.2911795776120929,,,,,,,,,,,,
432.0,200.0,18.81005543190986,0.5,nan,40.0,800.0,4.300767183303833,0.02919200042130843,,,,,,,,,,,,
433.0,153.0,-0.40235304489731816,0.0,nan,32.0,612.0,2.512117624282837,0.0014710122931629321,,,,,,,,,,,,
434.0,200.0,5.680517436284571,0.5,nan,40.0,800.0,1.1460438966751099,0.003958844962895114,,,,,,,,,,,,
435.0,200.0,38.94854677519761,1.0,nan,44.0,800.0,5.636971354484558,0.008786049887849146,,,,,,,,,,,,
436.0,200.0,37.05542285339909,0.75,nan,40.0,800.0,9.719076871871948,0.0027397306756435924,,,,,,,,,,,,
437.0,200.0,18.312790474496435,0.5,nan,40.0,800.0,2.2816593050956726,0.004052210759455055,,,,,,,,,,,,
438.0,20.0,-0.3804695636034011,0.0,nan,4.0,80.0,3.027914345264435,0.1079466022020256,,,,,,,,,,,,
439.0,200.0,12.618271290138363,0.5,nan,40.0,800.0,7.975888729095459,0.0012178962781249358,,,,,,,,,,,,
440.0,200.0,29.310401476523836,0.75,0.0,40.0,800.0,31.65934705734253,0.013344733553280141,1.0,0.0,0.75,0.0,0.75,0.7514737844467163,1.962532877922058,11.846518487524008,10.0,1.0,200.0,26.44527500793339
441.0,200.0,43.40202735065252,0.5,nan,40.0,800.0,18.297269344329834,0.00612081219041706,,,,,,,,,,,,
442.0,200.0,38.410754136054315,0.75,nan,40.0,800.0,10.618059396743774,0.004523824384709801,,,,,,,,,,,,
443.0,93.0,0.5113157830014822,0.25,nan,20.0,372.0,2.2112174034118652,0.015275296709833741,,,,,,,,,,,,
444.0,104.0,1.8372482898086309,0.25,nan,24.0,416.0,4.354430317878723,0.022205988323022903,,,,,,,,,,,,
445.0,200.0,15.813127182843164,0.5,nan,40.0,800.0,10.24165940284729,0.011691777389892688,,,,,,,,,,,,
446.0,188.0,23.67877256840468,1.0,nan,40.0,752.0,15.46366810798645,0.002299668478544792,,,,,,,,,,,,
447.0,109.0,3.4437776921689505,0.25,nan,24.0,436.0,1.6196858286857605,0.004365425654115018,,,,,,,,,,,,
448.0,200.0,29.16556176524611,0.5,nan,40.0,800.0,7.393852114677429,0.00033194197239305723,,,,,,,,,,,,
449.0,200.0,19.939594426960685,0.5,nan,40.0,800.0,2.229400634765625,0.009670281843325523,,,,,,,,,,,,
450.0,116.0,0.058247622251510756,0.0,0.0,24.0,464.0,2.3697367906570435,0.006220227394516886,1.0,0.0,0.75,0.0,0.75,0.2259271740913391,2.0714221000671387,11.96090357813955,10.0,1.0,200.0,26.93723955899477
451.0,200.0,7.653374799806624,0.25,nan,40.0,800.0,3.9476972818374634,0.005114097817457974,,,,,,,,,,,,
452.0,200.0,38.98659205749864,0.75,nan,40.0,800.0,25.428467750549316,0.005535139905436637,,,,,,,,,,,,
453.0,200.0,19.384958542324604,0.25,nan,40.0,800.0,5.584607481956482,0.006960024346541971,,,,,,,,,,,,
454.0,200.0,56.802302795858154,0.75,nan,40.0,800.0,18.983434677124023,0.0035135144360088667,,,,,,,,,,,,
455.0,107.0,-0.0025306469807402643,0.0,nan,24.0,428.0,4.4368427991867065,0.015562603993201307,,,,,,,,,,,,
456.0,200.0,14.720496844686567,0.75,nan,40.0,800.0,7.4364930391311646,0.0033919633848347452,,,,,,,,,,,,
457.0,200.0,44.67913092638482,0.75,nan,40.0,800.0,20.40016269683838,0.005102123966152228,,,,,,,,,,,,
458.0,107.0,4.895799439605325,0.25,nan,24.0,428.0,4.829813838005066,0.001292349258255456,,,,,,,,,,,,
459.0,200.0,44.85163414203562,0.75,nan,40.0,800.0,10.669559955596924,0.003152248310627437,,,,,,,,,,,,
460.0,200.0,32.496453551435856,0.75,0.0,40.0,800.0,15.317018032073975,0.019524684690558125,1.0,0.0,0.75,0.0,0.75,0.5976434946060181,2.1019978523254395,12.167888618845609,10.0,1.0,200.0,29.198547343397518
461.0,200.0,34.776756296237004,1.0,nan,40.0,800.0,9.304710149765015,0.0013315739472985477,,,,,,,,,,,,
462.0,147.0,25.49757228397764,1.0,nan,32.0,588.0,5.533825993537903,0.007332536268774947,,,,,,,,,,,,
463.0,119.0,-0.10498481035232571,0.0,nan,24.0,476.0,1.8623804152011871,0.015235831104074365,,,,,,,,,,,,
464.0,188.0,37.95836606738624,1.0,nan,40.0,752.0,12.481255292892456,0.001895836273811291,,,,,,,,,,,,
465.0,200.0,61.010068510839496,0.5,nan,40.0,800.0,9.403176307678223,0.0023706285620641587,,,,,,,,,,,,
466.0,128.0,13.763498246814123,1.0,nan,28.0,512.0,3.434778392314911,0.003761616845632254,,,,,,,,,,,,
467.0,200.0,31.763136461330603,0.5,nan,44.0,800.0,8.064628839492798,0.03134501447016125,,,,,,,,,,,,
468.0,200.0,41.29741575652736,0.75,nan,44.0,800.0,7.313692927360535,0.0045978449551540915,,,,,,,,,,,,
469.0,200.0,35.2701751829125,0.5,nan,40.0,800.0,4.547361969947815,0.018851379896582365,,,,,,,,,,,,
470.0,200.0,44.10258363201284,0.75,0.0,40.0,800.0,8.836199522018433,0.0128921078761568,1.0,0.0,0.75,0.0,0.75,0.23059889674186707,2.441132068634033,11.807583854235418,10.0,1.0,200.0,30.89475303455257
471.0,83.0,0.19977494634687898,0.0,nan,20.0,332.0,2.3073750734329224,0.009266509750190083,,,,,,,,,,,,
472.0,200.0,14.075537245173471,0.75,nan,40.0,800.0,12.430797100067139,0.00886523980774756,,,,,,,,,,,,
473.0,200.0,34.108569985884245,0.75,nan,40.0,800.0,17.741024017333984,0.017794591743401256,,,,,,,,,,,,
474.0,129.0,0.0993504634499549,0.0,nan,28.0,516.0,3.186943471431732,0.018124813663901618,,,,,,,,,,,,
475.0,186.0,38.17874119522517,1.0,nan,40.0,744.0,8.598005771636963,0.007854605867078313,,,,,,,,,,,,
476.0,200.0,28.104393116710728,0.25,nan,40.0,800.0,3.184776544570923,0.011828096606429028,,,,,,,,,,,,
477.0,122.0,17.473319249106574,1.0,nan,28.0,488.0,12.285265445709229,0.01316674520351313,,,,,,,,,,,,
478.0,40.0,-0.2040888547897339,0.0,nan,8.0,160.0,1.0057550519704819,0.023730533144896083,,,,,,,,,,,,
479.0,62.0,1.902763748466968,0.25,nan,16.0,248.0,5.541316509246826,0.01555735957911631,,,,,,,,,,,,
480.0,62.0,0.026628272533416764,0.0,0.0,16.0,248.0,2.399267315864563,0.012356719535579626,1.0,0.0,0.5,0.0,0.5,1.0244790315628052,1.991700291633606,8.677183679634709,10.0,1.0,200.0,26.097271619190007
481.0,145.0,42.36253319418758,1.0,nan,32.0,580.0,12.908075094223022,0.016171982309312938,,,,,,,,,,,,
482.0,200.0,40.888815629028265,0.75,nan,44.0,800.0,8.160917043685913,0.01676116162353858,,,,,,,,,,,,
483.0,200.0,23.015964515088125,0.5,nan,40.0,800.0,9.226091146469116,0.0028742992342020435,,,,,,,,,,,,
484.0,101.0,2.4180925696715705,0.25,nan,24.0,404.0,3.2235790491104126,0.013800101238584439,,,,,,,,,,,,
485.0,200.0,28.958044254966087,0.25,nan,40.0,800.0,9.69600224494934,0.012468633987378755,,,,,,,,,,,,
486.0,165.0,32.373545972036666,1.0,nan,36.0,660.0,7.87742006778717,0.011173126139386924,,,,,,,,,,,,
487.0,186.0,66.54692688240672,1.0,nan,40.0,744.0,13.14921498298645,0.012610269312348876,,,,,,,,,,,,
488.0,105.0,6.03924791039899,0.75,nan,24.0,420.0,3.823153495788574,0.013511195853829427,,,,,,,,,,,,
489.0,99.0,-0.02105053901672349,0.0,nan,20.0,396.0,0.7362916022539139,0.0037224873202699182,,,,,,,,,,,,
490.0,200.0,59.747093863692164,0.75,0.0,40.0,800.0,101.98307800292969,0.004206815693861499,1.0,0.0,0.5,0.0,0.5,1.333829641342163,2.052922248840332,8.936687781402725,10.0,1.0,200.0,25.389363238075756
491.0,200.0,33.51015688597109,0.75,nan,40.0,800.0,6.512895941734314,0.001197577379410177,,,,,,,,,,,,
492.0,200.0,69.13546537719671,0.75,nan,44.0,800.0,10.936160326004028,0.001122158481277953,,,,,,,,,,,,
493.0,133.0,13.892057627909814,1.0,nan,28.0,532.0,11.005895853042603,0.0087505908679745,,,,,,,,,,,,
494.0,104.0,0.2138604021072389,0.0,nan,24.0,416.0,0.5613181442022324,0.016866835182912654,,,,,,,,,,,,
495.0,108.0,0.2712265622615814,0.0,nan,24.0,432.0,3.754889488220215,0.005028183251951424,,,,,,,,,,,,
496.0,200.0,28.830000955180726,0.75,nan,40.0,800.0,24.670125484466553,0.0009617424322883941,,,,,,,,,,,,
497.0,158.0,31.052996261504013,1.0,nan,32.0,632.0,5.147799372673035,0.003759961700472214,,,,,,,,,,,,
498.0,187.0,29.92896883203183,1.0,nan,40.0,748.0,5.455222487449646,0.006595393097555302,,,,,,,,,,,,
499.0,200.0,39.19572751636153,0.75,nan,40.0,800.0,13.288622379302979,0.00024085399881329517,,,,,,,,,,,,
500.0,200.0,13.712281417020133,0.25,0.0,40.0,800.0,19.02082061767578,0.005573285726955479,1.0,0.0,0.75,0.0,0.75,2.342003107070923,2.059208869934082,11.819479063029576,10.0,1.0,200.0,26.436754289967947
