iteration,n_rounds,skill_ids,skill_names,t_start,t_end
1,16,"[2, 0, 1, 1, 1, 2, 4, 1, 0, 1, 1, 0, 3, 3, 2, 2]","[""accelerate"", ""turn_left"", ""turn_right"", ""turn_right"", ""turn_right"", ""accelerate"", ""cruise"", ""turn_right"", ""turn_left"", ""turn_right"", ""turn_right"", ""turn_left"", ""decelerate"", ""decelerate"", ""accelerate"", ""accelerate""]","[0, 20, 28, 37, 43, 49, 69, 89, 104, 116, 136, 156, 169, 177, 178, 198]","[20, 28, 37, 43, 49, 69, 89, 104, 116, 136, 156, 169, 177, 178, 198, 200]"
2,13,"[2, 5, 5, 0, 2, 3, 2, 3, 5, 1, 2, 5, 4]","[""accelerate"", ""hover"", ""hover"", ""turn_left"", ""accelerate"", ""decelerate"", ""accelerate"", ""decelerate"", ""hover"", ""turn_right"", ""accelerate"", ""hover"", ""cruise""]","[0, 20, 40, 60, 67, 87, 88, 108, 111, 131, 146, 166, 186]","[20, 40, 60, 67, 87, 88, 108, 111, 131, 146, 166, 186, 200]"
3,15,"[2, 0, 4, 5, 3, 3, 0, 0, 2, 2, 4, 5, 1, 5, 5]","[""accelerate"", ""turn_left"", ""cruise"", ""hover"", ""decelerate"", ""decelerate"", ""turn_left"", ""turn_left"", ""accelerate"", ""accelerate"", ""cruise"", ""hover"", ""turn_right"", ""hover"", ""hover""]","[0, 20, 27, 47, 67, 68, 69, 89, 92, 112, 132, 152, 172, 177, 197]","[20, 27, 47, 67, 68, 69, 89, 92, 112, 132, 152, 172, 177, 197, 200]"
4,10,"[2, 2, 2, 2, 2, 2, 4, 5, 2, 2]","[""accelerate"", ""accelerate"", ""accelerate"", ""accelerate"", ""accelerate"", ""accelerate"", ""cruise"", ""hover"", ""accelerate"", ""accelerate""]","[0, 20, 40, 60, 80, 100, 120, 140, 160, 180]","[20, 40, 60, 80, 100, 120, 140, 160, 180, 200]"
5,10,"[2, 2, 2, 2, 2, 2, 2, 2, 5, 2]","[""accelerate"", ""accelerate"", ""accelerate"", ""accelerate"", ""accelerate"", ""accelerate"", ""accelerate"", ""accelerate"", ""hover"", ""accelerate""]","[0, 20, 40, 60, 80, 100, 120, 140, 160, 180]","[20, 40, 60, 80, 100, 120, 140, 160, 180, 200]"
6,8,"[5, 5, 3, 5, 3, 5, 3, 2]","[""hover"", ""hover"", ""decelerate"", ""hover"", ""decelerate"", ""hover"", ""decelerate"", ""accelerate""]","[0, 20, 40, 41, 61, 63, 83, 103]","[20, 40, 41, 61, 63, 83, 103, 106]"
7,10,"[4, 3, 0, 2, 4, 5, 4, 5, 5, 5]","[""cruise"", ""decelerate"", ""turn_left"", ""accelerate"", ""cruise"", ""hover"", ""cruise"", ""hover"", ""hover"", ""hover""]","[0, 20, 22, 25, 45, 65, 85, 105, 125, 145]","[20, 22, 25, 45, 65, 85, 105, 125, 145, 153]"
8,12,"[2, 2, 4, 5, 2, 2, 2, 1, 5, 1, 0, 0]","[""accelerate"", ""accelerate"", ""cruise"", ""hover"", ""accelerate"", ""accelerate"", ""accelerate"", ""turn_right"", ""hover"", ""turn_right"", ""turn_left"", ""turn_left""]","[0, 20, 40, 60, 80, 100, 120, 140, 160, 180, 190, 197]","[20, 40, 60, 80, 100, 120, 140, 160, 180, 190, 197, 200]"
9,11,"[2, 4, 4, 5, 4, 2, 5, 2, 2, 3, 4]","[""accelerate"", ""cruise"", ""cruise"", ""hover"", ""cruise"", ""accelerate"", ""hover"", ""accelerate"", ""accelerate"", ""decelerate"", ""cruise""]","[0, 20, 40, 60, 80, 100, 120, 140, 160, 180, 183]","[20, 40, 60, 80, 100, 120, 140, 160, 180, 183, 200]"
10,10,"[2, 2, 2, 2, 2, 2, 2, 2, 2, 1]","[""accelerate"", ""accelerate"", ""accelerate"", ""accelerate"", ""accelerate"", ""accelerate"", ""accelerate"", ""accelerate"", ""accelerate"", ""turn_right""]","[0, 20, 40, 60, 80, 100, 120, 140, 160, 180]","[20, 40, 60, 80, 100, 120, 140, 160, 180, 200]"
11,19,"[5, 3, 3, 5, 3, 3, 1, 1, 3, 3, 2, 5, 2, 2, 2, 2, 2, 3, 5]","[""hover"", ""decelerate"", ""decelerate"", ""hover"", ""decelerate"", ""decelerate"", ""turn_right"", ""turn_right"", ""decelerate"", ""decelerate"", ""accelerate"", ""hover"", ""accelerate"", ""accelerate"", ""accelerate"", ""accelerate"", ""accelerate"", ""decelerate"", ""hover""]","[0, 20, 21, 22, 42, 43, 44, 47, 51, 52, 53, 73, 93, 113, 133, 153, 173, 193, 195]","[20, 21, 22, 42, 43, 44, 47, 51, 52, 53, 73, 93, 113, 133, 153, 173, 193, 195, 200]"
12,10,"[2, 2, 5, 5, 2, 5, 2, 2, 4, 0]","[""accelerate"", ""accelerate"", ""hover"", ""hover"", ""accelerate"", ""hover"", ""accelerate"", ""accelerate"", ""cruise"", ""turn_left""]","[0, 20, 40, 60, 80, 100, 120, 140, 160, 180]","[20, 40, 60, 80, 100, 120, 140, 160, 180, 200]"
13,11,"[2, 2, 4, 5, 2, 2, 2, 4, 1, 2, 2]","[""accelerate"", ""accelerate"", ""cruise"", ""hover"", ""accelerate"", ""accelerate"", ""accelerate"", ""cruise"", ""turn_right"", ""accelerate"", ""accelerate""]","[0, 20, 40, 60, 80, 100, 120, 140, 160, 162, 182]","[20, 40, 60, 80, 100, 120, 140, 160, 162, 182, 200]"
14,10,"[2, 2, 2, 2, 2, 2, 2, 5, 2, 2]","[""accelerate"", ""accelerate"", ""accelerate"", ""accelerate"", ""accelerate"", ""accelerate"", ""accelerate"", ""hover"", ""accelerate"", ""accelerate""]","[0, 20, 40, 60, 80, 100, 120, 140, 160, 180]","[20, 40, 60, 80, 100, 120, 140, 160, 180, 200]"
15,10,"[2, 2, 2, 2, 5, 5, 2, 2, 2, 5]","[""accelerate"", ""accelerate"", ""accelerate"", ""accelerate"", ""hover"", ""hover"", ""accelerate"", ""accelerate"", ""accelerate"", ""hover""]","[0, 20, 40, 60, 80, 100, 120, 140, 160, 180]","[20, 40, 60, 80, 100, 120, 140, 160, 180, 200]"
16,3,"[2, 4, 5]","[""accelerate"", ""cruise"", ""hover""]","[0, 20, 40]","[20, 40, 57]"
17,17,"[2, 2, 2, 4, 0, 4, 0, 3, 4, 1, 1, 3, 3, 5, 2, 2, 2]","[""accelerate"", ""accelerate"", ""accelerate"", ""cruise"", ""turn_left"", ""cruise"", ""turn_left"", ""decelerate"", ""cruise"", ""turn_right"", ""turn_right"", ""decelerate"", ""decelerate"", ""hover"", ""accelerate"", ""accelerate"", ""accelerate""]","[0, 20, 40, 60, 80, 84, 104, 108, 109, 129, 132, 134, 135, 136, 156, 176, 196]","[20, 40, 60, 80, 84, 104, 108, 109, 129, 132, 134, 135, 136, 156, 176, 196, 200]"
18,12,"[2, 5, 2, 2, 2, 2, 4, 1, 3, 2, 5, 4]","[""accelerate"", ""hover"", ""accelerate"", ""accelerate"", ""accelerate"", ""accelerate"", ""cruise"", ""turn_right"", ""decelerate"", ""accelerate"", ""hover"", ""cruise""]","[0, 20, 40, 60, 80, 100, 120, 140, 143, 144, 164, 184]","[20, 40, 60, 80, 100, 120, 140, 143, 144, 164, 184, 200]"
19,10,"[2, 5, 2, 5, 5, 2, 2, 2, 5, 5]","[""accelerate"", ""hover"", ""accelerate"", ""hover"", ""hover"", ""accelerate"", ""accelerate"", ""accelerate"", ""hover"", ""hover""]","[0, 20, 40, 60, 80, 100, 120, 140, 160, 180]","[20, 40, 60, 80, 100, 120, 140, 160, 180, 200]"
20,11,"[2, 2, 2, 2, 2, 4, 3, 5, 2, 2, 2]","[""accelerate"", ""accelerate"", ""accelerate"", ""accelerate"", ""accelerate"", ""cruise"", ""decelerate"", ""hover"", ""accelerate"", ""accelerate"", ""accelerate""]","[0, 20, 40, 60, 80, 100, 120, 121, 141, 161, 181]","[20, 40, 60, 80, 100, 120, 121, 141, 161, 181, 200]"
21,10,"[2, 2, 2, 2, 2, 2, 2, 2, 2, 5]","[""accelerate"", ""accelerate"", ""accelerate"", ""accelerate"", ""accelerate"", ""accelerate"", ""accelerate"", ""accelerate"", ""accelerate"", ""hover""]","[0, 20, 40, 60, 80, 100, 120, 140, 160, 180]","[20, 40, 60, 80, 100, 120, 140, 160, 180, 200]"
22,10,"[2, 2, 5, 2, 2, 2, 2, 5, 2, 2]","[""accelerate"", ""accelerate"", ""hover"", ""accelerate"", ""accelerate"", ""accelerate"", ""accelerate"", ""hover"", ""accelerate"", ""accelerate""]","[0, 20, 40, 60, 80, 100, 120, 140, 160, 180]","[20, 40, 60, 80, 100, 120, 140, 160, 180, 200]"
23,2,"[5, 1]","[""hover"", ""turn_right""]","[0, 20]","[20, 21]"
24,11,"[4, 3, 2, 2, 5, 5, 5, 2, 2, 5, 2]","[""cruise"", ""decelerate"", ""accelerate"", ""accelerate"", ""hover"", ""hover"", ""hover"", ""accelerate"", ""accelerate"", ""hover"", ""accelerate""]","[0, 20, 21, 41, 61, 81, 101, 121, 141, 161, 181]","[20, 21, 41, 61, 81, 101, 121, 141, 161, 181, 200]"
25,10,"[5, 5, 5, 2, 2, 5, 5, 2, 2, 2]","[""hover"", ""hover"", ""hover"", ""accelerate"", ""accelerate"", ""hover"", ""hover"", ""accelerate"", ""accelerate"", ""accelerate""]","[0, 20, 40, 60, 80, 100, 120, 140, 160, 180]","[20, 40, 60, 80, 100, 120, 140, 160, 180, 200]"
26,10,"[5, 5, 5, 2, 2, 2, 5, 2, 2, 5]","[""hover"", ""hover"", ""hover"", ""accelerate"", ""accelerate"", ""accelerate"", ""hover"", ""accelerate"", ""accelerate"", ""hover""]","[0, 20, 40, 60, 80, 100, 120, 140, 160, 180]","[20, 40, 60, 80, 100, 120, 140, 160, 180, 200]"
27,10,"[4, 2, 2, 2, 5, 2, 2, 2, 2, 5]","[""cruise"", ""accelerate"", ""accelerate"", ""accelerate"", ""hover"", ""accelerate"", ""accelerate"", ""accelerate"", ""accelerate"", ""hover""]","[0, 20, 40, 60, 80, 100, 120, 140, 160, 180]","[20, 40, 60, 80, 100, 120, 140, 160, 180, 200]"
28,2,"[5, 2]","[""hover"", ""accelerate""]","[0, 20]","[20, 21]"
29,8,"[2, 5, 2, 2, 5, 4, 4, 5]","[""accelerate"", ""hover"", ""accelerate"", ""accelerate"", ""hover"", ""cruise"", ""cruise"", ""hover""]","[0, 20, 40, 60, 80, 100, 120, 140]","[20, 40, 60, 80, 100, 120, 140, 153]"
30,3,"[4, 4, 5]","[""cruise"", ""cruise"", ""hover""]","[0, 20, 40]","[20, 40, 53]"
31,10,"[2, 5, 5, 2, 5, 2, 5, 5, 2, 5]","[""accelerate"", ""hover"", ""hover"", ""accelerate"", ""hover"", ""accelerate"", ""hover"", ""hover"", ""accelerate"", ""hover""]","[0, 20, 40, 60, 80, 100, 120, 140, 160, 180]","[20, 40, 60, 80, 100, 120, 140, 160, 180, 200]"
32,10,"[5, 5, 2, 2, 2, 5, 5, 5, 4, 5]","[""hover"", ""hover"", ""accelerate"", ""accelerate"", ""accelerate"", ""hover"", ""hover"", ""hover"", ""cruise"", ""hover""]","[0, 20, 40, 60, 80, 100, 120, 140, 160, 180]","[20, 40, 60, 80, 100, 120, 140, 160, 180, 200]"
33,10,"[5, 2, 2, 5, 2, 2, 5, 2, 2, 5]","[""hover"", ""accelerate"", ""accelerate"", ""hover"", ""accelerate"", ""accelerate"", ""hover"", ""accelerate"", ""accelerate"", ""hover""]","[0, 20, 40, 60, 80, 100, 120, 140, 160, 180]","[20, 40, 60, 80, 100, 120, 140, 160, 180, 200]"
34,5,"[2, 2, 2, 4, 5]","[""accelerate"", ""accelerate"", ""accelerate"", ""cruise"", ""hover""]","[0, 20, 40, 60, 80]","[20, 40, 60, 80, 97]"
35,3,"[5, 4, 5]","[""hover"", ""cruise"", ""hover""]","[0, 20, 40]","[20, 40, 56]"
36,10,"[5, 5, 5, 2, 5, 2, 5, 5, 2, 5]","[""hover"", ""hover"", ""hover"", ""accelerate"", ""hover"", ""accelerate"", ""hover"", ""hover"", ""accelerate"", ""hover""]","[0, 20, 40, 60, 80, 100, 120, 140, 160, 180]","[20, 40, 60, 80, 100, 120, 140, 160, 180, 200]"
37,3,"[4, 4, 5]","[""cruise"", ""cruise"", ""hover""]","[0, 20, 40]","[20, 40, 54]"
38,10,"[4, 5, 2, 5, 5, 5, 5, 5, 2, 2]","[""cruise"", ""hover"", ""accelerate"", ""hover"", ""hover"", ""hover"", ""hover"", ""hover"", ""accelerate"", ""accelerate""]","[0, 20, 40, 60, 80, 100, 120, 140, 160, 180]","[20, 40, 60, 80, 100, 120, 140, 160, 180, 200]"
39,2,"[5, 0]","[""hover"", ""turn_left""]","[0, 20]","[20, 21]"
40,10,"[5, 2, 5, 4, 2, 5, 2, 5, 5, 2]","[""hover"", ""accelerate"", ""hover"", ""cruise"", ""accelerate"", ""hover"", ""accelerate"", ""hover"", ""hover"", ""accelerate""]","[0, 20, 40, 60, 80, 100, 120, 140, 160, 180]","[20, 40, 60, 80, 100, 120, 140, 160, 180, 200]"
41,9,"[2, 5, 5, 5, 2, 5, 4, 1, 5]","[""accelerate"", ""hover"", ""hover"", ""hover"", ""accelerate"", ""hover"", ""cruise"", ""turn_right"", ""hover""]","[0, 20, 40, 60, 80, 100, 120, 140, 144]","[20, 40, 60, 80, 100, 120, 140, 144, 159]"
42,5,"[5, 5, 5, 4, 5]","[""hover"", ""hover"", ""hover"", ""cruise"", ""hover""]","[0, 20, 40, 60, 80]","[20, 40, 60, 80, 96]"
43,10,"[5, 2, 5, 5, 5, 2, 2, 5, 5, 5]","[""hover"", ""accelerate"", ""hover"", ""hover"", ""hover"", ""accelerate"", ""accelerate"", ""hover"", ""hover"", ""hover""]","[0, 20, 40, 60, 80, 100, 120, 140, 160, 180]","[20, 40, 60, 80, 100, 120, 140, 160, 180, 200]"
44,10,"[5, 2, 2, 5, 2, 2, 5, 2, 5, 2]","[""hover"", ""accelerate"", ""accelerate"", ""hover"", ""accelerate"", ""accelerate"", ""hover"", ""accelerate"", ""hover"", ""accelerate""]","[0, 20, 40, 60, 80, 100, 120, 140, 160, 180]","[20, 40, 60, 80, 100, 120, 140, 160, 180, 200]"
45,10,"[2, 5, 5, 5, 2, 5, 2, 5, 2, 5]","[""accelerate"", ""hover"", ""hover"", ""hover"", ""accelerate"", ""hover"", ""accelerate"", ""hover"", ""accelerate"", ""hover""]","[0, 20, 40, 60, 80, 100, 120, 140, 160, 180]","[20, 40, 60, 80, 100, 120, 140, 160, 180, 200]"
46,10,"[2, 5, 2, 5, 5, 5, 2, 5, 5, 5]","[""accelerate"", ""hover"", ""accelerate"", ""hover"", ""hover"", ""hover"", ""accelerate"", ""hover"", ""hover"", ""hover""]","[0, 20, 40, 60, 80, 100, 120, 140, 160, 180]","[20, 40, 60, 80, 100, 120, 140, 160, 180, 200]"
47,10,"[5, 5, 2, 2, 2, 5, 2, 5, 2, 5]","[""hover"", ""hover"", ""accelerate"", ""accelerate"", ""accelerate"", ""hover"", ""accelerate"", ""hover"", ""accelerate"", ""hover""]","[0, 20, 40, 60, 80, 100, 120, 140, 160, 180]","[20, 40, 60, 80, 100, 120, 140, 160, 180, 200]"
48,3,"[4, 0, 5]","[""cruise"", ""turn_left"", ""hover""]","[0, 20, 23]","[20, 23, 38]"
49,2,"[5, 5]","[""hover"", ""hover""]","[0, 20]","[20, 21]"
50,10,"[2, 5, 5, 5, 5, 2, 5, 2, 5, 2]","[""accelerate"", ""hover"", ""hover"", ""hover"", ""hover"", ""accelerate"", ""hover"", ""accelerate"", ""hover"", ""accelerate""]","[0, 20, 40, 60, 80, 100, 120, 140, 160, 180]","[20, 40, 60, 80, 100, 120, 140, 160, 180, 200]"
51,3,"[5, 4, 5]","[""hover"", ""cruise"", ""hover""]","[0, 20, 40]","[20, 40, 56]"
52,2,"[4, 5]","[""cruise"", ""hover""]","[0, 20]","[20, 36]"
53,6,"[5, 5, 5, 5, 4, 5]","[""hover"", ""hover"", ""hover"", ""hover"", ""cruise"", ""hover""]","[0, 20, 40, 60, 80, 100]","[20, 40, 60, 80, 100, 116]"
54,5,"[5, 5, 5, 4, 5]","[""hover"", ""hover"", ""hover"", ""cruise"", ""hover""]","[0, 20, 40, 60, 80]","[20, 40, 60, 80, 95]"
55,10,"[5, 5, 5, 2, 5, 2, 5, 5, 5, 5]","[""hover"", ""hover"", ""hover"", ""accelerate"", ""hover"", ""accelerate"", ""hover"", ""hover"", ""hover"", ""hover""]","[0, 20, 40, 60, 80, 100, 120, 140, 160, 180]","[20, 40, 60, 80, 100, 120, 140, 160, 180, 200]"
56,2,"[4, 5]","[""cruise"", ""hover""]","[0, 20]","[20, 35]"
57,10,"[5, 2, 5, 2, 5, 2, 5, 5, 5, 2]","[""hover"", ""accelerate"", ""hover"", ""accelerate"", ""hover"", ""accelerate"", ""hover"", ""hover"", ""hover"", ""accelerate""]","[0, 20, 40, 60, 80, 100, 120, 140, 160, 180]","[20, 40, 60, 80, 100, 120, 140, 160, 180, 200]"
58,2,"[4, 5]","[""cruise"", ""hover""]","[0, 20]","[20, 35]"
59,3,"[2, 4, 5]","[""accelerate"", ""cruise"", ""hover""]","[0, 20, 40]","[20, 40, 55]"
60,10,"[5, 5, 5, 5, 4, 5, 2, 5, 5, 4]","[""hover"", ""hover"", ""hover"", ""hover"", ""cruise"", ""hover"", ""accelerate"", ""hover"", ""hover"", ""cruise""]","[0, 20, 40, 60, 80, 100, 120, 140, 160, 180]","[20, 40, 60, 80, 100, 120, 140, 160, 180, 200]"
61,10,"[2, 5, 5, 5, 5, 2, 2, 2, 2, 4]","[""accelerate"", ""hover"", ""hover"", ""hover"", ""hover"", ""accelerate"", ""accelerate"", ""accelerate"", ""accelerate"", ""cruise""]","[0, 20, 40, 60, 80, 100, 120, 140, 160, 180]","[20, 40, 60, 80, 100, 120, 140, 160, 180, 200]"
62,10,"[5, 2, 5, 5, 5, 4, 5, 5, 5, 2]","[""hover"", ""accelerate"", ""hover"", ""hover"", ""hover"", ""cruise"", ""hover"", ""hover"", ""hover"", ""accelerate""]","[0, 20, 40, 60, 80, 100, 120, 140, 160, 180]","[20, 40, 60, 80, 100, 120, 140, 160, 180, 200]"
63,10,"[2, 5, 5, 5, 5, 5, 2, 2, 2, 5]","[""accelerate"", ""hover"", ""hover"", ""hover"", ""hover"", ""hover"", ""accelerate"", ""accelerate"", ""accelerate"", ""hover""]","[0, 20, 40, 60, 80, 100, 120, 140, 160, 180]","[20, 40, 60, 80, 100, 120, 140, 160, 180, 200]"
64,10,"[2, 5, 4, 5, 5, 5, 5, 5, 5, 2]","[""accelerate"", ""hover"", ""cruise"", ""hover"", ""hover"", ""hover"", ""hover"", ""hover"", ""hover"", ""accelerate""]","[0, 20, 40, 60, 80, 100, 120, 140, 160, 180]","[20, 40, 60, 80, 100, 120, 140, 160, 180, 200]"
65,12,"[5, 2, 5, 2, 5, 4, 1, 1, 5, 2, 2, 5]","[""hover"", ""accelerate"", ""hover"", ""accelerate"", ""hover"", ""cruise"", ""turn_right"", ""turn_right"", ""hover"", ""accelerate"", ""accelerate"", ""hover""]","[0, 20, 40, 60, 80, 100, 120, 126, 134, 154, 174, 194]","[20, 40, 60, 80, 100, 120, 126, 134, 154, 174, 194, 200]"
66,10,"[5, 4, 5, 2, 2, 2, 2, 5, 5, 4]","[""hover"", ""cruise"", ""hover"", ""accelerate"", ""accelerate"", ""accelerate"", ""accelerate"", ""hover"", ""hover"", ""cruise""]","[0, 20, 40, 60, 80, 100, 120, 140, 160, 180]","[20, 40, 60, 80, 100, 120, 140, 160, 180, 200]"
67,12,"[2, 4, 1, 5, 2, 5, 5, 4, 3, 5, 2, 5]","[""accelerate"", ""cruise"", ""turn_right"", ""hover"", ""accelerate"", ""hover"", ""hover"", ""cruise"", ""decelerate"", ""hover"", ""accelerate"", ""hover""]","[0, 20, 40, 45, 65, 85, 105, 125, 145, 146, 166, 186]","[20, 40, 45, 65, 85, 105, 125, 145, 146, 166, 186, 200]"
68,6,"[5, 5, 5, 5, 4, 5]","[""hover"", ""hover"", ""hover"", ""hover"", ""cruise"", ""hover""]","[0, 20, 40, 60, 80, 100]","[20, 40, 60, 80, 100, 114]"
69,3,"[2, 4, 5]","[""accelerate"", ""cruise"", ""hover""]","[0, 20, 40]","[20, 40, 54]"
70,13,"[5, 4, 3, 4, 3, 1, 2, 5, 2, 5, 4, 5, 2]","[""hover"", ""cruise"", ""decelerate"", ""cruise"", ""decelerate"", ""turn_right"", ""accelerate"", ""hover"", ""accelerate"", ""hover"", ""cruise"", ""hover"", ""accelerate""]","[0, 20, 40, 42, 62, 63, 66, 86, 106, 126, 146, 166, 186]","[20, 40, 42, 62, 63, 66, 86, 106, 126, 146, 166, 186, 200]"
71,4,"[2, 5, 4, 5]","[""accelerate"", ""hover"", ""cruise"", ""hover""]","[0, 20, 40, 60]","[20, 40, 60, 74]"
72,11,"[4, 4, 4, 1, 5, 4, 2, 2, 2, 2, 4]","[""cruise"", ""cruise"", ""cruise"", ""turn_right"", ""hover"", ""cruise"", ""accelerate"", ""accelerate"", ""accelerate"", ""accelerate"", ""cruise""]","[0, 20, 40, 60, 62, 82, 102, 122, 142, 162, 182]","[20, 40, 60, 62, 82, 102, 122, 142, 162, 182, 200]"
73,2,"[4, 5]","[""cruise"", ""hover""]","[0, 20]","[20, 34]"
74,8,"[5, 2, 2, 5, 5, 4, 4, 5]","[""hover"", ""accelerate"", ""accelerate"", ""hover"", ""hover"", ""cruise"", ""cruise"", ""hover""]","[0, 20, 40, 60, 80, 100, 120, 140]","[20, 40, 60, 80, 100, 120, 140, 151]"
75,3,"[4, 4, 5]","[""cruise"", ""cruise"", ""hover""]","[0, 20, 40]","[20, 40, 51]"
76,7,"[5, 5, 5, 2, 4, 4, 5]","[""hover"", ""hover"", ""hover"", ""accelerate"", ""cruise"", ""cruise"", ""hover""]","[0, 20, 40, 60, 80, 100, 120]","[20, 40, 60, 80, 100, 120, 131]"
77,2,"[4, 5]","[""cruise"", ""hover""]","[0, 20]","[20, 34]"
78,4,"[4, 2, 4, 5]","[""cruise"", ""accelerate"", ""cruise"", ""hover""]","[0, 20, 40, 60]","[20, 40, 60, 72]"
79,2,"[4, 5]","[""cruise"", ""hover""]","[0, 20]","[20, 34]"
80,10,"[5, 4, 4, 5, 5, 4, 4, 5, 4, 4]","[""hover"", ""cruise"", ""cruise"", ""hover"", ""hover"", ""cruise"", ""cruise"", ""hover"", ""cruise"", ""cruise""]","[0, 20, 40, 60, 80, 100, 120, 140, 160, 180]","[20, 40, 60, 80, 100, 120, 140, 160, 180, 200]"
81,3,"[5, 4, 5]","[""hover"", ""cruise"", ""hover""]","[0, 20, 40]","[20, 40, 54]"
82,3,"[5, 4, 5]","[""hover"", ""cruise"", ""hover""]","[0, 20, 40]","[20, 40, 54]"
83,12,"[5, 4, 4, 3, 4, 4, 5, 4, 3, 2, 4, 4]","[""hover"", ""cruise"", ""cruise"", ""decelerate"", ""cruise"", ""cruise"", ""hover"", ""cruise"", ""decelerate"", ""accelerate"", ""cruise"", ""cruise""]","[0, 20, 40, 60, 62, 82, 102, 122, 142, 143, 163, 183]","[20, 40, 60, 62, 82, 102, 122, 142, 143, 163, 183, 200]"
84,3,"[4, 3, 5]","[""cruise"", ""decelerate"", ""hover""]","[0, 20, 22]","[20, 22, 37]"
85,11,"[2, 5, 5, 4, 4, 4, 4, 5, 0, 4, 4]","[""accelerate"", ""hover"", ""hover"", ""cruise"", ""cruise"", ""cruise"", ""cruise"", ""hover"", ""turn_left"", ""cruise"", ""cruise""]","[0, 20, 40, 60, 80, 100, 120, 140, 160, 171, 191]","[20, 40, 60, 80, 100, 120, 140, 160, 171, 191, 200]"
86,4,"[4, 4, 3, 5]","[""cruise"", ""cruise"", ""decelerate"", ""hover""]","[0, 20, 40, 42]","[20, 40, 42, 53]"
87,12,"[2, 4, 4, 4, 5, 4, 4, 4, 2, 5, 1, 2]","[""accelerate"", ""cruise"", ""cruise"", ""cruise"", ""hover"", ""cruise"", ""cruise"", ""cruise"", ""accelerate"", ""hover"", ""turn_right"", ""accelerate""]","[0, 20, 40, 60, 80, 100, 120, 140, 160, 161, 181, 193]","[20, 40, 60, 80, 100, 120, 140, 160, 161, 181, 193, 200]"
88,10,"[4, 4, 4, 4, 2, 4, 4, 4, 2, 5]","[""cruise"", ""cruise"", ""cruise"", ""cruise"", ""accelerate"", ""cruise"", ""cruise"", ""cruise"", ""accelerate"", ""hover""]","[0, 20, 40, 60, 80, 100, 120, 140, 160, 180]","[20, 40, 60, 80, 100, 120, 140, 160, 180, 187]"
89,10,"[5, 4, 4, 4, 4, 5, 4, 4, 4, 4]","[""hover"", ""cruise"", ""cruise"", ""cruise"", ""cruise"", ""hover"", ""cruise"", ""cruise"", ""cruise"", ""cruise""]","[0, 20, 40, 60, 80, 100, 120, 140, 160, 180]","[20, 40, 60, 80, 100, 120, 140, 160, 180, 200]"
90,10,"[4, 4, 4, 2, 4, 4, 5, 4, 4, 4]","[""cruise"", ""cruise"", ""cruise"", ""accelerate"", ""cruise"", ""cruise"", ""hover"", ""cruise"", ""cruise"", ""cruise""]","[0, 20, 40, 60, 80, 100, 120, 140, 160, 180]","[20, 40, 60, 80, 100, 120, 140, 160, 180, 200]"
91,10,"[4, 4, 4, 4, 5, 4, 2, 4, 4, 5]","[""cruise"", ""cruise"", ""cruise"", ""cruise"", ""hover"", ""cruise"", ""accelerate"", ""cruise"", ""cruise"", ""hover""]","[0, 20, 40, 60, 80, 100, 120, 140, 160, 180]","[20, 40, 60, 80, 100, 120, 140, 160, 180, 200]"
92,10,"[4, 4, 4, 4, 4, 4, 2, 4, 4, 4]","[""cruise"", ""cruise"", ""cruise"", ""cruise"", ""cruise"", ""cruise"", ""accelerate"", ""cruise"", ""cruise"", ""cruise""]","[0, 20, 40, 60, 80, 100, 120, 140, 160, 180]","[20, 40, 60, 80, 100, 120, 140, 160, 180, 200]"
93,10,"[4, 4, 4, 4, 4, 4, 4, 4, 4, 4]","[""cruise"", ""cruise"", ""cruise"", ""cruise"", ""cruise"", ""cruise"", ""cruise"", ""cruise"", ""cruise"", ""cruise""]","[0, 20, 40, 60, 80, 100, 120, 140, 160, 180]","[20, 40, 60, 80, 100, 120, 140, 160, 180, 200]"
94,11,"[4, 4, 4, 4, 4, 4, 5, 4, 4, 0, 4]","[""cruise"", ""cruise"", ""cruise"", ""cruise"", ""cruise"", ""cruise"", ""hover"", ""cruise"", ""cruise"", ""turn_left"", ""cruise""]","[0, 20, 40, 60, 80, 100, 120, 140, 160, 180, 188]","[20, 40, 60, 80, 100, 120, 140, 160, 180, 188, 200]"
95,11,"[4, 4, 4, 4, 4, 4, 4, 4, 4, 2, 4]","[""cruise"", ""cruise"", ""cruise"", ""cruise"", ""cruise"", ""cruise"", ""cruise"", ""cruise"", ""cruise"", ""accelerate"", ""cruise""]","[0, 20, 40, 60, 80, 100, 120, 140, 160, 180, 187]","[20, 40, 60, 80, 100, 120, 140, 160, 180, 187, 200]"
96,10,"[4, 4, 4, 4, 4, 2, 4, 4, 4, 2]","[""cruise"", ""cruise"", ""cruise"", ""cruise"", ""cruise"", ""accelerate"", ""cruise"", ""cruise"", ""cruise"", ""accelerate""]","[0, 20, 40, 60, 80, 100, 120, 140, 160, 180]","[20, 40, 60, 80, 100, 120, 140, 160, 180, 200]"
97,10,"[4, 4, 4, 4, 4, 4, 4, 4, 4, 4]","[""cruise"", ""cruise"", ""cruise"", ""cruise"", ""cruise"", ""cruise"", ""cruise"", ""cruise"", ""cruise"", ""cruise""]","[0, 20, 40, 60, 80, 100, 120, 140, 160, 180]","[20, 40, 60, 80, 100, 120, 140, 160, 180, 200]"
98,10,"[4, 4, 4, 4, 4, 4, 4, 4, 4, 4]","[""cruise"", ""cruise"", ""cruise"", ""cruise"", ""cruise"", ""cruise"", ""cruise"", ""cruise"", ""cruise"", ""cruise""]","[0, 20, 40, 60, 80, 100, 120, 140, 160, 180]","[20, 40, 60, 80, 100, 120, 140, 160, 180, 200]"
99,10,"[4, 4, 4, 4, 4, 4, 4, 4, 2, 4]","[""cruise"", ""cruise"", ""cruise"", ""cruise"", ""cruise"", ""cruise"", ""cruise"", ""cruise"", ""accelerate"", ""cruise""]","[0, 20, 40, 60, 80, 100, 120, 140, 160, 180]","[20, 40, 60, 80, 100, 120, 140, 160, 180, 200]"
100,10,"[4, 4, 4, 4, 4, 4, 5, 4, 4, 4]","[""cruise"", ""cruise"", ""cruise"", ""cruise"", ""cruise"", ""cruise"", ""hover"", ""cruise"", ""cruise"", ""cruise""]","[0, 20, 40, 60, 80, 100, 120, 140, 160, 180]","[20, 40, 60, 80, 100, 120, 140, 160, 180, 200]"
101,11,"[4, 4, 4, 0, 4, 4, 4, 4, 4, 3, 4]","[""cruise"", ""cruise"", ""cruise"", ""turn_left"", ""cruise"", ""cruise"", ""cruise"", ""cruise"", ""cruise"", ""decelerate"", ""cruise""]","[0, 20, 40, 60, 62, 82, 102, 122, 142, 162, 182]","[20, 40, 60, 62, 82, 102, 122, 142, 162, 182, 200]"
102,10,"[4, 4, 2, 4, 4, 4, 4, 4, 4, 4]","[""cruise"", ""cruise"", ""accelerate"", ""cruise"", ""cruise"", ""cruise"", ""cruise"", ""cruise"", ""cruise"", ""cruise""]","[0, 20, 40, 60, 80, 100, 120, 140, 160, 180]","[20, 40, 60, 80, 100, 120, 140, 160, 180, 200]"
103,10,"[4, 4, 4, 4, 4, 4, 4, 4, 4, 4]","[""cruise"", ""cruise"", ""cruise"", ""cruise"", ""cruise"", ""cruise"", ""cruise"", ""cruise"", ""cruise"", ""cruise""]","[0, 20, 40, 60, 80, 100, 120, 140, 160, 180]","[20, 40, 60, 80, 100, 120, 140, 160, 180, 200]"
104,10,"[2, 4, 5, 2, 4, 4, 4, 4, 4, 4]","[""accelerate"", ""cruise"", ""hover"", ""accelerate"", ""cruise"", ""cruise"", ""cruise"", ""cruise"", ""cruise"", ""cruise""]","[0, 20, 40, 60, 80, 100, 120, 140, 160, 180]","[20, 40, 60, 80, 100, 120, 140, 160, 180, 200]"
105,10,"[4, 4, 4, 4, 4, 4, 2, 4, 2, 4]","[""cruise"", ""cruise"", ""cruise"", ""cruise"", ""cruise"", ""cruise"", ""accelerate"", ""cruise"", ""accelerate"", ""cruise""]","[0, 20, 40, 60, 80, 100, 120, 140, 160, 180]","[20, 40, 60, 80, 100, 120, 140, 160, 180, 200]"
106,10,"[4, 5, 4, 4, 2, 4, 4, 4, 4, 4]","[""cruise"", ""hover"", ""cruise"", ""cruise"", ""accelerate"", ""cruise"", ""cruise"", ""cruise"", ""cruise"", ""cruise""]","[0, 20, 40, 60, 80, 100, 120, 140, 160, 180]","[20, 40, 60, 80, 100, 120, 140, 160, 180, 200]"
107,10,"[4, 4, 4, 4, 4, 4, 4, 4, 4, 4]","[""cruise"", ""cruise"", ""cruise"", ""cruise"", ""cruise"", ""cruise"", ""cruise"", ""cruise"", ""cruise"", ""cruise""]","[0, 20, 40, 60, 80, 100, 120, 140, 160, 180]","[20, 40, 60, 80, 100, 120, 140, 160, 180, 200]"
108,10,"[2, 4, 4, 4, 4, 4, 4, 4, 4, 4]","[""accelerate"", ""cruise"", ""cruise"", ""cruise"", ""cruise"", ""cruise"", ""cruise"", ""cruise"", ""cruise"", ""cruise""]","[0, 20, 40, 60, 80, 100, 120, 140, 160, 180]","[20, 40, 60, 80, 100, 120, 140, 160, 180, 200]"
109,8,"[4, 4, 4, 4, 4, 4, 4, 5]","[""cruise"", ""cruise"", ""cruise"", ""cruise"", ""cruise"", ""cruise"", ""cruise"", ""hover""]","[0, 20, 40, 60, 80, 100, 120, 140]","[20, 40, 60, 80, 100, 120, 140, 141]"
110,10,"[4, 4, 4, 4, 4, 4, 4, 4, 4, 4]","[""cruise"", ""cruise"", ""cruise"", ""cruise"", ""cruise"", ""cruise"", ""cruise"", ""cruise"", ""cruise"", ""cruise""]","[0, 20, 40, 60, 80, 100, 120, 140, 160, 180]","[20, 40, 60, 80, 100, 120, 140, 160, 180, 200]"
111,10,"[4, 4, 4, 4, 4, 4, 4, 4, 4, 4]","[""cruise"", ""cruise"", ""cruise"", ""cruise"", ""cruise"", ""cruise"", ""cruise"", ""cruise"", ""cruise"", ""cruise""]","[0, 20, 40, 60, 80, 100, 120, 140, 160, 180]","[20, 40, 60, 80, 100, 120, 140, 160, 180, 200]"
112,10,"[4, 4, 4, 4, 4, 4, 4, 4, 4, 4]","[""cruise"", ""cruise"", ""cruise"", ""cruise"", ""cruise"", ""cruise"", ""cruise"", ""cruise"", ""cruise"", ""cruise""]","[0, 20, 40, 60, 80, 100, 120, 140, 160, 180]","[20, 40, 60, 80, 100, 120, 140, 160, 180, 200]"
113,2,"[4, 4]","[""cruise"", ""cruise""]","[0, 20]","[20, 26]"
114,10,"[4, 4, 4, 2, 4, 4, 4, 4, 4, 4]","[""cruise"", ""cruise"", ""cruise"", ""accelerate"", ""cruise"", ""cruise"", ""cruise"", ""cruise"", ""cruise"", ""cruise""]","[0, 20, 40, 60, 80, 100, 120, 140, 160, 180]","[20, 40, 60, 80, 100, 120, 140, 160, 180, 200]"
115,10,"[4, 4, 4, 2, 4, 4, 4, 4, 4, 4]","[""cruise"", ""cruise"", ""cruise"", ""accelerate"", ""cruise"", ""cruise"", ""cruise"", ""cruise"", ""cruise"", ""cruise""]","[0, 20, 40, 60, 80, 100, 120, 140, 160, 180]","[20, 40, 60, 80, 100, 120, 140, 160, 180, 200]"
116,2,"[4, 4]","[""cruise"", ""cruise""]","[0, 20]","[20, 26]"
117,2,"[4, 4]","[""cruise"", ""cruise""]","[0, 20]","[20, 25]"
118,10,"[4, 4, 4, 4, 4, 4, 4, 4, 4, 4]","[""cruise"", ""cruise"", ""cruise"", ""cruise"", ""cruise"", ""cruise"", ""cruise"", ""cruise"", ""cruise"", ""cruise""]","[0, 20, 40, 60, 80, 100, 120, 140, 160, 180]","[20, 40, 60, 80, 100, 120, 140, 160, 180, 200]"
119,10,"[2, 4, 4, 4, 4, 4, 4, 4, 4, 4]","[""accelerate"", ""cruise"", ""cruise"", ""cruise"", ""cruise"", ""cruise"", ""cruise"", ""cruise"", ""cruise"", ""cruise""]","[0, 20, 40, 60, 80, 100, 120, 140, 160, 180]","[20, 40, 60, 80, 100, 120, 140, 160, 180, 200]"
120,10,"[4, 4, 4, 4, 4, 4, 4, 4, 4, 4]","[""cruise"", ""cruise"", ""cruise"", ""cruise"", ""cruise"", ""cruise"", ""cruise"", ""cruise"", ""cruise"", ""cruise""]","[0, 20, 40, 60, 80, 100, 120, 140, 160, 180]","[20, 40, 60, 80, 100, 120, 140, 160, 180, 200]"
121,2,"[4, 4]","[""cruise"", ""cruise""]","[0, 20]","[20, 29]"
122,10,"[4, 4, 4, 4, 4, 4, 4, 4, 4, 4]","[""cruise"", ""cruise"", ""cruise"", ""cruise"", ""cruise"", ""cruise"", ""cruise"", ""cruise"", ""cruise"", ""cruise""]","[0, 20, 40, 60, 80, 100, 120, 140, 160, 180]","[20, 40, 60, 80, 100, 120, 140, 160, 180, 200]"
123,2,"[4, 4]","[""cruise"", ""cruise""]","[0, 20]","[20, 39]"
124,10,"[4, 4, 4, 4, 4, 4, 4, 4, 4, 4]","[""cruise"", ""cruise"", ""cruise"", ""cruise"", ""cruise"", ""cruise"", ""cruise"", ""cruise"", ""cruise"", ""cruise""]","[0, 20, 40, 60, 80, 100, 120, 140, 160, 180]","[20, 40, 60, 80, 100, 120, 140, 160, 180, 200]"
125,2,"[4, 4]","[""cruise"", ""cruise""]","[0, 20]","[20, 40]"
126,10,"[4, 4, 4, 4, 4, 4, 4, 4, 4, 4]","[""cruise"", ""cruise"", ""cruise"", ""cruise"", ""cruise"", ""cruise"", ""cruise"", ""cruise"", ""cruise"", ""cruise""]","[0, 20, 40, 60, 80, 100, 120, 140, 160, 180]","[20, 40, 60, 80, 100, 120, 140, 160, 180, 200]"
127,2,"[4, 4]","[""cruise"", ""cruise""]","[0, 20]","[20, 40]"
128,10,"[4, 4, 4, 4, 4, 4, 4, 4, 4, 4]","[""cruise"", ""cruise"", ""cruise"", ""cruise"", ""cruise"", ""cruise"", ""cruise"", ""cruise"", ""cruise"", ""cruise""]","[0, 20, 40, 60, 80, 100, 120, 140, 160, 180]","[20, 40, 60, 80, 100, 120, 140, 160, 180, 200]"
129,2,"[4, 4]","[""cruise"", ""cruise""]","[0, 20]","[20, 40]"
130,10,"[4, 4, 4, 4, 4, 4, 4, 4, 4, 4]","[""cruise"", ""cruise"", ""cruise"", ""cruise"", ""cruise"", ""cruise"", ""cruise"", ""cruise"", ""cruise"", ""cruise""]","[0, 20, 40, 60, 80, 100, 120, 140, 160, 180]","[20, 40, 60, 80, 100, 120, 140, 160, 180, 200]"
131,2,"[4, 4]","[""cruise"", ""cruise""]","[0, 20]","[20, 39]"
132,10,"[4, 4, 4, 4, 4, 4, 4, 4, 4, 4]","[""cruise"", ""cruise"", ""cruise"", ""cruise"", ""cruise"", ""cruise"", ""cruise"", ""cruise"", ""cruise"", ""cruise""]","[0, 20, 40, 60, 80, 100, 120, 140, 160, 180]","[20, 40, 60, 80, 100, 120, 140, 160, 180, 200]"
133,2,"[4, 4]","[""cruise"", ""cruise""]","[0, 20]","[20, 40]"
134,10,"[4, 4, 4, 4, 4, 4, 4, 4, 4, 4]","[""cruise"", ""cruise"", ""cruise"", ""cruise"", ""cruise"", ""cruise"", ""cruise"", ""cruise"", ""cruise"", ""cruise""]","[0, 20, 40, 60, 80, 100, 120, 140, 160, 180]","[20, 40, 60, 80, 100, 120, 140, 160, 180, 200]"
135,2,"[4, 4]","[""cruise"", ""cruise""]","[0, 20]","[20, 39]"
136,10,"[4, 4, 4, 4, 4, 4, 4, 4, 4, 4]","[""cruise"", ""cruise"", ""cruise"", ""cruise"", ""cruise"", ""cruise"", ""cruise"", ""cruise"", ""cruise"", ""cruise""]","[0, 20, 40, 60, 80, 100, 120, 140, 160, 180]","[20, 40, 60, 80, 100, 120, 140, 160, 180, 200]"
137,10,"[4, 4, 4, 4, 4, 4, 4, 4, 4, 4]","[""cruise"", ""cruise"", ""cruise"", ""cruise"", ""cruise"", ""cruise"", ""cruise"", ""cruise"", ""cruise"", ""cruise""]","[0, 20, 40, 60, 80, 100, 120, 140, 160, 180]","[20, 40, 60, 80, 100, 120, 140, 160, 180, 200]"
138,2,"[4, 4]","[""cruise"", ""cruise""]","[0, 20]","[20, 32]"
139,2,"[4, 4]","[""cruise"", ""cruise""]","[0, 20]","[20, 37]"
140,10,"[4, 4, 4, 4, 4, 4, 4, 4, 4, 4]","[""cruise"", ""cruise"", ""cruise"", ""cruise"", ""cruise"", ""cruise"", ""cruise"", ""cruise"", ""cruise"", ""cruise""]","[0, 20, 40, 60, 80, 100, 120, 140, 160, 180]","[20, 40, 60, 80, 100, 120, 140, 160, 180, 200]"
141,10,"[2, 4, 4, 4, 4, 4, 4, 4, 4, 4]","[""accelerate"", ""cruise"", ""cruise"", ""cruise"", ""cruise"", ""cruise"", ""cruise"", ""cruise"", ""cruise"", ""cruise""]","[0, 20, 40, 60, 80, 100, 120, 140, 160, 180]","[20, 40, 60, 80, 100, 120, 140, 160, 180, 200]"
142,2,"[4, 4]","[""cruise"", ""cruise""]","[0, 20]","[20, 40]"
143,10,"[4, 4, 4, 4, 4, 4, 4, 4, 4, 4]","[""cruise"", ""cruise"", ""cruise"", ""cruise"", ""cruise"", ""cruise"", ""cruise"", ""cruise"", ""cruise"", ""cruise""]","[0, 20, 40, 60, 80, 100, 120, 140, 160, 180]","[20, 40, 60, 80, 100, 120, 140, 160, 180, 200]"
144,2,"[4, 4]","[""cruise"", ""cruise""]","[0, 20]","[20, 38]"
145,10,"[4, 4, 4, 4, 4, 4, 2, 4, 4, 4]","[""cruise"", ""cruise"", ""cruise"", ""cruise"", ""cruise"", ""cruise"", ""accelerate"", ""cruise"", ""cruise"", ""cruise""]","[0, 20, 40, 60, 80, 100, 120, 140, 160, 180]","[20, 40, 60, 80, 100, 120, 140, 160, 180, 200]"
146,2,"[4, 4]","[""cruise"", ""cruise""]","[0, 20]","[20, 40]"
147,10,"[4, 4, 4, 4, 4, 4, 4, 4, 4, 4]","[""cruise"", ""cruise"", ""cruise"", ""cruise"", ""cruise"", ""cruise"", ""cruise"", ""cruise"", ""cruise"", ""cruise""]","[0, 20, 40, 60, 80, 100, 120, 140, 160, 180]","[20, 40, 60, 80, 100, 120, 140, 160, 180, 200]"
148,2,"[4, 4]","[""cruise"", ""cruise""]","[0, 20]","[20, 38]"
149,10,"[4, 4, 4, 4, 4, 4, 4, 4, 5, 4]","[""cruise"", ""cruise"", ""cruise"", ""cruise"", ""cruise"", ""cruise"", ""cruise"", ""cruise"", ""hover"", ""cruise""]","[0, 20, 40, 60, 80, 100, 120, 140, 160, 180]","[20, 40, 60, 80, 100, 120, 140, 160, 180, 200]"
150,2,"[4, 4]","[""cruise"", ""cruise""]","[0, 20]","[20, 39]"
151,10,"[4, 4, 4, 4, 4, 4, 4, 4, 4, 4]","[""cruise"", ""cruise"", ""cruise"", ""cruise"", ""cruise"", ""cruise"", ""cruise"", ""cruise"", ""cruise"", ""cruise""]","[0, 20, 40, 60, 80, 100, 120, 140, 160, 180]","[20, 40, 60, 80, 100, 120, 140, 160, 180, 200]"
152,2,"[4, 4]","[""cruise"", ""cruise""]","[0, 20]","[20, 39]"
153,10,"[4, 4, 4, 4, 4, 4, 4, 5, 4, 2]","[""cruise"", ""cruise"", ""cruise"", ""cruise"", ""cruise"", ""cruise"", ""cruise"", ""hover"", ""cruise"", ""accelerate""]","[0, 20, 40, 60, 80, 100, 120, 140, 160, 180]","[20, 40, 60, 80, 100, 120, 140, 160, 180, 200]"
154,10,"[4, 4, 4, 4, 4, 4, 4, 4, 4, 4]","[""cruise"", ""cruise"", ""cruise"", ""cruise"", ""cruise"", ""cruise"", ""cruise"", ""cruise"", ""cruise"", ""cruise""]","[0, 20, 40, 60, 80, 100, 120, 140, 160, 180]","[20, 40, 60, 80, 100, 120, 140, 160, 180, 200]"
155,3,"[4, 4, 4]","[""cruise"", ""cruise"", ""cruise""]","[0, 20, 40]","[20, 40, 41]"
156,10,"[4, 4, 4, 4, 4, 4, 5, 4, 4, 4]","[""cruise"", ""cruise"", ""cruise"", ""cruise"", ""cruise"", ""cruise"", ""hover"", ""cruise"", ""cruise"", ""cruise""]","[0, 20, 40, 60, 80, 100, 120, 140, 160, 180]","[20, 40, 60, 80, 100, 120, 140, 160, 180, 200]"
157,10,"[5, 4, 5, 4, 4, 4, 4, 4, 2, 4]","[""hover"", ""cruise"", ""hover"", ""cruise"", ""cruise"", ""cruise"", ""cruise"", ""cruise"", ""accelerate"", ""cruise""]","[0, 20, 40, 60, 80, 100, 120, 140, 160, 180]","[20, 40, 60, 80, 100, 120, 140, 160, 180, 200]"
158,10,"[4, 2, 4, 4, 4, 5, 2, 4, 4, 4]","[""cruise"", ""accelerate"", ""cruise"", ""cruise"", ""cruise"", ""hover"", ""accelerate"", ""cruise"", ""cruise"", ""cruise""]","[0, 20, 40, 60, 80, 100, 120, 140, 160, 180]","[20, 40, 60, 80, 100, 120, 140, 160, 180, 200]"
159,10,"[4, 4, 4, 4, 5, 4, 4, 4, 2, 4]","[""cruise"", ""cruise"", ""cruise"", ""cruise"", ""hover"", ""cruise"", ""cruise"", ""cruise"", ""accelerate"", ""cruise""]","[0, 20, 40, 60, 80, 100, 120, 140, 160, 180]","[20, 40, 60, 80, 100, 120, 140, 160, 180, 200]"
160,2,"[4, 4]","[""cruise"", ""cruise""]","[0, 20]","[20, 38]"
161,10,"[4, 4, 4, 4, 4, 4, 4, 4, 4, 5]","[""cruise"", ""cruise"", ""cruise"", ""cruise"", ""cruise"", ""cruise"", ""cruise"", ""cruise"", ""cruise"", ""hover""]","[0, 20, 40, 60, 80, 100, 120, 140, 160, 180]","[20, 40, 60, 80, 100, 120, 140, 160, 180, 200]"
162,10,"[4, 4, 4, 4, 2, 4, 2, 5, 4, 5]","[""cruise"", ""cruise"", ""cruise"", ""cruise"", ""accelerate"", ""cruise"", ""accelerate"", ""hover"", ""cruise"", ""hover""]","[0, 20, 40, 60, 80, 100, 120, 140, 160, 180]","[20, 40, 60, 80, 100, 120, 140, 160, 180, 200]"
163,3,"[4, 3, 5]","[""cruise"", ""decelerate"", ""hover""]","[0, 20, 26]","[20, 26, 37]"
164,2,"[2, 4]","[""accelerate"", ""cruise""]","[0, 19]","[19, 34]"
165,10,"[4, 4, 5, 4, 4, 4, 4, 4, 4, 4]","[""cruise"", ""cruise"", ""hover"", ""cruise"", ""cruise"", ""cruise"", ""cruise"", ""cruise"", ""cruise"", ""cruise""]","[0, 20, 40, 60, 80, 100, 120, 140, 160, 180]","[20, 40, 60, 80, 100, 120, 140, 160, 180, 200]"
166,10,"[2, 4, 5, 4, 4, 2, 4, 4, 5, 4]","[""accelerate"", ""cruise"", ""hover"", ""cruise"", ""cruise"", ""accelerate"", ""cruise"", ""cruise"", ""hover"", ""cruise""]","[0, 20, 40, 60, 80, 100, 120, 140, 160, 180]","[20, 40, 60, 80, 100, 120, 140, 160, 180, 200]"
167,10,"[2, 4, 4, 4, 2, 4, 4, 5, 4, 4]","[""accelerate"", ""cruise"", ""cruise"", ""cruise"", ""accelerate"", ""cruise"", ""cruise"", ""hover"", ""cruise"", ""cruise""]","[0, 20, 40, 60, 80, 100, 120, 140, 160, 180]","[20, 40, 60, 80, 100, 120, 140, 160, 180, 200]"
168,10,"[4, 4, 2, 5, 4, 2, 4, 4, 4, 4]","[""cruise"", ""cruise"", ""accelerate"", ""hover"", ""cruise"", ""accelerate"", ""cruise"", ""cruise"", ""cruise"", ""cruise""]","[0, 20, 40, 60, 80, 100, 120, 140, 160, 180]","[20, 40, 60, 80, 100, 120, 140, 160, 180, 200]"
169,11,"[4, 4, 4, 2, 4, 4, 4, 4, 4, 1, 4]","[""cruise"", ""cruise"", ""cruise"", ""accelerate"", ""cruise"", ""cruise"", ""cruise"", ""cruise"", ""cruise"", ""turn_right"", ""cruise""]","[0, 20, 40, 60, 80, 100, 120, 140, 160, 180, 187]","[20, 40, 60, 80, 100, 120, 140, 160, 180, 187, 200]"
170,10,"[4, 4, 4, 4, 2, 4, 4, 4, 4, 4]","[""cruise"", ""cruise"", ""cruise"", ""cruise"", ""accelerate"", ""cruise"", ""cruise"", ""cruise"", ""cruise"", ""cruise""]","[0, 20, 40, 60, 80, 100, 120, 140, 160, 180]","[20, 40, 60, 80, 100, 120, 140, 160, 180, 200]"
171,10,"[2, 4, 4, 4, 4, 5, 4, 4, 4, 4]","[""accelerate"", ""cruise"", ""cruise"", ""cruise"", ""cruise"", ""hover"", ""cruise"", ""cruise"", ""cruise"", ""cruise""]","[0, 20, 40, 60, 80, 100, 120, 140, 160, 180]","[20, 40, 60, 80, 100, 120, 140, 160, 180, 200]"
172,10,"[4, 4, 4, 4, 4, 4, 4, 4, 4, 4]","[""cruise"", ""cruise"", ""cruise"", ""cruise"", ""cruise"", ""cruise"", ""cruise"", ""cruise"", ""cruise"", ""cruise""]","[0, 20, 40, 60, 80, 100, 120, 140, 160, 180]","[20, 40, 60, 80, 100, 120, 140, 160, 180, 200]"
173,10,"[4, 4, 4, 4, 4, 4, 4, 4, 4, 4]","[""cruise"", ""cruise"", ""cruise"", ""cruise"", ""cruise"", ""cruise"", ""cruise"", ""cruise"", ""cruise"", ""cruise""]","[0, 20, 40, 60, 80, 100, 120, 140, 160, 180]","[20, 40, 60, 80, 100, 120, 140, 160, 180, 200]"
174,10,"[4, 4, 4, 4, 4, 4, 4, 4, 4, 4]","[""cruise"", ""cruise"", ""cruise"", ""cruise"", ""cruise"", ""cruise"", ""cruise"", ""cruise"", ""cruise"", ""cruise""]","[0, 20, 40, 60, 80, 100, 120, 140, 160, 180]","[20, 40, 60, 80, 100, 120, 140, 160, 180, 200]"
175,10,"[4, 4, 5, 2, 4, 2, 4, 2, 4, 4]","[""cruise"", ""cruise"", ""hover"", ""accelerate"", ""cruise"", ""accelerate"", ""cruise"", ""accelerate"", ""cruise"", ""cruise""]","[0, 20, 40, 60, 80, 100, 120, 140, 160, 180]","[20, 40, 60, 80, 100, 120, 140, 160, 180, 200]"
176,10,"[4, 4, 4, 4, 4, 4, 4, 4, 4, 4]","[""cruise"", ""cruise"", ""cruise"", ""cruise"", ""cruise"", ""cruise"", ""cruise"", ""cruise"", ""cruise"", ""cruise""]","[0, 20, 40, 60, 80, 100, 120, 140, 160, 180]","[20, 40, 60, 80, 100, 120, 140, 160, 180, 200]"
177,10,"[4, 4, 4, 4, 4, 4, 4, 4, 0, 4]","[""cruise"", ""cruise"", ""cruise"", ""cruise"", ""cruise"", ""cruise"", ""cruise"", ""cruise"", ""turn_left"", ""cruise""]","[0, 20, 40, 60, 80, 100, 120, 140, 160, 180]","[20, 40, 60, 80, 100, 120, 140, 160, 180, 200]"
178,10,"[4, 4, 4, 4, 4, 4, 4, 0, 4, 2]","[""cruise"", ""cruise"", ""cruise"", ""cruise"", ""cruise"", ""cruise"", ""cruise"", ""turn_left"", ""cruise"", ""accelerate""]","[0, 20, 40, 60, 80, 100, 120, 140, 160, 180]","[20, 40, 60, 80, 100, 120, 140, 160, 180, 200]"
179,11,"[2, 4, 2, 4, 2, 4, 5, 4, 0, 1, 4]","[""accelerate"", ""cruise"", ""accelerate"", ""cruise"", ""accelerate"", ""cruise"", ""hover"", ""cruise"", ""turn_left"", ""turn_right"", ""cruise""]","[0, 20, 40, 60, 80, 100, 120, 140, 160, 177, 188]","[20, 40, 60, 80, 100, 120, 140, 160, 177, 188, 200]"
180,8,"[4, 4, 4, 4, 4, 1, 4, 4]","[""cruise"", ""cruise"", ""cruise"", ""cruise"", ""cruise"", ""turn_right"", ""cruise"", ""cruise""]","[0, 20, 40, 60, 80, 100, 108, 128]","[20, 40, 60, 80, 100, 108, 128, 130]"
181,10,"[4, 4, 2, 4, 4, 2, 4, 4, 2, 4]","[""cruise"", ""cruise"", ""accelerate"", ""cruise"", ""cruise"", ""accelerate"", ""cruise"", ""cruise"", ""accelerate"", ""cruise""]","[0, 20, 40, 60, 80, 100, 120, 140, 160, 180]","[20, 40, 60, 80, 100, 120, 140, 160, 180, 200]"
182,10,"[4, 2, 4, 2, 4, 5, 4, 0, 1, 5]","[""cruise"", ""accelerate"", ""cruise"", ""accelerate"", ""cruise"", ""hover"", ""cruise"", ""turn_left"", ""turn_right"", ""hover""]","[0, 20, 40, 60, 80, 100, 120, 140, 160, 180]","[20, 40, 60, 80, 100, 120, 140, 160, 180, 200]"
183,10,"[2, 4, 2, 4, 2, 5, 4, 2, 4, 1]","[""accelerate"", ""cruise"", ""accelerate"", ""cruise"", ""accelerate"", ""hover"", ""cruise"", ""accelerate"", ""cruise"", ""turn_right""]","[0, 20, 40, 60, 80, 100, 120, 140, 160, 180]","[20, 40, 60, 80, 100, 120, 140, 160, 180, 200]"
184,10,"[2, 2, 4, 2, 2, 2, 2, 2, 4, 2]","[""accelerate"", ""accelerate"", ""cruise"", ""accelerate"", ""accelerate"", ""accelerate"", ""accelerate"", ""accelerate"", ""cruise"", ""accelerate""]","[0, 20, 40, 60, 80, 100, 120, 140, 160, 180]","[20, 40, 60, 80, 100, 120, 140, 160, 180, 200]"
185,10,"[2, 2, 4, 2, 2, 4, 4, 2, 2, 4]","[""accelerate"", ""accelerate"", ""cruise"", ""accelerate"", ""accelerate"", ""cruise"", ""cruise"", ""accelerate"", ""accelerate"", ""cruise""]","[0, 20, 40, 60, 80, 100, 120, 140, 160, 180]","[20, 40, 60, 80, 100, 120, 140, 160, 180, 200]"
186,10,"[2, 2, 2, 4, 2, 2, 4, 2, 2, 2]","[""accelerate"", ""accelerate"", ""accelerate"", ""cruise"", ""accelerate"", ""accelerate"", ""cruise"", ""accelerate"", ""accelerate"", ""accelerate""]","[0, 20, 40, 60, 80, 100, 120, 140, 160, 180]","[20, 40, 60, 80, 100, 120, 140, 160, 180, 200]"
187,10,"[2, 2, 2, 4, 4, 2, 2, 2, 2, 5]","[""accelerate"", ""accelerate"", ""accelerate"", ""cruise"", ""cruise"", ""accelerate"", ""accelerate"", ""accelerate"", ""accelerate"", ""hover""]","[0, 20, 40, 60, 80, 100, 120, 140, 160, 180]","[20, 40, 60, 80, 100, 120, 140, 160, 180, 200]"
188,10,"[4, 2, 4, 4, 2, 2, 2, 2, 2, 4]","[""cruise"", ""accelerate"", ""cruise"", ""cruise"", ""accelerate"", ""accelerate"", ""accelerate"", ""accelerate"", ""accelerate"", ""cruise""]","[0, 20, 40, 60, 80, 100, 120, 140, 160, 180]","[20, 40, 60, 80, 100, 120, 140, 160, 180, 200]"
189,10,"[2, 2, 2, 2, 5, 4, 2, 2, 2, 5]","[""accelerate"", ""accelerate"", ""accelerate"", ""accelerate"", ""hover"", ""cruise"", ""accelerate"", ""accelerate"", ""accelerate"", ""hover""]","[0, 20, 40, 60, 80, 100, 120, 140, 160, 180]","[20, 40, 60, 80, 100, 120, 140, 160, 180, 200]"
190,10,"[2, 2, 2, 4, 4, 2, 2, 2, 2, 5]","[""accelerate"", ""accelerate"", ""accelerate"", ""cruise"", ""cruise"", ""accelerate"", ""accelerate"", ""accelerate"", ""accelerate"", ""hover""]","[0, 20, 40, 60, 80, 100, 120, 140, 160, 180]","[20, 40, 60, 80, 100, 120, 140, 160, 180, 200]"
191,10,"[4, 2, 2, 5, 4, 2, 2, 5, 1, 4]","[""cruise"", ""accelerate"", ""accelerate"", ""hover"", ""cruise"", ""accelerate"", ""accelerate"", ""hover"", ""turn_right"", ""cruise""]","[0, 20, 40, 60, 80, 100, 120, 140, 160, 180]","[20, 40, 60, 80, 100, 120, 140, 160, 180, 200]"
192,10,"[2, 5, 4, 4, 4, 2, 2, 2, 4, 5]","[""accelerate"", ""hover"", ""cruise"", ""cruise"", ""cruise"", ""accelerate"", ""accelerate"", ""accelerate"", ""cruise"", ""hover""]","[0, 20, 40, 60, 80, 100, 120, 140, 160, 180]","[20, 40, 60, 80, 100, 120, 140, 160, 180, 200]"
193,2,"[2, 1]","[""accelerate"", ""turn_right""]","[0, 17]","[17, 35]"
194,10,"[2, 2, 2, 5, 2, 4, 5, 5, 5, 5]","[""accelerate"", ""accelerate"", ""accelerate"", ""hover"", ""accelerate"", ""cruise"", ""hover"", ""hover"", ""hover"", ""hover""]","[0, 20, 40, 60, 80, 100, 120, 140, 160, 180]","[20, 40, 60, 80, 100, 120, 140, 160, 180, 200]"
195,2,"[2, 4]","[""accelerate"", ""cruise""]","[0, 17]","[17, 28]"
196,2,"[2, 5]","[""accelerate"", ""hover""]","[0, 17]","[17, 27]"
197,10,"[2, 2, 2, 5, 5, 2, 5, 5, 2, 2]","[""accelerate"", ""accelerate"", ""accelerate"", ""hover"", ""hover"", ""accelerate"", ""hover"", ""hover"", ""accelerate"", ""accelerate""]","[0, 20, 40, 60, 80, 100, 120, 140, 160, 180]","[20, 40, 60, 80, 100, 120, 140, 160, 180, 200]"
198,3,"[2, 1, 5]","[""accelerate"", ""turn_right"", ""hover""]","[0, 19, 33]","[19, 33, 37]"
199,2,"[5, 1]","[""hover"", ""turn_right""]","[0, 20]","[20, 21]"
200,10,"[5, 2, 5, 5, 2, 2, 2, 5, 2, 2]","[""hover"", ""accelerate"", ""hover"", ""hover"", ""accelerate"", ""accelerate"", ""accelerate"", ""hover"", ""accelerate"", ""accelerate""]","[0, 20, 40, 60, 80, 100, 120, 140, 160, 180]","[20, 40, 60, 80, 100, 120, 140, 160, 180, 200]"
