iteration,curriculum_single_agent_stage,mixed_fixed_scene_stage,steps_collected,episode_return_mean,safe_reach_ratio,skill_entropy_norm,top1_skill_ratio,high_div_bonus_mean,conv_eval_success_delta_w5,high_entropy_coef,low_entropy_coef,low_reference_pretrain_stage,high_samples,low_samples,loss_high_total,loss_low_mean,loss_low_actor,loss_low_value,low_entropy,low_f_mean_x,low_f_mean_y,low_h_eig_min,low_h_eig_max,eval_n_episodes,eval_success_rate,eval_reach_rate,eval_collision_rate,eval_safe_reach_ratio,eval_min_h_agent,eval_min_h_obstacle,eval_avg_traj_length,eval_avg_skill_switches,eval_qp_feasible_rate,eval_avg_steps,eval_avg_episode_return
1301.0,0.0,1.0,40.0,-1.2976430296897887,0.0,0.7792158234682519,0.35294117647058826,0.0,nan,0.010000000000000002,0.0,0.0,17.0,160.0,8.361605644226074,0.5894808670065685,0.11916756445975807,0.9390861586109566,-0.405307412147522,5.899535498023033,41.31153239607811,15.843953806161881,33.30757970809937,1.0,0.0,0.75,0.0,0.75,0.10387185215950012,1.476072072982788,12.397180947198649,86.0,1.0,200.0,272.3935173936191
1302.0,0.0,0.0,143.0,8.21087071865799,1.0,0.6293203022505174,0.5901639344262295,0.0,nan,0.010000000000000002,0.0,0.0,61.0,532.0,0.9317116588354111,0.10950641217277735,0.08541655829935735,0.048115256551267305,-0.405307412147522,1.8566542532644235,-0.02790250303223729,15.527924349531531,28.93400887027383,,,,,,,,,,,,
1303.0,0.0,0.0,178.0,7.944245276153101,1.0,0.8985177796939913,0.3968253968253968,0.0,nan,0.010000000000000002,0.0,0.0,63.0,523.0,0.9496481269598007,0.20309849679324543,0.14806497099743865,0.10987944395707894,-0.405307412147522,-1.9572146738064475,2.2859652610495687,19.204268995672464,41.33281834423542,,,,,,,,,,,,
1304.0,0.0,0.0,186.0,8.753044730424902,1.0,0.8660481977010197,0.43661971830985913,0.0,nan,0.010000000000000002,0.0,0.0,71.0,635.0,0.8747305497527122,0.24487100823080254,0.14520445435762142,0.19922967934890623,-0.405307412147522,0.8560475463164039,-0.8322416553273797,18.424017809331417,37.63438295572996,,,,,,,,,,,,
1305.0,0.0,1.0,42.0,-2.47131995677948,0.0,0.6292029771190603,0.5,0.0,nan,0.010000000000000002,0.0,0.0,20.0,168.0,7.477219223976135,0.6577719840572952,0.21788915406900092,0.8784792385544972,-0.405307412147522,-11.913518669349807,-43.223218134471345,21.785385341871354,47.64858528545925,,,,,,,,,,,,
1306.0,0.0,1.0,42.0,-1.3059969973564147,0.0,0.8427390864359282,0.35,0.0,nan,0.010000000000000002,0.0,0.0,20.0,168.0,7.009936690330505,0.5103781676388324,0.11482223658125197,0.7895128921618251,-0.405307412147522,6.9221382928746085,47.051214047840666,17.396059280350094,38.16359889507294,,,,,,,,,,,,
1307.0,0.0,1.0,114.0,0.22035031080245904,0.0,0.9305927226084252,0.3269230769230769,0.0,nan,0.010000000000000002,0.0,0.0,52.0,456.0,0.5931346416473389,0.1658390438169164,0.10036657096132262,0.12917693057031637,-0.405307412147522,-3.8579046335071325,-3.019992067012936,16.491479475051165,32.492023542523384,,,,,,,,,,,,
1308.0,0.0,0.0,168.0,8.23142747789623,1.0,0.9219038485421535,0.3392857142857143,0.0,nan,0.010000000000000002,0.0,0.0,56.0,496.0,2.516091465950012,0.4427200520030965,0.16165977147689947,0.5619829487431036,-0.405307412147522,-0.03997879795497283,1.367147175827995,18.32329548150301,37.705793395638466,,,,,,,,,,,,
1309.0,0.0,0.0,200.0,8.21424873374405,0.5,0.8141211611101933,0.34177215189873417,0.0,nan,0.010000000000000002,0.0,0.0,79.0,714.0,1.4440739005804062,0.4467043704776188,0.20895049000934307,0.4753931791098607,-0.405307412147522,-1.4590422556502745,-2.202177304541692,19.855837903916836,39.91058640182018,,,,,,,,,,,,
1310.0,0.0,0.0,200.0,9.73191704154017,0.75,0.844868122786057,0.4,0.0,nan,0.010000000000000002,0.0,0.0,75.0,655.0,1.3837481588125229,0.20638842924881828,0.10160284108735596,0.20938306678569024,-0.405307412147522,-0.5605361063499004,0.36824278999119997,17.066657055169344,32.225593253970146,1.0,0.0,0.75,0.0,0.75,0.008400365710258484,1.3183472156524658,12.334555748748244,84.0,1.0,200.0,269.91400019452004
1311.0,0.0,0.0,150.0,7.74358708985151,1.0,0.8843801013534057,0.3333333333333333,0.0,nan,0.010000000000000002,0.0,0.0,57.0,489.0,0.6841832399368286,0.37060263265129834,0.336542337851256,0.06802631368889256,-0.405307412147522,2.556991944409674,0.4006624352186918,17.27015683799982,33.81670141592622,,,,,,,,,,,,
1312.0,0.0,0.0,176.0,9.738996940106173,1.0,0.9217593401258196,0.3283582089552239,0.0,nan,0.010000000000000002,0.0,0.0,67.0,610.0,2.810959331691265,0.2900094052233726,0.15556584436853882,0.2686632455372485,-0.405307412147522,0.6307480225805193,1.81581867672503,21.40496232174337,45.95654959604144,,,,,,,,,,,,
1313.0,0.0,0.0,88.0,1.063369511514906,0.0,0.7183216359684237,0.5238095238095238,0.0,nan,0.010000000000000002,0.0,0.0,42.0,352.0,9.954944133758545,1.1056875850954384,0.07959308331387295,2.0513519456841323,-0.405307412147522,-0.9631630869116634,-4.855782709084451,18.347419198602438,38.095788829028606,,,,,,,,,,,,
1314.0,0.0,0.0,200.0,7.900508863553419,0.75,0.972893024770284,0.30158730158730157,0.0,nan,0.010000000000000002,0.0,0.0,63.0,547.0,1.4446950256824493,0.2986129976138727,0.12154438627813335,0.3540647800406819,-0.405307412147522,-1.0849186757113785,-0.6592173671815544,17.60964533314109,37.17505636066198,,,,,,,,,,,,
1315.0,0.0,1.0,40.0,-2.551447355747223,0.0,0.9022057441007985,0.35294117647058826,0.0,nan,0.010000000000000002,0.0,0.0,17.0,160.0,7.919363379478455,0.5142189509920172,0.07562757521620825,0.875656346157001,-0.405307412147522,5.115104537457228,40.24656876325607,15.537385892868041,32.18047754168511,,,,,,,,,,,,
1316.0,0.0,0.0,115.0,3.9981950309872722,0.0,0.8750471982353539,0.40425531914893614,0.0,nan,0.010000000000000002,0.0,0.0,47.0,387.0,2.122896194458008,0.4443098111617019,0.11301128465538568,0.6624615587056262,-0.405307412147522,-2.889216720708646,0.367939380928874,15.324338935315609,30.66248544678092,,,,,,,,,,,,
1317.0,0.0,0.0,200.0,4.978491808474074,0.5,0.8560025295955865,0.40298507462686567,0.0,nan,0.010000000000000002,0.0,0.0,67.0,605.0,1.9497640393674374,0.3411291360937412,0.13904611746181672,0.40323749332010017,-0.405307412147522,-9.114833798463224,-5.322313615120947,14.542950680479407,30.461306106299162,,,,,,,,,,,,
1318.0,0.0,0.0,200.0,8.775667040180437,0.75,0.8506387564140206,0.35526315789473684,0.0,nan,0.010000000000000002,0.0,0.0,76.0,666.0,0.55552152171731,0.1630234520721956,0.042990679082777206,0.23992488194122932,-0.405307412147522,1.774303206242621,1.7589819440618157,16.72296574153006,34.389396857470274,,,,,,,,,,,,
1319.0,0.0,1.0,115.0,0.05503830909728935,0.0,0.9428718642075191,0.3269230769230769,0.0,nan,0.010000000000000002,0.0,0.0,52.0,460.0,1.1509839594364166,0.21409265596355453,0.10519189011483832,0.21560835345666307,-0.405307412147522,-6.914581563323736,-0.2579283555969596,14.342494778335094,30.168764304369688,,,,,,,,,,,,
1320.0,0.0,0.0,200.0,5.341289080902948,0.5,0.9113789546788114,0.3230769230769231,0.0,nan,0.010000000000000002,0.0,0.0,65.0,596.0,1.7094289222732186,0.5265923972893916,0.13424976651367615,0.7846230303242194,-0.405307412147522,0.822258573025465,1.5353731736540794,15.596797527745366,33.53973192721605,1.0,0.0,0.0,0.5,0.0,-0.03237755596637726,1.4979639053344727,7.197470664745197,36.0,1.0,74.0,1.3421698829531707
1321.0,0.0,1.0,113.0,0.020980174541472718,0.0,0.9752710807491748,0.29411764705882354,0.0,nan,0.010000000000000002,0.0,0.0,51.0,452.0,0.8179328143596649,0.224108897999713,0.10746991001724382,0.23108721089976647,-0.405307412147522,-6.901031186804175,1.4246285553090274,13.937031680718064,29.24749603867531,,,,,,,,,,,,
1322.0,0.0,1.0,40.0,-1.3016146063804626,0.0,0.8745486404955571,0.375,0.0,nan,0.010000000000000002,0.0,0.0,16.0,160.0,1.5137490034103394,0.19966953731418471,0.06754689427034463,0.2627232183713296,-0.405307412147522,5.824931353330612,40.45148245096207,15.991557931900024,33.160601657629016,,,,,,,,,,,,
1323.0,0.0,0.0,200.0,6.654629986733214,0.75,0.9381923394883277,0.36065573770491804,0.0,nan,0.010000000000000002,0.0,0.0,61.0,550.0,0.7664230018854141,0.15258137269665895,0.09513957171088805,0.11483007273593415,-0.405307412147522,0.3627450957428664,-0.511823418084532,14.550234165042639,29.807586405426264,,,,,,,,,,,,
1324.0,0.0,0.0,200.0,7.938314014263472,0.75,0.9558709554769182,0.323943661971831,0.0,nan,0.010000000000000002,0.0,0.0,71.0,639.0,1.831362321972847,0.19626717240853964,0.0698934152669608,0.2525585886616037,-0.405307412147522,2.36237168579828,1.196581152267754,17.4763078764081,36.135767221450806,,,,,,,,,,,,
1325.0,0.0,1.0,200.0,2.44140869341791,0.25,0.856098819160545,0.47619047619047616,0.0,nan,0.010000000000000002,0.0,0.0,84.0,790.0,0.7499835640192032,0.12821051690161767,0.06405593820287692,0.1250895390418938,-0.405307412147522,-11.181927703437395,1.374302632175386,18.90105576440692,39.95807854831219,,,,,,,,,,,,
1326.0,0.0,0.0,130.0,7.3943143554031945,1.0,0.9933835182623516,0.22916666666666666,0.0,nan,0.010000000000000002,0.0,0.0,48.0,430.0,1.6498056650161743,0.21230180819469524,0.16921981108907858,0.08605604191157873,-0.405307412147522,1.0517444411525503,2.78533619758673,16.772316278889775,33.93568105995655,,,,,,,,,,,,
1327.0,0.0,0.0,165.0,7.193103565722712,1.0,0.9830960892799764,0.26785714285714285,0.0,nan,0.010000000000000002,0.0,0.0,56.0,477.0,1.110544502735138,0.12851791651337408,0.05369407107605184,0.1495177175931068,-0.405307412147522,0.3176412445027381,-0.1732228617183864,16.75754697062075,34.373315919190645,,,,,,,,,,,,
1328.0,0.0,0.0,200.0,7.234356393516084,0.75,0.9388543672818656,0.3684210526315789,0.0,nan,0.010000000000000002,0.0,0.0,76.0,651.0,1.0715448148548603,0.3651661092237646,0.17150726084855705,0.3865229899290541,-0.405307412147522,4.453848836245015,-1.5318120245356113,15.442029803991318,32.0836064144969,,,,,,,,,,,,
1329.0,0.0,1.0,117.0,0.05509902715682907,0.0,0.9709939723426139,0.2830188679245283,0.0,nan,0.010000000000000002,0.0,0.0,53.0,468.0,0.9627266377210617,0.1965295055936167,0.08844460777982022,0.2143562360570711,-0.405307412147522,-3.494974723085761,0.6839494090527296,14.714755633845925,31.087815936654806,,,,,,,,,,,,
1330.0,0.0,1.0,40.0,-1.297946834564209,0.0,0.8745486404955571,0.375,0.0,nan,0.010000000000000002,0.0,0.0,16.0,160.0,0.990207239985466,0.14178997094131773,0.06492402551084524,0.1521945949706641,-0.405307412147522,3.7911699920892716,40.62671571969986,15.03994215130806,32.71065701246262,1.0,0.0,0.0,0.0,0.0,0.16158851981163025,0.9698185920715332,12.22932065094301,90.0,1.0,200.0,3.4242112524807684
1331.0,0.0,1.0,119.0,0.2535623884201043,0.0,0.9062449432130157,0.33962264150943394,0.0,nan,0.010000000000000002,0.0,0.0,53.0,476.0,0.6107371300458908,0.1504604674987604,0.060579349920772074,0.17792949818091172,-0.405307412147522,-5.051377609372139,-2.753194752149284,13.519051026552916,27.23762935400009,,,,,,,,,,,,
1332.0,0.0,1.0,42.0,-1.2334198188781738,0.0,0.8409926159342691,0.3,0.0,nan,0.010000000000000002,0.0,0.0,20.0,168.0,9.21646499633789,0.7205986531490842,0.15243868212079784,1.1350979945297317,-0.405307412147522,-12.037869261843818,-43.54837046350752,20.849148665155685,47.53652226357233,,,,,,,,,,,,
1333.0,0.0,0.0,200.0,5.12383476596327,0.25,0.906751130049113,0.3974358974358974,0.0,nan,0.010000000000000002,0.0,0.0,78.0,717.0,2.9360983073711395,0.5447971962257725,0.177493689704334,0.7341619172117841,-0.405307412147522,5.273916818317957,-1.9931290368549526,16.292673129588366,35.84844680130482,,,,,,,,,,,,
1334.0,0.0,1.0,200.0,1.1509576067328484,0.0,0.86463177820048,0.45977011494252873,0.0,nan,0.010000000000000002,0.0,0.0,87.0,800.0,0.5232627429068089,0.17821127857268948,0.057124148414004594,0.23908792295127987,-0.405307412147522,-10.288587360875681,0.9125849017873406,15.547312449663877,34.17867100983858,,,,,,,,,,,,
1335.0,0.0,0.0,200.0,7.217114930562694,0.5,0.8444506704875138,0.36231884057971014,0.0,nan,0.010000000000000002,0.0,0.0,69.0,599.0,0.6264031790196896,0.21255318045086824,0.11510164370793063,0.19476470288187953,-0.405307412147522,1.7722807661630213,0.7612642257008702,16.652199640870094,34.88185167685151,,,,,,,,,,,,
1336.0,0.0,0.0,200.0,5.906674104481956,0.5,0.8997680626605294,0.35294117647058826,0.0,nan,0.010000000000000002,0.0,0.0,85.0,688.0,1.4334602802991867,0.21751271860739507,0.08647190896135726,0.26166422807549417,-0.405307412147522,-1.2167893334990367,-0.48780260258354247,14.973936835303903,31.662060905247927,,,,,,,,,,,,
1337.0,0.0,1.0,119.0,0.05444359540939259,0.0,0.9728045865083145,0.2641509433962264,0.0,nan,0.010000000000000002,0.0,0.0,53.0,476.0,0.39093559980392456,0.06999616003236042,0.014574885896904317,0.10861389053798096,-0.405307412147522,-6.902237476781011,-1.1897261440753937,15.171385595574975,33.25250343978405,,,,,,,,,,,,
1338.0,0.0,1.0,40.0,-1.298858070373535,0.0,0.9719977540228583,0.29411764705882354,0.0,nan,0.010000000000000002,0.0,0.0,17.0,160.0,1.2007326781749725,0.17254451163462364,0.09511783027264756,0.15332219761884341,-0.405307412147522,4.344988349825144,38.51584473848343,14.29004321694374,31.617165058851242,,,,,,,,,,,,
1339.0,0.0,1.0,118.0,-0.05286156415939408,0.0,0.9241436919608808,0.33962264150943394,0.0,nan,0.010000000000000002,0.0,0.0,53.0,472.0,0.3759218752384186,0.20089393529315203,0.13801414585410043,0.12370117260802936,-0.405307412147522,-5.915282338857651,2.19953168858774,12.296174518764019,26.408154547214508,,,,,,,,,,,,
1340.0,0.0,0.0,56.0,0.9064245024323476,0.0,0.5467637031841804,0.6428571428571429,0.0,nan,0.010000000000000002,0.0,0.0,28.0,224.0,9.215885400772095,0.9825200713368888,0.1335076344876259,1.6976762195125445,-0.405307412147522,-1.8499459050861853,0.8646184502701674,11.522833775196757,23.541032561234065,1.0,0.0,0.25,0.0,0.25,0.4882935583591461,1.136159896850586,12.540905668452979,88.0,1.0,200.0,46.079730849713116
1341.0,0.0,1.0,42.0,-1.2358099055290221,0.0,0.784661664986721,0.4,0.0,nan,0.010000000000000002,0.0,0.0,20.0,168.0,6.921360492706299,0.5255494648258069,0.08999747608703772,0.8698692702406506,-0.405307412147522,-10.943565359782605,-37.84399491264706,16.77315690971556,41.686122644515265,,,,,,,,,,,,
1342.0,0.0,0.0,200.0,6.305992941521123,0.5,0.874685223540006,0.33783783783783783,0.0,nan,0.010000000000000002,0.0,0.0,74.0,664.0,0.5070070512592793,0.18169849154037365,0.13361197169479055,0.09573631157511286,-0.405307412147522,-3.6079230919713154,6.788631247822195,12.722694929689169,28.691586032509804,,,,,,,,,,,,
1343.0,0.0,0.0,200.0,9.539164785817285,1.0,0.8956976805430448,0.3055555555555556,0.0,nan,0.010000000000000002,0.0,0.0,72.0,649.0,1.852061852812767,0.23909521873702033,0.10837055806186413,0.26130785786470767,-0.405307412147522,0.3134590536064934,0.5455574137158692,16.158812645822763,38.82115863263607,,,,,,,,,,,,
1344.0,0.0,0.0,200.0,6.8114022566378285,0.75,0.8267250207498857,0.421875,0.0,nan,0.010000000000000002,0.0,0.0,64.0,541.0,1.8245445787906647,0.2612688744497973,0.18248681186014437,0.1575151237885235,-0.405307412147522,0.3575394646031782,-0.9147092746570706,12.060954423621297,27.91170860081911,,,,,,,,,,,,
1345.0,0.0,0.0,200.0,5.099311700463299,0.75,0.9294999841839383,0.3108108108108108,0.0,nan,0.010000000000000002,0.0,0.0,74.0,610.0,1.0752461180090904,0.1745919954588544,-0.0016563609660806833,0.35245567678641954,-0.405307412147522,-0.9130772777134553,-0.07314238999970257,13.381563678383827,31.40838585793972,,,,,,,,,,,,
1346.0,0.0,0.0,200.0,4.336355655491371,0.25,0.91954475420067,0.32,0.0,nan,0.010000000000000002,0.0,0.0,75.0,691.0,0.6417560204863548,0.3142266541730123,0.18754915655887316,0.25334842762022397,-0.405307412147522,1.3239596157800406,2.7648474904708564,12.708440722897649,28.272353947162628,,,,,,,,,,,,
1347.0,0.0,0.0,200.0,4.113011401146658,0.5,0.7924585273369962,0.44594594594594594,0.0,nan,0.010000000000000002,0.0,0.0,74.0,650.0,1.8474934846162796,0.34496007948109764,0.08662491579161724,0.5158878072030049,-0.405307412147522,-1.5679020616225898,-0.560282286722213,12.492577981203794,26.816596373915672,,,,,,,,,,,,
1348.0,0.0,0.0,200.0,4.599862476587301,0.5,0.9067764616115868,0.38235294117647056,0.0,nan,0.010000000000000002,0.0,0.0,68.0,604.0,1.593636378645897,0.30957355819873555,0.1453430883780129,0.32843491089994115,-0.405307412147522,0.6298820469528437,2.6765884826891124,13.445667706429958,29.612855918705463,,,,,,,,,,,,
1349.0,0.0,1.0,40.0,-1.2988720774650573,0.0,0.8823679457213573,0.3125,0.0,nan,0.010000000000000002,0.0,0.0,16.0,160.0,0.42366136610507965,0.16013969278537843,0.10855879748778534,0.10163369337982493,-0.405307412147522,2.5196888886392115,34.742459589242934,12.894663435220718,28.005813997983932,,,,,,,,,,,,
1350.0,0.0,0.0,200.0,4.065099073499461,0.25,0.869473884146659,0.47619047619047616,0.0,nan,0.010000000000000002,0.0,0.0,84.0,768.0,1.4466168880462646,0.4129289270240406,0.2513092788634506,0.32319785511946986,-0.405307412147522,-1.0659657085780054,1.6612982712686062,12.253608498722315,25.043040208518505,1.0,0.0,0.0,0.5,0.0,-0.031275272369384766,1.911003589630127,7.09861734113656,38.0,1.0,73.0,1.30058581054211
1351.0,0.0,0.0,200.0,2.7961933352053387,0.0,0.723952946002782,0.5227272727272727,0.0,nan,0.010000000000000002,0.0,0.0,88.0,800.0,1.4320785254240036,0.8333148428531558,0.6079332027320561,0.45073364851287234,-0.405307412147522,-0.7582565229386091,0.9844470955431461,12.908198539167643,26.70015712082386,,,,,,,,,,,,
1352.0,0.0,0.0,200.0,1.5889652259647928,0.0,0.8928023273936385,0.3673469387755102,0.0,nan,0.010000000000000002,0.0,0.0,98.0,800.0,1.5826837122440338,0.3002845580290341,0.13202150245024313,0.3365123530440886,-0.405307412147522,-1.043438008055091,0.1379724470898509,11.858195645734668,23.981644455343485,,,,,,,,,,,,
1353.0,0.0,0.0,200.0,3.466517461985363,0.25,0.8446929498467286,0.43529411764705883,0.0,nan,0.010000000000000002,0.0,0.0,85.0,774.0,1.3407881706953049,0.25015959961910994,0.09653974419325095,0.30721926010633993,-0.405307412147522,-0.4855388477444649,1.146590038202703,11.956033637747169,24.803669281303883,,,,,,,,,,,,
1354.0,0.0,1.0,120.0,0.21201615333557217,0.0,0.9025152039487958,0.36538461538461536,0.0,nan,0.010000000000000002,0.0,0.0,52.0,480.0,1.0897927582263947,0.303266224381332,0.18977785434026787,0.22498055333562839,-0.405307412147522,-5.070746216922998,-1.2620331847574562,11.53546703606844,24.199326664209366,,,,,,,,,,,,
1355.0,0.0,1.0,39.0,-1.3011657738685607,0.0,0.9080637049572898,0.375,0.0,nan,0.010000000000000002,0.0,0.0,16.0,156.0,0.1775963231921196,0.0550571966659612,0.02927314853355384,0.05011473190014649,-0.405307412147522,2.1860550298140597,30.246096409284153,11.457758903503418,24.52468395844484,,,,,,,,,,,,
1356.0,0.0,1.0,40.0,-2.551110529899597,0.0,0.7532529717929038,0.4375,0.0,nan,0.010000000000000002,0.0,0.0,16.0,160.0,0.7607658952474594,0.19380253472772893,0.12608058403438918,0.13391563882883303,-0.405307412147522,1.8132069267332553,29.07846333384514,11.322978687286376,23.19925352334976,,,,,,,,,,,,
1357.0,0.0,0.0,200.0,5.667146132439402,0.25,0.9893959451707313,0.25882352941176473,0.0,nan,0.010000000000000002,0.0,0.0,85.0,748.0,1.369426891207695,0.147684733643473,0.07639861323025343,0.14254137384394006,-0.405307412147522,0.028431518469005823,1.9772214491385967,10.819836881011724,21.881043437868357,,,,,,,,,,,,
1358.0,0.0,1.0,42.0,-1.2320923042297363,0.0,0.8792029817900672,0.4,0.0,nan,0.010000000000000002,0.0,0.0,20.0,168.0,5.791519641876221,0.43982827392236296,0.09152729493218661,0.6953632968931713,-0.405307412147522,-10.485416444994154,-22.560122506959097,12.537997909954615,28.34698748588562,,,,,,,,,,,,
1359.0,0.0,0.0,200.0,3.26941465958955,0.0,0.9077762435714406,0.36666666666666664,0.0,nan,0.010000000000000002,0.0,0.0,90.0,800.0,0.8706472963094711,0.26929613740594505,0.1618080536901516,0.21495079880102574,-0.405307412147522,-0.47786575462669134,0.03996174829080701,11.679210221394897,25.278814390301704,,,,,,,,,,,,
1360.0,0.0,0.0,146.0,1.3022837014496433,0.0,0.9748203715162729,0.28125,0.0,nan,0.010000000000000002,0.0,0.0,64.0,584.0,2.1283217668533325,0.20506354506346725,0.05224084585677957,0.30531030232347334,-0.405307412147522,4.3126514703035355,0.6056627267971635,11.659755250439048,25.962089996784925,1.0,0.0,0.0,0.5,0.0,-0.021992415189743042,1.1126272678375244,7.408007960766554,37.0,1.0,78.0,1.3651229453086895
1361.0,0.0,1.0,200.0,1.0990730114281213,0.0,0.8391637067512264,0.4880952380952381,0.0,nan,0.010000000000000002,0.0,0.0,84.0,800.0,0.3391634374856949,0.16138536609287257,0.10129612001907162,0.11711686149146489,-0.405307412147522,-9.912802462931722,-0.5664739198982716,10.56754156947136,22.04071957617998,,,,,,,,,,,,
1362.0,0.0,1.0,40.0,-2.552451455593109,0.0,0.8109019787469418,0.375,0.0,nan,0.010000000000000002,0.0,0.0,16.0,160.0,0.3933704271912575,0.14894722452154383,0.13545667207508813,0.02544790450467662,-0.405307412147522,2.0403372339904307,28.7510722219944,11.249026951193809,23.40923626422882,,,,,,,,,,,,
1363.0,0.0,0.0,200.0,1.882482089102282,0.0,0.8220170535745834,0.3956043956043956,0.0,nan,0.010000000000000002,0.0,0.0,91.0,800.0,1.298361323773861,0.11271943392011963,0.04842927329968916,0.12854306439301016,-0.405307412147522,-0.7566835163161159,0.43805733416229486,11.369807237759233,25.00316397100687,,,,,,,,,,,,
1364.0,0.0,1.0,40.0,-1.299545669555664,0.0,0.8515409896376819,0.3125,0.0,nan,0.010000000000000002,0.0,0.0,16.0,160.0,0.44904133677482605,0.1406509034713963,0.062442268424274514,0.15489043819492224,-0.405307412147522,3.4047107234597207,31.87103017568588,11.583294951915741,26.1720251083374,,,,,,,,,,,,
1365.0,0.0,1.0,120.0,-0.12938089370727618,0.0,0.9111998560879886,0.3584905660377358,0.0,nan,0.010000000000000002,0.0,0.0,53.0,480.0,0.4797727093100548,0.1805164528213936,0.027168146273339744,0.30456817233469846,-0.405307412147522,-5.815201383084059,0.1783926859498024,10.82605815678835,22.810155387967825,,,,,,,,,,,,
1366.0,0.0,1.0,48.0,-1.270477454662323,0.0,0.8541965817703415,0.35,0.0,nan,0.010000000000000002,0.0,0.0,20.0,192.0,1.9928234219551086,0.22773274846683003,0.09208398107981945,0.269867352032431,-0.405307412147522,-11.122010728965202,-21.72258294870456,11.919717465837797,27.021276732285816,,,,,,,,,,,,
1367.0,0.0,0.0,200.0,3.5261443667114056,0.0,0.9500909891680432,0.3225806451612903,0.0,nan,0.010000000000000002,0.0,0.0,93.0,800.0,0.7762326002120972,0.26788666728145927,0.16428700715005107,0.20715052954687718,-0.405307412147522,-1.1762946818489581,0.3672948661260307,11.634252728894353,25.718455992639065,,,,,,,,,,,,
1368.0,0.0,0.0,200.0,2.9601897485554476,0.0,0.8997094741636971,0.3465346534653465,0.0,nan,0.010000000000000002,0.0,0.0,101.0,800.0,0.21483637392520905,0.02741738491658907,0.012160712127069928,0.030417335709878646,-0.405307412147522,-1.271995892515406,0.0826352909207344,11.05207110196352,23.949267357587814,,,,,,,,,,,,
1369.0,0.0,0.0,200.0,2.001004803925757,0.25,0.8939169902113774,0.43023255813953487,0.0,nan,0.010000000000000002,0.0,0.0,86.0,750.0,1.0326264202594757,0.275279390734795,0.18104362559959974,0.1884587841409175,-0.405307412147522,-1.095144220860675,1.0043535572476685,11.627307258546352,25.169798143208027,,,,,,,,,,,,
1370.0,0.0,0.0,200.0,4.033888448029778,0.0,0.9331945407225003,0.36666666666666664,0.0,nan,0.010000000000000002,0.0,0.0,90.0,800.0,1.2748146653175354,0.12768519205178563,0.06434832092918441,0.12662735705551675,-0.405307412147522,-0.7353748887544498,-0.034544255351647735,10.978434493765235,22.746711257845163,1.0,0.0,0.25,0.0,0.25,0.24509286880493164,1.3445158004760742,12.42640712868888,100.0,1.0,200.0,63.44480080157525
1371.0,0.0,0.0,54.0,0.09483505696058259,0.0,0.8798990812758211,0.37037037037037035,0.0,nan,0.010000000000000002,0.0,0.0,27.0,216.0,3.8648277521133423,0.34456290309834814,0.00678095869469227,0.6754827842351511,-0.405307412147522,-0.6636970517811952,-0.11034281206903634,11.567320101790958,23.78238806018123,,,,,,,,,,,,
1372.0,0.0,1.0,113.0,0.012899274826049079,0.0,0.9273833173394618,0.34615384615384615,0.0,nan,0.010000000000000002,0.0,0.0,52.0,452.0,0.6210157573223114,0.28257116269048765,0.11139814084675548,0.3404470266301953,-0.405307412147522,-6.8459851406514645,-0.25394508871249855,11.097969863563776,21.852415438741446,,,,,,,,,,,,
1373.0,0.0,1.0,125.0,-0.17103248834610058,0.0,0.9768368972131924,0.2857142857142857,0.0,nan,0.010000000000000002,0.0,0.0,56.0,500.0,0.4668736159801483,0.1569189649621876,0.07597389218110498,0.15989486908975437,-0.405307412147522,-6.658858686685562,0.0595395159907639,10.672373492270708,20.8348652087152,,,,,,,,,,,,
1374.0,0.0,0.0,200.0,1.3198341615498121,0.0,0.9481203121178231,0.2608695652173913,0.0,nan,0.010000000000000002,0.0,0.0,92.0,800.0,0.563583604991436,0.14135582997005258,0.11195167602977563,0.058804948014440805,-0.405307412147522,0.06418178649619222,0.23188475146889687,10.988640174269676,23.29678960889578,,,,,,,,,,,,
1375.0,0.0,1.0,40.0,-2.552710735797882,0.0,0.9487027158480299,0.25,0.0,nan,0.010000000000000002,0.0,0.0,16.0,160.0,0.982636034488678,0.12814446100819624,0.07162963083210343,0.1115207663122149,-0.405307412147522,0.7169291794300079,26.073605561256407,10.433253985643386,20.8213727414608,,,,,,,,,,,,
1376.0,0.0,0.0,200.0,2.9062164127826824,0.0,0.8361256969078892,0.43956043956043955,0.0,nan,0.010000000000000002,0.0,0.0,91.0,800.0,0.7458939626812935,0.07521348388490878,0.023789279395259655,0.10281709235237035,-0.405307412147522,-0.800448639318347,-1.3829121394082904,11.076650068163872,24.06603743880987,,,,,,,,,,,,
1377.0,0.0,1.0,120.0,0.19568662643432544,0.0,0.9417769777850448,0.34545454545454546,0.0,nan,0.010000000000000002,0.0,0.0,55.0,480.0,0.41166840493679047,0.21423362404402724,0.1062862470289474,0.21446191349688437,-0.405307412147522,-8.03662055823952,0.638448477955535,10.485814318060875,21.24420564621687,,,,,,,,,,,,
1378.0,0.0,0.0,200.0,4.111296687275195,0.0,0.8496090506201336,0.375,0.0,nan,0.010000000000000002,0.0,0.0,96.0,800.0,0.515908632427454,0.08939489178669646,0.06777207749893563,0.04271768244399024,-0.405307412147522,0.2615700392052531,-0.34458253253251314,10.730687152594328,22.16170083731413,,,,,,,,,,,,
1379.0,0.0,0.0,200.0,1.1557531617581986,0.0,0.8441429142241271,0.4,0.0,nan,0.010000000000000002,0.0,0.0,85.0,800.0,0.5936362557113171,0.12279000376258864,0.0832940503678401,0.0789820022269171,-0.405307412147522,0.6479095141403377,-0.14024555729702115,11.155749017372727,24.238917976617813,,,,,,,,,,,,
1380.0,0.0,0.0,200.0,2.6679463237524237,0.0,0.9040213949514353,0.30097087378640774,0.0,nan,0.010000000000000002,0.0,0.0,103.0,800.0,0.19684263784438372,0.5195629186673614,0.49563430337821046,0.04726945955912927,-0.405307412147522,0.8365115898195654,-1.0386516656726599,10.294916370883584,22.824896227568388,1.0,0.0,0.0,0.0,0.0,0.29942622780799866,1.3604421615600586,12.073865918822776,104.0,1.0,200.0,2.9717320427298755
1381.0,0.0,0.0,200.0,2.583873160183447,0.0,0.9209340644852291,0.4044943820224719,0.0,nan,0.010000000000000002,0.0,0.0,89.0,800.0,0.3782509118318558,0.10543188157748773,0.0715789014557231,0.06753982617178145,-0.405307412147522,0.8391296919435263,0.6459555551409721,10.472354009747505,22.393553394824266,,,,,,,,,,,,
1382.0,0.0,0.0,200.0,0.07518966495991464,0.0,0.7700029119619176,0.5,0.0,nan,0.010000000000000002,0.0,0.0,112.0,800.0,0.4037623479962349,0.05534629192288776,0.027414589195927874,0.05586009456111585,-0.405307412147522,-0.26772397430613637,0.9105701991356909,10.58757646009326,22.480671778321266,,,,,,,,,,,,
1383.0,0.0,0.0,200.0,3.1870364993810822,0.0,0.9690722548327303,0.3146067415730337,0.0,nan,0.010000000000000002,0.0,0.0,89.0,800.0,0.505782961845398,0.0939141705490556,0.0782230394826211,0.031343987882394536,-0.405307412147522,-1.794747416395694,-1.3730135327205062,10.90998588129878,23.62932178378105,,,,,,,,,,,,
1384.0,0.0,1.0,107.0,-0.08658815145492615,0.0,0.9656155335196158,0.32653061224489793,0.0,nan,0.010000000000000002,0.0,0.0,49.0,428.0,0.394285224378109,0.18153939467538294,0.09076760025527619,0.1798124388922086,-0.405307412147522,-5.949436455965042,0.3503845033701509,10.086638078093529,19.992057867348194,,,,,,,,,,,,
1385.0,0.0,0.0,200.0,3.3023196496069693,0.0,0.9385817196752406,0.3225806451612903,0.0,nan,0.010000000000000002,0.0,0.0,93.0,800.0,0.42055465653538704,0.19338554196918167,0.15079472481538717,0.0851580713161887,-0.405307412147522,0.1188229788094759,0.5983633776195347,11.554572559893131,21.876619923859835,,,,,,,,,,,,
1386.0,0.0,0.0,200.0,1.2673440910875848,0.0,0.9148397497812125,0.35555555555555557,0.0,nan,0.010000000000000002,0.0,0.0,90.0,800.0,0.11064571514725685,0.15716788677354998,0.11130489092602147,0.09172009823679503,-0.405307412147522,-0.4811673783697188,-0.16113812290132046,10.702616978436708,22.736929669976234,,,,,,,,,,,,
1387.0,0.0,1.0,200.0,1.0985858552157914,0.0,0.903169528577137,0.4186046511627907,0.0,nan,0.010000000000000002,0.0,0.0,86.0,800.0,0.3464970551431179,0.10629757922470162,0.052578535246539104,0.10438449999168736,-0.405307412147522,-9.65409934334457,-0.3836407901253551,9.937035147100687,19.64448879659176,,,,,,,,,,,,
1388.0,0.0,0.0,200.0,3.252293039113298,0.0,0.7607349672657647,0.4470588235294118,0.0,nan,0.010000000000000002,0.0,0.0,85.0,800.0,0.402445113286376,0.07576971351045358,0.052920636686407535,0.04569756925636992,-0.405307412147522,0.47071123542264104,-0.8032988300547004,11.225078240036964,22.683440327644348,,,,,,,,,,,,
1389.0,0.0,0.0,200.0,2.9867946654558395,0.0,0.9060272547273134,0.35051546391752575,0.0,nan,0.010000000000000002,0.0,0.0,97.0,800.0,0.2753583719022572,0.07488605899743561,0.06465970750105043,0.020447224520397725,-0.405307412147522,-0.39501324435696006,0.5054271807894111,10.231992295011878,20.631793048232794,,,,,,,,,,,,
1390.0,0.0,0.0,200.0,3.659768767654918,0.0,0.8362333930828505,0.42391304347826086,0.0,0.0,0.010000000000000002,0.0,0.0,92.0,800.0,0.1488187819486484,0.037135051592258606,0.021078981573509736,0.03210227766801947,-0.405307412147522,0.13125150045379996,-0.5637378019746393,10.537532707676291,22.002210535109043,1.0,0.0,0.0,0.0,0.0,0.8868139982223511,1.4334602355957031,11.929930458049057,107.0,1.0,200.0,2.925238870084306
1391.0,0.0,0.0,200.0,0.19433572888374184,0.0,0.9721833706765398,0.2736842105263158,0.0,nan,0.010000000000000002,0.0,0.0,95.0,800.0,0.23907945677638054,0.09898466775575798,0.0699347007466713,0.0580873371417579,-0.405307412147522,-0.6327587233390659,0.9026810899376869,11.183366023004055,23.683211650699377,,,,,,,,,,,,
1392.0,0.0,1.0,39.0,-1.2988282585144042,0.0,0.9256951390590508,0.3125,0.0,nan,0.010000000000000002,0.0,0.0,16.0,156.0,0.23415353149175644,0.07791530272926395,0.05409810511516228,0.046129497600986724,-0.405307412147522,0.9432845513025919,25.50718654730381,10.322897584010393,20.952037860185673,,,,,,,,,,,,
1393.0,0.0,1.0,48.0,-1.2744173216819763,0.0,0.8106318494827851,0.45,0.0,nan,0.010000000000000002,0.0,0.0,20.0,192.0,1.6453060805797577,0.2340314015915889,0.10054748856501305,0.265543442510455,-0.405307412147522,-9.273890377332767,-17.97494900971651,10.726305636266867,21.969670459628105,,,,,,,,,,,,
1394.0,0.0,0.0,102.0,2.388821925520903,0.0,0.8032616239741722,0.5111111111111111,0.0,nan,0.010000000000000002,0.0,0.0,45.0,408.0,1.4213254153728485,0.47903662407631487,0.347402814700679,0.26323634109240635,-0.405307412147522,0.1689240299165249,0.11803503893315792,10.015024803578854,19.389813382178545,,,,,,,,,,,,
1395.0,0.0,0.0,200.0,2.8730757795274435,0.0,0.8980499605460851,0.3465346534653465,0.0,nan,0.010000000000000002,0.0,0.0,101.0,800.0,0.14993540104478598,0.09140647678771074,0.07951173106778242,0.02378147928408743,-0.405307412147522,-0.2528798438142985,0.09586013783700764,10.358031064271927,20.975879553705454,,,,,,,,,,,,
1396.0,0.0,0.0,200.0,3.0098756887018943,0.0,0.9026912657148777,0.32673267326732675,0.0,nan,0.010000000000000002,0.0,0.0,101.0,800.0,0.24341906514018774,0.08002072443696306,0.07134571328521133,0.017024912141169527,-0.405307412147522,1.2766153761185706,-0.20494155830238014,10.017141861841083,20.64621550217271,,,,,,,,,,,,
1397.0,0.0,1.0,200.0,1.080152839422229,0.0,0.885604237999613,0.4367816091954023,0.0,nan,0.010000000000000002,0.0,0.0,87.0,800.0,0.2640582425519824,0.1564605859043695,0.13282499295155503,0.04421009930015525,-0.405307412147522,-9.058391557075083,-0.968493576394394,10.196719901636243,20.67015016451478,,,,,,,,,,,,
1398.0,0.0,0.0,200.0,3.153827577829379,0.0,0.8633495715397133,0.3163265306122449,0.0,nan,0.010000000000000002,0.0,0.0,98.0,800.0,0.38782303407788277,0.06698215243704908,0.05658696867794788,0.020789791359738758,-0.405307412147522,1.3991726534441113,-0.0303907758789137,10.135240875184536,20.809444710612297,,,,,,,,,,,,
1399.0,0.0,1.0,200.0,1.1043774113059077,0.0,0.8698423769048657,0.4659090909090909,0.0,nan,0.010000000000000002,0.0,0.0,88.0,800.0,0.2279563508927822,0.05832765854756872,0.04514307599856693,0.023293556390087844,-0.405307412147522,-8.73265768494457,-0.9078926623333246,9.933721663430333,20.133795626461506,,,,,,,,,,,,
1400.0,0.0,1.0,117.0,0.11269541263580252,0.0,0.9604429321589407,0.34615384615384615,0.0,0.0,0.010000000000000002,0.0,0.0,52.0,468.0,0.3650476932525635,0.13398411903017404,0.0569416431000036,0.1525485355628189,-0.405307412147522,-6.069893094711006,0.6514031840488315,9.733054468408227,19.279454074800014,1.0,0.0,0.0,0.5,0.0,-0.04008014500141144,1.0596604347229004,7.268392809433863,40.0,1.0,77.0,1.293582472503189
1401.0,0.0,0.0,200.0,3.5755989328026985,0.0,0.885900661721893,0.3877551020408163,0.0,nan,0.010000000000000002,0.0,0.0,98.0,800.0,0.3105071894824505,0.050360668526536756,0.03241087007882015,0.03588917169148069,-0.405307412147522,0.9086463088169694,0.24943346250802279,9.927689695730805,20.49574464559555,,,,,,,,,,,,
1402.0,0.0,1.0,48.0,-1.2675580191612243,0.0,0.8897593549342611,0.4,0.0,nan,0.010000000000000002,0.0,0.0,20.0,192.0,0.9406071752309799,0.20319021478159507,0.1150741197170646,0.1747992729642233,-0.405307412147522,-9.037409301226338,-17.14706874390443,9.973015186687311,21.527897904316585,,,,,,,,,,,,
1403.0,0.0,1.0,40.0,-2.55136456489563,0.0,0.9080636308883937,0.375,0.0,nan,0.010000000000000002,0.0,0.0,16.0,160.0,0.6589218229055405,0.14991152320399123,0.05220270731369965,0.1938869277304093,-0.405307412147522,1.2484249539673329,25.118763011693954,10.101813948154449,19.980068278312682,,,,,,,,,,,,
1404.0,0.0,0.0,200.0,4.382553659379505,0.0,0.8724599716938148,0.33695652173913043,0.0,nan,0.010000000000000002,0.0,0.0,92.0,800.0,0.5505043677985668,0.15126933782948981,0.12707120550066975,0.04836928604892565,-0.405307412147522,-0.37060384394135326,-0.2347413352690637,9.825333327054977,18.55058503523469,,,,,,,,,,,,
1405.0,0.0,0.0,200.0,1.3414103128016148,0.0,0.939912293325175,0.28125,0.0,nan,0.010000000000000002,0.0,0.0,96.0,800.0,0.48427265509963036,0.0778361663128635,0.05256674465613287,0.05053661293780122,-0.405307412147522,0.4390633162111044,0.5520609612576663,9.819009337574244,20.167015813291073,,,,,,,,,,,,
1406.0,0.0,1.0,40.0,-1.2994960784912108,0.0,0.8339095555359209,0.375,0.0,nan,0.010000000000000002,0.0,0.0,16.0,160.0,0.33350901305675507,0.04936480266042054,0.009734287415631116,0.0777329488753451,-0.405307412147522,1.1976133435964584,24.56913624405861,9.998415559530258,20.25293126106262,,,,,,,,,,,,
1407.0,0.0,0.0,200.0,3.9925945922732655,0.0,0.8031940731409091,0.45535714285714285,0.0,nan,0.010000000000000002,0.0,0.0,112.0,800.0,0.3647230751812458,0.043205042520639836,0.032353155464079464,0.021687980044334143,-0.405307412147522,-0.03326964331790805,-0.4139283993281424,9.519632743671536,17.734494663774967,,,,,,,,,,,,
1408.0,0.0,0.0,200.0,3.5495011061430235,0.0,0.842273711561594,0.449438202247191,0.0,nan,0.010000000000000002,0.0,0.0,89.0,800.0,0.5692106857895851,0.08418325422280759,0.06758238288966822,0.0331853074662708,-0.405307412147522,-1.284270465373993,0.19955950719304383,9.53486816957593,18.021519046276808,,,,,,,,,,,,
1409.0,0.0,0.0,200.0,0.950089339166882,0.0,0.7203769737669112,0.5408163265306123,0.0,nan,0.010000000000000002,0.0,0.0,98.0,800.0,0.05924409575527534,0.10265765563963214,0.08870722067058523,0.02789946291086004,-0.405307412147522,0.5776327732019126,-0.4852826385758817,9.677125375717878,21.052711322903633,,,,,,,,,,,,
1410.0,0.0,1.0,200.0,1.0895212292671235,0.0,0.8609411473134124,0.47619047619047616,0.0,0.0,0.010000000000000002,0.0,0.0,84.0,800.0,0.274827491492033,0.0781039300327393,0.05636373972720321,0.040404749570500456,-0.405307412147522,-9.169097795151174,-0.250049548689276,9.465977758169174,19.66240283474326,1.0,0.0,0.0,0.5,0.0,-0.023494094610214233,1.4771671295166016,7.120944109978154,38.0,1.0,74.0,1.2053151673078573
1411.0,0.0,1.0,183.0,0.7277930174768006,0.0,0.9759197761414107,0.2564102564102564,0.0,nan,0.010000000000000002,0.0,0.0,78.0,732.0,1.3749427422881126,0.31806575969960704,0.108875253435599,0.4168448607197701,-0.405307412147522,-5.205296344589442,2.177153580938466,9.600500391796231,18.840067736804485,,,,,,,,,,,,
1412.0,0.0,0.0,200.0,4.06755704060199,0.0,0.9371672259660001,0.31521739130434784,0.0,nan,0.010000000000000002,0.0,0.0,92.0,800.0,0.6440661624073982,0.11152792140774181,0.07447769265058923,0.07406576008219734,-0.405307412147522,-1.148755562491715,-0.7155438992194831,9.8880858682096,19.90970364585519,,,,,,,,,,,,
1413.0,0.0,0.0,200.0,2.3738181069493507,0.0,0.9269590507024754,0.33962264150943394,0.0,nan,0.010000000000000002,0.0,0.0,106.0,800.0,0.3532504327595234,0.05021637078311869,0.03265197148164134,0.03512795128182139,-0.405307412147522,0.31145250191912055,0.010452509857714176,9.719739682972431,19.060624551028013,,,,,,,,,,,,
1414.0,0.0,0.0,200.0,2.9830640107393522,0.0,0.8836910384127834,0.43956043956043955,0.0,nan,0.010000000000000002,0.0,0.0,91.0,800.0,0.37400296702980995,0.08014845977879759,0.05781109495706005,0.04463031629079983,-0.405307412147522,0.29153907392174006,-1.5122221836354584,9.640886910259724,19.343282978981733,,,,,,,,,,,,
1415.0,0.0,1.0,168.0,0.4777555574476756,0.0,0.9409951065175816,0.3287671232876712,0.0,nan,0.010000000000000002,0.0,0.0,73.0,672.0,0.6521672457456589,0.2099368611660566,0.1348824487270631,0.14861465248908523,-0.405307412147522,-5.491083087865263,-1.2665525996126235,9.926678370684385,17.51141467690468,,,,,,,,,,,,
1416.0,0.0,1.0,128.0,0.03298637390136727,0.0,0.9562273750050571,0.3050847457627119,0.0,nan,0.010000000000000002,0.0,0.0,59.0,512.0,0.4227912500500679,0.14420908543161204,0.07385032464344476,0.138958161612482,-0.405307412147522,-6.8997756745666265,-1.6816557791316882,10.102858921512961,16.602913688868284,,,,,,,,,,,,
1417.0,0.0,0.0,200.0,3.100453712046167,0.0,0.9608285348321515,0.29473684210526313,0.0,nan,0.010000000000000002,0.0,0.0,95.0,800.0,0.32049206644296646,0.0630792998463221,0.04976350856725276,0.026614744000072344,-0.405307412147522,-1.3953109718859196,0.3572413153015077,9.775384593755007,17.399545647203922,,,,,,,,,,,,
1418.0,0.0,1.0,39.0,-1.2989053869247436,0.0,0.9158830101830899,0.3125,0.0,nan,0.010000000000000002,0.0,0.0,16.0,156.0,1.7490912675857544,0.32318423645427596,0.07071684740889722,0.5034314968894507,-0.405307412147522,-1.11327070914782,22.359332940517326,9.812146156262129,17.24964333191896,,,,,,,,,,,,
1419.0,0.0,1.0,39.0,-1.299124970436096,0.0,0.9388905869720692,0.3125,0.0,nan,0.010000000000000002,0.0,0.0,16.0,156.0,1.2274169623851776,0.1044218788559262,0.025006353079777163,0.15732223667143402,-0.405307412147522,-1.3240024065360045,21.27226529365931,9.850099438276047,16.92002393037845,,,,,,,,,,,,
1420.0,0.0,0.0,200.0,1.5409531518817103,0.0,0.9334697066715932,0.3235294117647059,0.0,0.0,0.010000000000000002,0.0,0.0,102.0,800.0,0.19473528396338224,0.08599676747508056,0.046261245353889535,0.07947077707398328,-0.405307412147522,1.0126828970387578,-0.38353461073711514,9.69254618883133,15.787765841931105,1.0,0.0,0.0,0.0,0.0,0.8120677471160889,0.8974850177764893,11.470074407075117,93.0,1.0,200.0,2.7302568480372638
1421.0,0.0,1.0,46.0,-1.2958983993530273,0.0,0.8515489890784631,0.45,0.0,nan,0.010000000000000002,0.0,0.0,20.0,184.0,1.3440302610397339,0.17843840096105376,0.03187579337416379,0.2918065818779385,-0.405307412147522,-8.437956891630007,-12.801048436890477,9.730915066988572,16.372994718344316,,,,,,,,,,,,
1422.0,0.0,0.0,200.0,2.8032551184296803,0.0,0.9281135625863279,0.3978494623655914,0.0,nan,0.010000000000000002,0.0,0.0,93.0,800.0,0.14773167134262621,0.06675303158681345,0.05329883494528076,0.026841876234954397,-0.405307412147522,0.7796722901985049,-0.6431154489982873,10.148965157568455,15.481841564178467,,,,,,,,,,,,
1423.0,0.0,1.0,66.0,-1.4227949714660646,0.0,0.7791800481914251,0.35714285714285715,0.0,nan,0.010000000000000002,0.0,0.0,28.0,264.0,0.7004480063915253,0.08439351265042205,0.030436601632345628,0.10597958685018266,-0.405307412147522,-8.2274448457174,-12.634839985519648,9.769490901380777,16.03735839948058,,,,,,,,,,,,
1424.0,0.0,0.0,200.0,2.803211949765701,0.0,0.862373861971099,0.43956043956043955,0.0,nan,0.010000000000000002,0.0,0.0,91.0,800.0,0.4597781226038933,0.03130846503245266,0.019940772733207268,0.022730222301521528,-0.405307412147522,-0.6438640533015132,-0.682484065182507,9.639831757172942,16.01733623445034,,,,,,,,,,,,
1425.0,0.0,0.0,200.0,1.5941821001470238,0.0,0.8289244225513305,0.43137254901960786,0.0,nan,0.010000000000000002,0.0,0.0,102.0,800.0,0.1535615180619061,0.09125766381566791,0.06297958271056814,0.056552999444027294,-0.405307412147522,-0.15061271656304598,-0.08173093013465405,9.80638856254518,15.995065618306398,,,,,,,,,,,,
1426.0,0.0,0.0,200.0,2.8529072664678234,0.0,0.9521213657485377,0.2857142857142857,0.0,nan,0.010000000000000002,0.0,0.0,91.0,800.0,1.485759511590004,0.09070733821499743,0.06816846215178884,0.04503538547690225,-0.405307412147522,-1.2470132606104016,-0.4079860046040267,9.731918001547456,15.853616148233414,,,,,,,,,,,,
1427.0,0.0,0.0,200.0,3.9473844468593784,0.0,0.9905551974639356,0.2608695652173913,0.0,nan,0.010000000000000002,0.0,0.0,92.0,800.0,0.2216117400676012,0.05748181525746077,0.0321935031661269,0.05011686541721508,-0.405307412147522,0.755482719745487,-1.37423791969195,9.772386100143194,15.343921102583408,,,,,,,,,,,,
1428.0,0.0,1.0,154.0,0.535260877609256,0.0,0.9611548083195686,0.29850746268656714,0.0,nan,0.010000000000000002,0.0,0.0,67.0,616.0,0.44704105518758297,0.11027284173815133,0.040645805429448956,0.1376638641813548,-0.405307412147522,-4.298264434561133,-0.97022386896424,9.63270816206932,15.337127048522234,,,,,,,,,,,,
1429.0,0.0,1.0,115.0,-0.00638761520385811,0.0,0.9132105303421145,0.42592592592592593,0.0,nan,0.010000000000000002,0.0,0.0,54.0,460.0,0.4610724523663521,0.10964541490375268,0.039471540560953144,0.13851747151802574,-0.405307412147522,-7.78927499987185,0.15659445441269781,9.617342984303832,15.766820278018713,,,,,,,,,,,,
1430.0,0.0,1.0,138.0,-0.1435088562965401,0.0,0.9675666563812598,0.32786885245901637,0.0,0.0,0.010000000000000002,0.0,0.0,61.0,552.0,0.4545295313000679,0.1059702261302391,0.02237621392350775,0.16530530925702294,-0.405307412147522,-6.656234050169587,-2.1490518643986434,9.57018992304802,16.20529618859291,1.0,0.0,0.0,0.0,0.0,0.09709444642066956,0.968421459197998,11.738484004278916,102.0,1.0,200.0,2.8217643536627506
1431.0,0.0,0.0,200.0,3.0495658554136957,0.0,0.9404169247144538,0.32967032967032966,0.0,nan,0.010000000000000002,0.0,0.0,91.0,800.0,0.48717594519257545,0.0675127114398748,0.03309859408305977,0.0688128305682963,-0.405307412147522,-0.24754014564678073,1.161992353387177,9.86074641160667,16.46606921777129,,,,,,,,,,,,
1432.0,0.0,0.0,198.0,3.789739718437218,0.25,0.9063298261679715,0.3125,0.0,nan,0.010000000000000002,0.0,0.0,80.0,679.0,0.9210775122046471,0.07760227888775262,0.033362354824475915,0.08824160216456613,-0.405307412147522,-2.0361656630411744,-2.0107715632766485,9.685795772820711,16.639923874288797,,,,,,,,,,,,
1433.0,0.0,1.0,143.0,0.022825486660002725,0.0,0.9114784292063032,0.4090909090909091,0.0,nan,0.010000000000000002,0.0,0.0,66.0,572.0,-0.14475161582231522,0.3072536677441349,0.2698815892163111,0.07307371242249647,-0.405307412147522,-8.362259443849325,-1.6300080427899957,9.614322552457452,16.25997916609049,,,,,,,,,,,,
1434.0,0.0,1.0,138.0,0.054531062841417066,0.0,0.9670293606087913,0.29508196721311475,0.0,nan,0.010000000000000002,0.0,0.0,61.0,552.0,0.248922698199749,0.0882864418315421,0.039464459674036334,0.095996028741828,-0.405307412147522,-6.396237751469016,-0.7966949499677867,9.37063986621797,16.400544557720423,,,,,,,,,,,,
1435.0,0.0,0.0,200.0,2.265637822449222,0.0,0.9141699447535819,0.39325842696629215,0.0,nan,0.010000000000000002,0.0,0.0,89.0,800.0,0.5433441307395697,0.050083780715535764,0.006246513457994093,0.08766026258385762,-0.405307412147522,-1.4307795008644462,-0.6532481315080076,11.003721736371517,18.47057856991887,,,,,,,,,,,,
1436.0,0.0,0.0,200.0,3.314794201403881,0.0,0.8908802395392743,0.30303030303030304,0.0,nan,0.010000000000000002,0.0,0.0,99.0,800.0,0.14144089724868536,0.041715925250173314,0.03428608441140568,0.014821640567105972,-0.405307412147522,-1.1818880564533174,1.2935924164485186,9.336226420477033,16.25513941422105,,,,,,,,,,,,
1437.0,0.0,0.0,200.0,4.5744548663497175,0.0,0.9337178374736017,0.3655913978494624,0.0,nan,0.010000000000000002,0.0,0.0,93.0,800.0,0.4059686213731766,0.06490349759894798,0.043165864913362384,0.043440335310605815,-0.405307412147522,-0.4896227354183793,-0.19775330636184663,9.887617144733667,16.89597924426198,,,,,,,,,,,,
1438.0,0.0,1.0,61.0,-1.3757762765884398,0.0,0.653107528240076,0.4642857142857143,0.0,nan,0.010000000000000002,0.0,0.0,28.0,244.0,0.6630465984344482,0.14872859768783214,0.07330162285017919,0.149038993290027,-0.405307412147522,-9.246305990414541,-13.95313036637228,9.715008997526326,17.043980059076528,,,,,,,,,,,,
1439.0,0.0,1.0,54.0,-1.339473166465759,0.0,0.7160022425552616,0.5,0.0,nan,0.010000000000000002,0.0,0.0,24.0,216.0,0.47761450707912445,0.14259712946497732,0.06782901380211115,0.14799410217922518,-0.405307412147522,-9.008544980375856,-13.516602496306101,9.828545018478676,16.847453042312903,,,,,,,,,,,,
1440.0,0.0,0.0,200.0,2.619116090238104,0.0,0.846674070611302,0.3684210526315789,0.0,0.0,0.010000000000000002,0.0,0.0,95.0,800.0,0.32610432989895344,0.05725847344274371,0.04105520322718803,0.03240097054969637,-0.405307412147522,-0.862954119220376,0.26843729242682457,10.146434204652905,16.64342526718974,1.0,0.0,0.0,0.0,0.0,0.5186457633972168,0.9052615165710449,11.50664652208468,100.0,1.0,200.0,2.7225828729570107
1441.0,0.0,0.0,200.0,2.1377347260713764,0.0,0.9900157536934796,0.24509803921568626,0.0,nan,0.010000000000000002,0.0,0.0,102.0,800.0,0.1822198680602014,0.03927620024069256,0.02443821477255881,0.029663687940462924,-0.405307412147522,-0.1883877944201231,0.6531768491258845,9.827255841344595,16.339379854500294,,,,,,,,,,,,
1442.0,0.0,0.0,200.0,1.2071681991219638,0.0,0.9369004298021689,0.3867924528301887,0.0,nan,0.010000000000000002,0.0,0.0,106.0,800.0,0.28825666452758014,0.05595361286214029,0.046454447012592937,0.01899529475591955,-0.405307412147522,-0.7992122657597065,-0.5982755988370627,9.64113019220531,16.470970083028078,,,,,,,,,,,,
1443.0,0.0,0.0,200.0,3.0200881958008017,0.0,0.9296942668984661,0.3619047619047619,0.0,nan,0.010000000000000002,0.0,0.0,105.0,800.0,0.1499310117214918,0.05165713514975323,0.040865472487894294,0.021582631411559375,-0.405307412147522,-0.32371914107352495,-0.4730528988293372,9.488085420802236,15.76773938164115,,,,,,,,,,,,
1444.0,0.0,1.0,93.0,-0.12625747203826954,0.0,0.9246466938344448,0.36363636363636365,0.0,nan,0.010000000000000002,0.0,0.0,44.0,372.0,0.5926783233880997,0.12592429031690244,0.03912186412708252,0.17254920414237862,-0.405307412147522,-6.315411717630923,0.4382230236660689,9.48803667910397,16.31044528633356,,,,,,,,,,,,
1445.0,0.0,0.0,200.0,2.21472367271783,0.0,0.7786360121494095,0.4895833333333333,0.0,nan,0.010000000000000002,0.0,0.0,96.0,800.0,0.42319021467119455,0.05153788605275622,0.03561876106323325,0.03182884012613865,-0.405307412147522,-1.56820959597826,0.6674918802455068,9.408597312867641,16.880265213549137,,,,,,,,,,,,
1446.0,0.0,0.0,200.0,2.7162321060896106,0.0,0.9627568444737898,0.3111111111111111,0.0,nan,0.010000000000000002,0.0,0.0,90.0,800.0,0.6131152957677841,0.03771694127681258,0.018747742450273108,0.0378257527638753,-0.405307412147522,-1.2673348607495427,0.3911349212285131,9.363958233967423,15.330555066466331,,,,,,,,,,,,
1447.0,0.0,0.0,200.0,2.6544706150889628,0.0,0.8824735679672272,0.31,0.0,nan,0.010000000000000002,0.0,0.0,100.0,800.0,0.18593838904052973,0.03027035349111884,0.023687988347205646,0.013153316754512978,-0.405307412147522,-1.4494186202064157,-0.01344887400045991,9.59489406272769,15.971960298717022,,,,,,,,,,,,
1448.0,0.0,1.0,64.0,-1.4120833420753478,0.0,0.8758507716893807,0.39285714285714285,0.0,nan,0.010000000000000002,0.0,0.0,28.0,256.0,0.6411780267953873,0.10794925858226634,0.04064641332865904,0.13282507904483543,-0.405307412147522,-8.845554585568607,-13.072024382650852,9.161666564643383,16.204284269362688,,,,,,,,,,,,
1449.0,0.0,0.0,200.0,2.3823257163167124,0.0,0.968891674863985,0.27956989247311825,0.0,nan,0.010000000000000002,0.0,0.0,93.0,800.0,0.12244018446654081,0.039390924080748846,0.029310742659177436,0.020156023756403872,-0.405307412147522,-0.40604909881949425,-0.6190472936723381,9.14489114843309,15.956714108586311,,,,,,,,,,,,
1450.0,0.0,0.0,23.0,-0.02610073566436774,0.0,0.8927518864753794,0.4,0.0,0.0,0.010000000000000002,0.0,0.0,15.0,92.0,6.115515947341919,0.629630325463317,0.0802602205304024,1.098494424951755,-0.405307412147522,-0.46028637367746106,3.7318828118884046,9.651074336922687,16.45676040649414,1.0,0.0,0.0,0.0,0.0,0.24913936853408813,0.8094899654388428,11.666690617334098,98.0,1.0,200.0,2.639172501862069
1451.0,0.0,1.0,200.0,1.0619384497404132,0.0,0.7749388631994832,0.5777777777777777,0.0,nan,0.010000000000000002,0.0,0.0,90.0,800.0,0.14679759368300438,0.06985982444120964,0.0394452605000879,0.057768033276730024,-0.405307412147522,-10.1538306446746,-0.09628104383591563,9.022242976352572,15.954195886850357,,,,,,,,,,,,
1452.0,0.0,1.0,40.0,-1.299123191833496,0.0,0.9388905869720692,0.3125,0.0,nan,0.010000000000000002,0.0,0.0,16.0,160.0,0.8121533393859863,0.09471820832004596,0.042995598740526476,0.1019155165914933,-0.405307412147522,-1.8421302825212478,20.418792635202408,8.994424417614937,16.4749715089798,,,,,,,,,,,,
1453.0,0.0,0.0,200.0,2.5919028818607543,0.0,0.9792564317739115,0.2631578947368421,0.0,nan,0.010000000000000002,0.0,0.0,95.0,800.0,0.2856628312729299,0.12425296992660151,0.037358926090746536,0.1737527168998831,-0.405307412147522,-1.197920536622405,1.006253344239667,8.840698497369885,15.621649727225304,,,,,,,,,,,,
1454.0,0.0,0.0,200.0,1.4448716938495711,0.0,0.9157767953860512,0.3617021276595745,0.0,nan,0.010000000000000002,0.0,0.0,94.0,800.0,0.21842128038406372,0.09004444827951374,0.0699249329709346,0.040233615617288825,-0.405307412147522,-1.6059505958110094,0.9915640577673912,9.028032939881086,16.11285152286291,,,,,,,,,,,,
1455.0,0.0,0.0,52.0,1.1107407766580586,0.0,0.8810960346371515,0.46153846153846156,0.0,nan,0.010000000000000002,0.0,0.0,26.0,208.0,3.1900195479393005,0.38242582978021417,0.12793747464799934,0.5086142110384902,-0.405307412147522,-3.881150037050247,3.092389311068333,10.486334890127182,17.365116353218372,,,,,,,,,,,,
1456.0,0.0,0.0,200.0,1.4181741252541635,0.0,0.9406267618971672,0.3020833333333333,0.0,nan,0.010000000000000002,0.0,0.0,96.0,800.0,0.20121479406952858,0.05472465892944456,0.04729392340368577,0.014859657868109777,-0.405307412147522,-0.6766860615462065,-0.16085962089709938,9.142025485634804,15.605708178132772,,,,,,,,,,,,
1457.0,0.0,0.0,200.0,2.5511334799230294,0.0,0.7742633548668512,0.4175824175824176,0.0,nan,0.010000000000000002,0.0,0.0,91.0,800.0,1.076380342245102,0.2163072093471783,0.13781839045350353,0.15697646737230866,-0.405307412147522,0.371630797162652,-0.3002136475406587,9.595989426597953,16.09656009450555,,,,,,,,,,,,
1458.0,0.0,0.0,200.0,1.2385082393884814,0.0,0.9256558825441061,0.33,0.0,nan,0.010000000000000002,0.0,0.0,100.0,800.0,0.15389959886670113,0.15795491031201436,0.15134606668357264,0.01321531872030475,-0.405307412147522,-0.8775185877457261,0.10813686065375805,9.852568998932838,15.621621388942003,,,,,,,,,,,,
1459.0,0.0,0.0,200.0,2.953639902174487,0.0,0.7388123516671796,0.5638297872340425,0.0,nan,0.010000000000000002,0.0,0.0,94.0,800.0,0.62480678409338,0.07434154844577279,0.05957543621661898,0.02951318624568778,-0.405307412147522,-0.4104608269408345,-0.3179916659137234,10.062563978135586,16.379754699766636,,,,,,,,,,,,
1460.0,0.0,0.0,200.0,1.3527865074575072,0.0,0.7390400394538584,0.4842105263157895,0.0,0.0,0.010000000000000002,0.0,0.0,95.0,800.0,0.19169707410037518,0.10313828331527475,0.08159095148857887,0.0430885120981879,-0.405307412147522,-1.1623139278963208,0.06710402749013156,9.536118526011705,16.061314441263676,1.0,0.0,0.0,0.0,0.0,1.395681619644165,0.5889455080032349,11.527278385833483,92.0,1.0,200.0,2.8489484861493324
1461.0,0.0,0.0,200.0,2.6293190643191586,0.0,0.9112336315046201,0.422680412371134,0.0,nan,0.010000000000000002,0.0,0.0,97.0,800.0,0.3952002264559269,0.08103495303339514,0.07565247675938735,0.010759399594705621,-0.405307412147522,-1.6672503994777799,1.0215380829758942,9.674655864015222,16.552870467305183,,,,,,,,,,,,
1462.0,0.0,1.0,40.0,-1.2994035720825194,0.0,0.9388905869720692,0.3125,0.0,nan,0.010000000000000002,0.0,0.0,16.0,160.0,0.8072040230035782,0.09423414568300359,0.06044526069963467,0.06605397741650411,-0.405307412147522,-1.8112095832824706,20.922985446453094,9.641629016399383,17.136634093523025,,,,,,,,,,,,
1463.0,0.0,0.0,200.0,1.9451678022742453,0.0,0.9311482393293397,0.29896907216494845,0.0,nan,0.010000000000000002,0.0,0.0,97.0,800.0,0.08594245952554047,0.061134924415455316,0.04323547021340346,0.03579658939214833,-0.405307412147522,-0.613302240613848,0.48748186556622386,9.570225050672889,17.109824646264315,,,,,,,,,,,,
1464.0,0.0,1.0,175.0,0.812625609338288,0.0,0.9277265526040909,0.4025974025974026,0.0,nan,0.010000000000000002,0.0,0.0,77.0,700.0,1.2721985951066017,0.16406650046701543,0.031016810185058974,0.26460230558861814,-0.405307412147522,-4.77711914293468,2.716434457572177,9.30654932744801,16.842415809631348,,,,,,,,,,,,
1465.0,0.0,1.0,132.0,0.16471224308013832,0.0,0.8849736894869269,0.4576271186440678,0.0,nan,0.010000000000000002,0.0,0.0,59.0,528.0,0.46171023696660995,0.13370066484111476,0.031794578729318346,0.20231260606276097,-0.405307412147522,-8.034832953475416,-1.5634467141935602,9.353688899427652,16.890862699598074,,,,,,,,,,,,
1466.0,0.0,0.0,200.0,3.5869400352239853,0.0,0.8578541038608426,0.4044943820224719,0.0,nan,0.010000000000000002,0.0,0.0,89.0,800.0,0.5242172181606293,0.07056889569503255,0.05245991682022577,0.03621194157893409,-0.405307412147522,-0.7632591919973493,-1.9670112044550478,9.448324823752046,17.375489961355925,,,,,,,,,,,,
1467.0,0.0,0.0,121.0,1.526321352422247,0.0,0.9821568216082541,0.2727272727272727,0.0,nan,0.010000000000000002,0.0,0.0,55.0,484.0,1.2997230887413025,0.20648798410744007,0.05292968033691124,0.3066264532582862,-0.405307412147522,0.14390277303755283,-0.766337648849003,9.42312665656209,17.151646684855223,,,,,,,,,,,,
1468.0,0.0,1.0,39.0,-2.548913910388946,0.0,0.7224260157092284,0.4375,0.0,nan,0.010000000000000002,0.0,0.0,16.0,156.0,0.3012303039431572,0.08827235980126528,0.04432833259805846,0.08638058393814227,-0.405307412147522,-0.5879473288853964,21.080768725810906,9.254916053551893,17.836742211610844,,,,,,,,,,,,
1469.0,0.0,0.0,200.0,3.8591310456395407,0.0,0.9307642661718436,0.32978723404255317,0.0,nan,0.010000000000000002,0.0,0.0,94.0,800.0,0.35952185839414597,0.2185908859155341,0.20429563553705962,0.028474009170680548,-0.405307412147522,-1.085946898907423,-1.4483570393640548,11.680234646424651,21.251269072294235,,,,,,,,,,,,
1470.0,0.0,0.0,140.0,3.132213918864741,0.0,0.7610970160300087,0.5555555555555556,0.0,0.0,0.010000000000000002,0.0,0.0,63.0,560.0,0.7115762680768967,0.14651112049341464,0.04324216114173396,0.20642491040791988,-0.405307412147522,-0.2802970912307501,1.326450070599094,9.130421184003353,16.991672586649656,1.0,0.0,0.0,0.0,0.0,0.046783000230789185,0.9718399047851562,11.815325127882943,97.0,1.0,200.0,2.853872757405063
1471.0,0.0,1.0,200.0,2.3879398703575148,0.0,0.975209825772082,0.3,0.0,nan,0.010000000000000002,0.0,0.0,90.0,800.0,1.072350025177002,0.27378360043826433,0.09845576152292779,0.35018563109160905,-0.405307412147522,-5.209240940399468,-2.4730481351725757,9.142498280853033,17.061694372445345,,,,,,,,,,,,
1472.0,0.0,0.0,200.0,2.779837172478454,0.0,0.9422365752854813,0.34831460674157305,0.0,nan,0.010000000000000002,0.0,0.0,89.0,800.0,0.3500719740986824,0.03910012499363802,0.02793777131614661,0.022319110705350143,-0.405307412147522,-1.280587869696319,0.6751254578121006,9.068932361900806,17.038641661405563,,,,,,,,,,,,
1473.0,0.0,0.0,200.0,2.4846958704293,0.0,0.9086708476988012,0.3106796116504854,0.0,nan,0.010000000000000002,0.0,0.0,103.0,800.0,0.24189029075205326,0.04575892388857028,0.033706436570355436,0.02409936613533238,-0.405307412147522,-0.3731273543089628,0.19936680467799306,9.311229908838868,17.08764699473977,,,,,,,,,,,,
1474.0,0.0,1.0,47.0,-1.2825590085983276,0.0,0.7214449731800934,0.45,0.0,nan,0.010000000000000002,0.0,0.0,20.0,188.0,1.7522334158420563,0.1202132199937973,0.015210995785619548,0.20857210811877946,-0.405307412147522,-9.27164721615771,-13.123402052737298,9.385179796117418,17.00179480999074,,,,,,,,,,,,
1475.0,0.0,1.0,109.0,-0.0074472689628607425,0.0,0.9122314876731749,0.43137254901960786,0.0,nan,0.010000000000000002,0.0,0.0,51.0,436.0,1.0247944593429565,0.12836436803036122,0.011349572702783917,0.23256465379163482,-0.405307412147522,-8.04090238828212,0.40560673747677356,9.561870153993368,17.029866386204958,,,,,,,,,,,,
1476.0,0.0,0.0,200.0,3.3946614861488555,0.0,0.884230185907655,0.34408602150537637,0.0,nan,0.010000000000000002,0.0,0.0,93.0,800.0,0.16680455952882767,0.0399048034507814,0.023260785500951897,0.03328557815556965,-0.405307412147522,0.5516656581312418,-1.1269371960079297,9.347621232271194,16.706206407397985,,,,,,,,,,,,
1477.0,0.0,0.0,200.0,3.9227829091251136,0.0,0.8961589816280922,0.38636363636363635,0.0,nan,0.010000000000000002,0.0,0.0,88.0,800.0,0.26620948128402233,0.05040815137863319,0.029096368011323648,0.04261276378441949,-0.405307412147522,-1.1155437901616096,0.6393319008639082,9.564571511000395,16.978750973939896,,,,,,,,,,,,
1478.0,0.0,0.0,200.0,2.181279078125975,0.0,0.9366878520702989,0.3333333333333333,0.0,nan,0.010000000000000002,0.0,0.0,93.0,800.0,0.2510264473967254,0.04319331992519437,0.03252975949726533,0.021312702126738414,-0.405307412147522,-1.6588106243871152,0.6877937792451121,9.345241600647569,16.81705604493618,,,,,,,,,,,,
1479.0,0.0,0.0,200.0,1.3061098270118314,0.0,0.8655949701256496,0.4725274725274725,0.0,nan,0.010000000000000002,0.0,0.0,91.0,800.0,0.1744399149902165,0.04233681184541638,0.03455636886610591,0.01453292979010536,-0.405307412147522,-7.038460250943899,-1.3144401502795517,9.416751492768526,16.96675281599164,,,,,,,,,,,,
1480.0,0.0,0.0,200.0,1.1808015517890553,0.0,0.9298432194485673,0.3434343434343434,0.0,0.0,0.010000000000000002,0.0,0.0,99.0,800.0,0.08632805990055203,0.03885885104773479,0.02836405393691166,0.020971874136813215,-0.405307412147522,-0.8056424893438816,-0.008640014566481113,9.721484486013651,16.809888787567616,1.0,0.0,0.0,0.0,0.0,2.1340537071228027,0.7050299644470215,12.076210451428778,102.0,1.0,200.0,2.902905106544516
1481.0,0.0,1.0,74.0,-1.5137895846366884,0.0,0.8345044769095723,0.42424242424242425,0.0,nan,0.010000000000000002,0.0,0.0,33.0,296.0,0.9198878854513168,0.1469707596693297,0.04722484961189366,0.1972155601761909,-0.405307412147522,-8.415382795967162,-13.141133392229676,10.082503605633974,16.584007516503334,,,,,,,,,,,,
1482.0,0.0,1.0,39.0,-1.2951343202590941,0.0,0.9158830101830899,0.3125,0.0,nan,0.010000000000000002,0.0,0.0,16.0,156.0,0.4883182570338249,0.049055997389726914,0.013772379821882797,0.06907637382282676,-0.405307412147522,-2.213587027329665,20.83601534060943,10.203196216852238,16.64180677365034,,,,,,,,,,,,
1483.0,0.0,1.0,200.0,1.0875871106982262,0.0,0.857805218389402,0.4883720930232558,0.0,nan,0.010000000000000002,0.0,0.0,86.0,800.0,0.21448115224484354,0.04433524317028059,0.025442160575039452,0.03471416844223442,-0.405307412147522,-9.694997621700168,0.23022287082858384,10.270129449665546,16.523560661822557,,,,,,,,,,,,
1484.0,0.0,0.0,200.0,3.0474840886891106,0.0,0.9280690471797587,0.30927835051546393,0.0,nan,0.010000000000000002,0.0,0.0,97.0,800.0,0.21776241343468428,0.03122447918212856,0.020695084459930513,0.021050439022667816,-0.405307412147522,-0.41979860002174973,0.9579898761585355,10.309800766408443,16.880892012268305,,,,,,,,,,,,
1485.0,0.0,0.0,200.0,1.9916856512427492,0.0,0.946104082696488,0.3010752688172043,0.0,nan,0.010000000000000002,0.0,0.0,93.0,800.0,0.23650376591831446,0.05150914558544173,0.03197329076829192,0.03905975208678969,-0.405307412147522,-1.0130248796194792,-0.6381166740320623,9.951203597709537,17.24752850830555,,,,,,,,,,,,
1486.0,0.0,0.0,200.0,3.8734743706882213,0.0,0.9446912925718582,0.2777777777777778,0.0,nan,0.010000000000000002,0.0,0.0,90.0,800.0,0.3122595679014921,0.05855403023645067,0.04796305133196445,0.021171158547335582,-0.405307412147522,-2.080576884560287,-0.7462811646983027,10.06286795064807,17.995551832020283,,,,,,,,,,,,
1487.0,0.0,1.0,101.0,-0.1324829554557806,0.0,0.9856066545140293,0.2765957446808511,0.0,nan,0.010000000000000002,0.0,0.0,47.0,404.0,0.9917555749416351,0.16429889802338948,0.04056350182651158,0.2464353492253073,-0.405307412147522,-6.369332162663341,1.33811900857836,10.205865869298577,17.65538263693452,,,,,,,,,,,,
1488.0,0.0,0.0,200.0,3.772537685930749,0.0,0.972153669049195,0.3118279569892473,0.0,nan,0.010000000000000002,0.0,0.0,93.0,800.0,0.46847252547740936,0.10263822988618898,0.09153287184530705,0.022165934345363597,-0.405307412147522,-1.4693189710378647,-0.07088438188657165,10.991540476679802,19.194982171058655,,,,,,,,,,,,
1489.0,0.0,0.0,50.0,0.5381688587367532,0.0,0.8974680752981512,0.32,0.0,nan,0.010000000000000002,0.0,0.0,25.0,200.0,3.386708438396454,0.3415982551426805,0.07561941082690281,0.5315107682810393,-0.405307412147522,-0.3528575527667999,1.22075328707695,9.917366762161254,17.83016052722931,,,,,,,,,,,,
1490.0,0.0,0.0,200.0,3.130785178393143,0.0,0.9326601336369805,0.38461538461538464,0.0,0.0,0.010000000000000002,0.0,0.0,91.0,800.0,0.2901413571089506,0.03602962088871209,0.01747540560802463,0.036998145234442656,-0.405307412147522,-0.11786577478051186,-1.9765012247953564,10.056010954082012,17.554065514355898,1.0,0.0,0.0,0.0,0.0,0.8159147500991821,0.5288931131362915,11.776327572924856,100.0,1.0,200.0,2.714394826442024
1491.0,0.0,0.0,167.0,4.379017645418667,0.0,0.9064158942252651,0.3424657534246575,0.0,nan,0.010000000000000002,0.0,0.0,73.0,668.0,0.8632000684738159,0.07322461779585865,0.01257417231954605,0.12125682012698835,-0.405307412147522,-1.6087079048156738,-1.20407929783687,10.272739509120584,17.42355975136161,,,,,,,,,,,,
1492.0,0.0,0.0,200.0,3.8591040670871966,0.0,0.8890389608505792,0.37777777777777777,0.0,nan,0.010000000000000002,0.0,0.0,90.0,800.0,0.6836390011012554,0.0365083371737569,0.024186329691673336,0.024634093010383187,-0.405307412147522,-3.1702145226299763,-0.6659352914430201,9.89660682156682,17.062505297362804,,,,,,,,,,,,
1493.0,0.0,0.0,200.0,1.5821765996515869,0.0,0.8187235060396256,0.4672897196261682,0.0,nan,0.010000000000000002,0.0,0.0,107.0,800.0,0.35264914319850504,0.04449238582810722,-0.0009263740452070124,0.09081736095301729,-0.405307412147522,-1.230261653661728,-0.37780549051240087,9.871856976300478,17.078966923058033,,,,,,,,,,,,
1494.0,0.0,1.0,124.0,0.15056590199470654,0.0,0.9202563340857134,0.3392857142857143,0.0,nan,0.010000000000000002,0.0,0.0,56.0,496.0,0.8489929884672165,0.13547061634017155,0.0308860520071903,0.20790092908290708,-0.405307412147522,-6.3212387934327126,-0.291162763023749,10.069829776883125,16.951000578701496,,,,,,,,,,,,
1495.0,0.0,0.0,200.0,3.194893140345829,0.0,0.9439620102206417,0.2988505747126437,0.0,nan,0.010000000000000002,0.0,0.0,87.0,800.0,0.9782474189996719,0.04279570762810181,0.02845630438423541,0.02867576581807163,-0.405307412147522,0.7646955624222755,0.0575937801040709,10.020782325416803,16.895980026572943,,,,,,,,,,,,
1496.0,0.0,1.0,135.0,0.584861838817599,0.0,0.9777537220093898,0.2833333333333333,0.0,nan,0.010000000000000002,0.0,0.0,60.0,540.0,0.6495584100484848,0.1327271930573488,0.027217161037697224,0.2096986383061466,-0.405307412147522,-7.473179589025676,0.4400538168847561,9.951463598757982,16.74006076529622,,,,,,,,,,,,
1497.0,0.0,0.0,200.0,3.0187477469444484,0.0,0.918733255374758,0.33695652173913043,0.0,nan,0.010000000000000002,0.0,0.0,92.0,800.0,0.4623994119465351,0.02674681000689816,0.01202717142694354,0.027959705824655817,-0.405307412147522,-1.823241701349616,3.1888410565443337,9.901847826316953,17.30323886498809,,,,,,,,,,,,
1498.0,0.0,0.0,200.0,0.7205852083861984,0.0,0.939500396193841,0.3404255319148936,0.0,nan,0.010000000000000002,0.0,0.0,94.0,800.0,0.2167116547934711,0.02077441514484235,0.01536480718095845,0.010814895944991416,-0.405307412147522,-0.8741428526118398,-0.19114494719542563,9.818914696574211,17.56993344798684,,,,,,,,,,,,
1499.0,0.0,1.0,200.0,0.9905909523367914,0.0,0.9380639040224522,0.36470588235294116,0.0,nan,0.010000000000000002,0.0,0.0,85.0,800.0,0.3499458599835634,0.06522235283682676,0.02985309830364713,0.06828419499092592,-0.405307412147522,-10.729314787313342,-1.6741079189814627,9.745346862822771,17.216047890484333,,,,,,,,,,,,
1500.0,0.0,1.0,144.0,-0.12151456117630019,0.0,0.9654227321830104,0.2857142857142857,0.0,0.0,0.010000000000000002,0.0,0.0,63.0,576.0,0.49461400508880615,0.11894850877661156,0.01646276601002228,0.20297059193735756,-0.405307412147522,-7.024704026058316,-1.1515676791314036,9.41634769551456,17.248201940208673,1.0,0.0,0.0,0.0,0.0,0.1487542688846588,0.8975739479064941,11.512639404014408,94.0,1.0,200.0,2.7605218291282863
1501.0,0.0,1.0,200.0,1.0840007588267349,0.0,0.8891919131210709,0.4418604651162791,0.0,nan,0.010000000000000002,0.0,0.0,86.0,800.0,0.2588770855218172,0.02110343975800788,0.008797158794664028,0.02154640805705571,-0.405307412147522,-9.965659458190203,-0.4833985520526767,9.470079163089395,17.270043648779392,,,,,,,,,,,,
1502.0,0.0,1.0,143.0,-0.1479242372512788,0.0,0.9459355759578106,0.328125,0.0,nan,0.010000000000000002,0.0,0.0,64.0,572.0,0.6408620476722717,0.09876977152543986,0.01568744020187296,0.1640450275249885,-0.405307412147522,-7.472752442583442,-3.0920268539339304,9.58612241782248,17.110297735780478,,,,,,,,,,,,
1503.0,0.0,1.0,159.0,0.47831274926662876,0.0,0.9909929446400162,0.2463768115942029,0.0,nan,0.010000000000000002,0.0,0.0,69.0,636.0,0.5711870603263378,0.11430061293674498,0.03647197853661055,0.15398621869491924,-0.405307412147522,-5.754325125366449,0.4113155952654779,9.564837781712413,17.018818520009518,,,,,,,,,,,,
1504.0,0.0,0.0,200.0,1.9082967899739893,0.0,0.8568264719960469,0.3917525773195876,0.0,nan,0.010000000000000002,0.0,0.0,97.0,800.0,0.13610665197484195,0.02820286293672325,0.02006708574072036,0.016269395858983567,-0.405307412147522,-1.5115896668285131,0.44064959115348756,9.42886440269649,17.12001520767808,,,,,,,,,,,,
1505.0,0.0,0.0,200.0,2.567458175122758,0.0,0.953027894968174,0.3058823529411765,0.0,nan,0.010000000000000002,0.0,0.0,85.0,800.0,0.7544019371271133,0.10423896073825745,0.04821045607332053,0.11205464152703862,-0.405307412147522,-0.07581047248095274,1.138964217621833,9.731187177821994,16.3340558744967,,,,,,,,,,,,
1506.0,0.0,0.0,200.0,3.751596026122595,0.0,0.9341766942850771,0.28421052631578947,0.0,nan,0.010000000000000002,0.0,0.0,95.0,800.0,0.5811247490346432,0.016829649116971268,-0.004176571646439697,0.04199836979507167,-0.405307412147522,1.6037493795156479,0.37273690453730524,9.754704382270575,16.474631126970053,,,,,,,,,,,,
1507.0,0.0,0.0,200.0,3.075987007468955,0.0,0.8712639071592378,0.35294117647058826,0.0,nan,0.010000000000000002,0.0,0.0,102.0,800.0,0.661975584924221,0.0482284691206587,0.040633115868331515,0.015185555704686965,-0.405307412147522,0.5502844722941518,0.8882839717844035,9.565615167841315,16.670717556029558,,,,,,,,,,,,
1508.0,0.0,0.0,200.0,0.44028402864933686,0.0,0.9008379878650108,0.38,0.0,nan,0.010000000000000002,0.0,0.0,100.0,800.0,0.1316684891935438,0.03973062342265621,0.033443232050558436,0.01256683151138771,-0.405307412147522,-1.5400980431586504,0.49806973803788424,9.437395984306931,16.969072803854942,,,,,,,,,,,,
1509.0,0.0,0.0,200.0,2.7467661276459863,0.0,0.960276721556043,0.3,0.0,nan,0.010000000000000002,0.0,0.0,90.0,800.0,0.35039603896439075,0.08144246733081673,0.05359074567024891,0.055699127761494945,-0.405307412147522,0.1939968690276146,0.8647546157008037,9.477436093613505,16.769840605556965,,,,,,,,,,,,
1510.0,0.0,1.0,200.0,1.060857996344569,0.0,0.8013906436581322,0.5,0.0,0.0,0.010000000000000002,0.0,0.0,86.0,800.0,0.20301720954012126,0.04174485593830468,0.024769815699983155,0.030891469785716077,-0.405307412147522,-9.648066187277436,-0.2316839057020843,9.101087380200624,16.46953324228525,1.0,0.0,0.0,0.0,0.0,0.4891214668750763,0.9456262588500977,11.649044236728457,91.0,1.0,200.0,2.8640416897833565
1511.0,0.0,0.0,200.0,2.4635460637510063,0.0,0.7906195447840808,0.40425531914893614,0.0,nan,0.010000000000000002,0.0,0.0,94.0,800.0,0.3895253837108612,0.03873672033796538,0.02084385251191634,0.03578427221377542,-0.405307412147522,-0.5317608425393701,0.8979062205180526,9.216935297474265,17.076129842549562,,,,,,,,,,,,
1512.0,0.0,1.0,60.0,-1.3738595604896544,0.0,0.8831781113071391,0.34615384615384615,0.0,nan,0.010000000000000002,0.0,0.0,26.0,240.0,0.2817102037370205,0.042953216556149226,0.018173688939714338,0.04782536153706011,-0.405307412147522,-9.604468593001366,-14.353034096956254,9.225326595703761,17.500418774286906,,,,,,,,,,,,
1513.0,0.0,0.0,200.0,2.938810773193855,0.0,0.9215318004769331,0.3225806451612903,0.0,nan,0.010000000000000002,0.0,0.0,93.0,800.0,0.2157206553965807,0.023547122170384682,0.013199251549849578,0.020673218966653056,-0.405307412147522,-0.6028706142678857,-0.12168903998099267,9.453374110162258,18.194563884288073,,,,,,,,,,,,
1514.0,0.0,0.0,200.0,4.039576068520573,0.0,0.912979953868487,0.39325842696629215,0.0,nan,0.010000000000000002,0.0,0.0,89.0,800.0,0.32242960296571255,0.04312906370478231,0.026798489052225705,0.03265935997689595,-0.405307412147522,1.1127929082140326,-0.2781903436407447,9.379783969372511,17.969275698065758,,,,,,,,,,,,
1515.0,0.0,1.0,137.0,-0.17909419059753506,0.0,0.961402939121577,0.29508196721311475,0.0,nan,0.010000000000000002,0.0,0.0,61.0,548.0,3.0860539078712463,0.35035639977468236,0.023033120496469925,0.6521345359584625,-0.405307412147522,-8.25050831772387,-2.977228240808472,9.37720663100481,17.61733293160796,,,,,,,,,,,,
1516.0,0.0,1.0,200.0,1.107567913830283,0.0,0.8875551386545685,0.43529411764705883,0.0,nan,0.010000000000000002,0.0,0.0,85.0,800.0,0.2880338318645954,0.05304318030721333,0.026756624640256632,0.04965687159055482,-0.405307412147522,-9.589590811170638,1.2046380210667849,9.638491604477167,17.537292018532753,,,,,,,,,,,,
1517.0,0.0,0.0,200.0,3.5473329797387323,0.0,0.9370299022325901,0.35555555555555557,0.0,nan,0.010000000000000002,0.0,0.0,90.0,800.0,0.3420203570276499,0.06654071526645566,0.03922942807957952,0.0544041485856433,-0.405307412147522,1.1006223754957318,0.6607234308030456,9.547165220603347,17.89512212201953,,,,,,,,,,,,
1518.0,0.0,1.0,59.0,-1.3685361409187318,0.0,0.91435830195642,0.32,0.0,nan,0.010000000000000002,0.0,0.0,25.0,236.0,0.11726125329732895,0.04050015749570606,0.02100982769368753,0.037295062083902764,-0.405307412147522,-9.010326119802766,-15.239544945248102,9.645487429731983,17.688706228288552,,,,,,,,,,,,
1519.0,0.0,0.0,126.0,1.993688894212251,0.0,0.8046369352373642,0.4117647058823529,0.0,nan,0.010000000000000002,0.0,0.0,68.0,504.0,0.38408040814101696,0.06676429785773053,-0.002021668744589533,0.13744697609162607,-0.405307412147522,-1.3243805905804038,0.5669218173716217,9.929537259042263,17.443800814449787,,,,,,,,,,,,
1520.0,0.0,0.0,200.0,2.4921679235995047,0.0,0.9185623784314048,0.32967032967032966,0.0,0.0,0.010000000000000002,0.0,0.0,91.0,800.0,0.19181434297934175,0.0493502945819273,0.02923844977067347,0.040220905504334825,-0.405307412147522,-1.6720657674595714,-0.36049006797838956,9.895184179767966,17.5752924233675,1.0,0.0,0.0,0.0,0.0,1.209588646888733,0.8593380451202393,12.015084593440406,98.0,1.0,200.0,2.820212036371252
1521.0,0.0,1.0,200.0,1.0847230777144456,0.0,0.864055299981963,0.4431818181818182,0.0,nan,0.010000000000000002,0.0,0.0,88.0,800.0,0.2710025906562805,0.04585160088390694,0.021648379926773487,0.045427653830568036,-0.405307412147522,-10.356015322729945,-0.837707948172465,9.733748462051153,17.638954751193523,,,,,,,,,,,,
1522.0,0.0,0.0,200.0,1.0704045444727037,0.0,0.9457677358391983,0.3020833333333333,0.0,nan,0.010000000000000002,0.0,0.0,96.0,800.0,0.31514446437358856,0.06365805110567635,0.038079558523804735,0.05114516707906187,-0.405307412147522,-0.4841704089194536,0.40929696522653103,9.900691952556372,17.90169931575656,,,,,,,,,,,,
1523.0,0.0,0.0,200.0,2.133806467056297,0.0,0.9629103152265545,0.25842696629213485,0.0,nan,0.010000000000000002,0.0,0.0,89.0,800.0,0.11978118680417538,0.037671487783882185,0.027480031789309578,0.020378984301222983,-0.405307412147522,-1.1660476066172123,0.25695400673430413,9.812346488237381,18.07467955350876,,,,,,,,,,,,
1524.0,0.0,1.0,57.0,-1.3393546414375304,0.0,0.8179082297000115,0.4583333333333333,0.0,nan,0.010000000000000002,0.0,0.0,24.0,228.0,0.26361317187547684,0.044569295900465364,0.03215969309390506,0.023117164500459017,-0.405307412147522,-9.561860435887388,-15.49732338127337,9.782549061273274,18.023112046091182,,,,,,,,,,,,
1525.0,0.0,0.0,200.0,2.721496503800176,0.0,0.9748288153704308,0.28421052631578947,0.0,nan,0.010000000000000002,0.0,0.0,95.0,800.0,0.27507574763149023,0.02733621897368721,0.014673882489660173,0.0247982512030751,-0.405307412147522,1.6224900521337986,-1.2338228025473654,9.687092440202832,17.986840702593327,,,,,,,,,,,,
1526.0,0.0,0.0,200.0,3.0045210756361618,0.0,0.9064345595870879,0.3516483516483517,0.0,nan,0.010000000000000002,0.0,0.0,91.0,800.0,0.3203715421259403,0.04236740719534282,0.029767250401619094,0.02519602166062107,-0.405307412147522,0.07202552957460284,1.069814391899854,9.593532279133797,18.11322081834078,,,,,,,,,,,,
1527.0,0.0,0.0,200.0,1.4355694428086347,0.0,0.879421559102523,0.38,0.0,nan,0.010000000000000002,0.0,0.0,100.0,800.0,0.0880808987421915,0.029689166357456998,0.025876924611111463,0.007624385738169346,-0.405307412147522,-0.47929818416014314,0.9472829720471054,9.496328420937061,18.576693028211594,,,,,,,,,,,,
1528.0,0.0,1.0,88.0,-0.15468204498291066,0.0,0.9258506096720107,0.35,0.0,nan,0.010000000000000002,0.0,0.0,40.0,352.0,1.025788128376007,0.13693260591116996,0.031058756927450304,0.21047265062731524,-0.405307412147522,-6.158769052475691,1.1182166252983734,9.476186556741595,17.838883604854345,,,,,,,,,,,,
1529.0,0.0,0.0,200.0,1.4378145895898407,0.0,0.8110221184964516,0.42696629213483145,0.0,nan,0.010000000000000002,0.0,0.0,89.0,800.0,0.15948710404336452,0.07042819748494367,0.04153658264567639,0.05778082150685976,-0.405307412147522,-1.6017673490568995,0.39640192419756204,9.399642389267683,17.842228040099144,,,,,,,,,,,,
1530.0,0.0,1.0,200.0,1.0663559511303928,0.0,0.8834352785144743,0.4186046511627907,0.0,0.0,0.010000000000000002,0.0,0.0,86.0,800.0,0.1760435636388138,0.08035644961273647,0.04633395863129408,0.06508551801482243,-0.405307412147522,-9.929091782309115,-1.1881748880259693,9.478825246915221,17.523576255887747,1.0,0.0,0.0,0.5,0.0,-0.027432024478912354,1.6252474784851074,7.055380797246471,39.0,1.0,75.0,1.166313841938976
1531.0,0.0,0.0,200.0,3.473025843501115,0.0,0.9148447123972527,0.38461538461538464,0.0,nan,0.010000000000000002,0.0,0.0,91.0,800.0,0.2176562836393714,0.07374561121014267,0.058352910298708593,0.030780018295492283,-0.405307412147522,-1.4676484381780028,-0.19582493405323476,9.259304869920015,18.507026497274637,,,,,,,,,,,,
1532.0,0.0,0.0,200.0,2.710312802344579,0.0,0.9504615558553413,0.2857142857142857,0.0,nan,0.010000000000000002,0.0,0.0,91.0,800.0,0.17684541875496507,0.04484337624126056,0.02891316643308528,0.031853601450630625,-0.405307412147522,-1.0364478584378958,0.3762059318833053,9.183683585375547,18.057856060564518,,,,,,,,,,,,
1533.0,0.0,0.0,200.0,0.7269862703979011,0.0,0.8418467784443473,0.42105263157894735,0.0,nan,0.010000000000000002,0.0,0.0,95.0,800.0,0.1072562689660117,0.048687613775655336,0.043650225829878764,0.010074052726056682,-0.405307412147522,-0.7026798976585269,0.3043947360711172,8.838780865073204,18.013713598251343,,,,,,,,,,,,
1534.0,0.0,1.0,39.0,-1.2988162183761596,0.0,0.796580091061701,0.4375,0.0,nan,0.010000000000000002,0.0,0.0,16.0,156.0,1.0480314195156097,0.3272230853490794,0.20248301543641645,0.24797139644363617,-0.405307412147522,-0.468011064407153,24.474036400134747,9.761915628726666,20.27579495845697,,,,,,,,,,,,
1535.0,0.0,0.0,200.0,1.0822695493698247,0.0,0.8637193234691539,0.2967032967032967,0.0,nan,0.010000000000000002,0.0,0.0,91.0,800.0,0.20222045853734016,0.032185338517592754,0.0189553517375316,0.026458614246826398,-0.405307412147522,-1.496270409785211,0.3412135902326554,9.040060829371214,17.4746375977993,,,,,,,,,,,,
1536.0,0.0,0.0,200.0,2.1205984577536707,0.0,0.8709533362777986,0.3368421052631579,0.0,nan,0.010000000000000002,0.0,0.0,95.0,800.0,0.13820253126323223,0.01323229155309491,0.004910066611500952,0.016628299272621758,-0.405307412147522,-2.2428884813562036,0.748388314852491,8.975145721808076,17.373058792203665,,,,,,,,,,,,
1537.0,0.0,1.0,132.0,0.5227413702011138,0.0,0.9396207581500391,0.26785714285714285,0.0,nan,0.010000000000000002,0.0,0.0,56.0,528.0,0.7293828129768372,0.14110134899294735,0.0382618166849511,0.2040353479617198,-0.405307412147522,-6.595844611525536,0.11325179517734796,8.92348220385611,17.393948953598738,,,,,,,,,,,,
1538.0,0.0,0.0,200.0,2.2227873131632983,0.0,0.7245964565722893,0.41,0.0,nan,0.010000000000000002,0.0,0.0,100.0,800.0,0.28525556810200214,0.03262475583619562,0.02744527345021197,0.010355697856066642,-0.405307412147522,-1.2785379150882363,-0.01880075116059743,8.890324652194977,17.799211349338293,,,,,,,,,,,,
1539.0,0.0,0.0,200.0,1.7412422597408372,0.0,0.8080972118574926,0.3402061855670103,0.0,nan,0.010000000000000002,0.0,0.0,97.0,800.0,0.13356973323971033,0.04655090186133748,0.037380601270342595,0.018330328537474627,-0.405307412147522,-1.539495405741036,0.4330454454757273,8.873072417452931,17.02072786912322,,,,,,,,,,,,
1540.0,0.0,1.0,40.0,-1.3010448455810546,0.0,0.8707342404830699,0.4375,0.0,0.0,0.010000000000000002,0.0,0.0,16.0,160.0,0.6749314665794373,0.20428523109294475,0.09371995897963643,0.2196080790706422,-0.405307412147522,-0.8529576554894447,21.7112286567688,8.54537391960621,17.504956138134002,1.0,0.0,0.0,0.5,0.0,-0.058418042957782745,0.8976006507873535,7.339676036732271,36.0,1.0,78.0,1.2674307388067287
1541.0,0.0,0.0,200.0,1.3602391853928646,0.0,0.8373442783868872,0.41304347826086957,0.0,nan,0.010000000000000002,0.0,0.0,92.0,800.0,0.49152105394750834,0.05191117293543357,0.03282822752044012,0.038164210982742156,-0.405307412147522,-0.27677406277507544,0.05083012883551419,9.405199145898223,17.07903688773513,,,,,,,,,,,,
1542.0,0.0,0.0,200.0,2.4920169785618977,0.0,0.8898432009246712,0.34831460674157305,0.0,nan,0.010000000000000002,0.0,0.0,89.0,800.0,0.39887404069304466,0.05727269068302121,0.027385711403439927,0.05976646037905492,-0.405307412147522,-1.1289423611015081,0.18501655152067542,9.095184465870261,16.979199323803186,,,,,,,,,,,,
1543.0,0.0,0.0,200.0,1.8250005692243731,0.0,0.9322946036346188,0.3655913978494624,0.0,nan,0.010000000000000002,0.0,0.0,93.0,800.0,0.20677233627066016,0.03804223004044616,0.03440454420979222,0.007275209802578293,-0.405307412147522,-1.0563482879661024,0.40633521461859345,8.83544709160924,17.13771741092205,,,,,,,,,,,,
1544.0,0.0,1.0,200.0,2.392981432378302,0.0,0.9469134335244124,0.33707865168539325,0.0,nan,0.010000000000000002,0.0,0.0,89.0,800.0,0.6532726958394051,0.0463837815694319,0.025579534973388718,0.04097104259765476,-0.405307412147522,1.568822542205453,2.66915252385661,9.184311272576451,16.838312543928623,,,,,,,,,,,,
1545.0,0.0,0.0,136.0,0.8394998976588286,0.0,0.8573265851826621,0.39473684210526316,0.0,nan,0.010000000000000002,0.0,0.0,76.0,544.0,0.259317803196609,0.044469205560972114,-0.0073497300471407345,0.1035776507650279,-0.405307412147522,-0.3474986646324396,-0.844248037901707,9.016822628676891,16.762485094368458,,,,,,,,,,,,
1546.0,0.0,1.0,68.0,-1.4509750533103942,0.0,0.8402304469931744,0.41379310344827586,0.0,nan,0.010000000000000002,0.0,0.0,29.0,272.0,0.20662185922265053,0.03748117726945566,0.011576549209166842,0.0496889260822449,-0.405307412147522,-9.631890731863678,-13.75996495783329,8.965925320982933,16.841385658830404,,,,,,,,,,,,
1547.0,0.0,0.0,200.0,2.0259898826479996,0.0,0.9141063195718132,0.3118279569892473,0.0,nan,0.010000000000000002,0.0,0.0,93.0,800.0,0.24631321243941784,0.013999939068298772,-0.0015466870027012192,0.031086242152627064,-0.405307412147522,-0.4507351405918598,-0.2518957438878715,9.315715270116925,16.768696915358305,,,,,,,,,,,,
1548.0,0.0,0.0,200.0,3.4386312142014748,0.0,0.8502577460123694,0.37,0.0,nan,0.010000000000000002,0.0,0.0,100.0,800.0,0.30336977541446686,0.038838769109133864,0.019328629959090904,0.039014359382821065,-0.405307412147522,-0.3201332688331604,-0.03406736580654979,9.523152571171522,16.908044308423996,,,,,,,,,,,,
1549.0,0.0,1.0,40.0,-1.303801918029785,0.0,0.8207140335540064,0.375,0.0,nan,0.010000000000000002,0.0,0.0,16.0,160.0,0.9126646965742111,0.08953371813840931,0.04024295877117824,0.09708222189061928,-0.405307412147522,-1.5502754896879196,21.625305515527725,9.49964852631092,17.320693647861482,,,,,,,,,,,,
1550.0,0.0,0.0,200.0,1.9794219434261437,0.0,0.9155166654228709,0.3,0.0,0.0,0.010000000000000002,0.0,0.0,90.0,800.0,0.1756744640879333,0.0749137570237508,0.057186082340194844,0.03545236396689819,-0.405307412147522,0.4534322349354625,0.08511348406318575,9.478160945698619,17.09115245938301,1.0,0.0,0.0,0.0,0.0,0.10314348340034485,0.842246413230896,11.555640316629592,96.0,1.0,200.0,2.751377336680911
1551.0,0.0,0.0,200.0,0.8864637315273332,0.0,0.9279137987734871,0.32038834951456313,0.0,nan,0.010000000000000002,0.0,0.0,103.0,800.0,0.1661022319458425,0.05425343014758255,0.029354748492551153,0.04972837944860142,-0.405307412147522,0.4814275922253728,0.44736943719908595,9.157991213724017,17.329599890857935,,,,,,,,,,,,
1552.0,0.0,1.0,49.0,-1.2934343123435974,0.0,0.8198031342694989,0.38095238095238093,0.0,nan,0.010000000000000002,0.0,0.0,21.0,196.0,0.28220273554325104,0.0422572262908275,0.02399964849417079,0.035051633803440285,-0.405307412147522,-9.437410433681643,-14.148417944810829,9.26171377240395,17.26371356905723,,,,,,,,,,,,
1553.0,0.0,0.0,200.0,2.2159393206238875,0.0,0.8554369395047994,0.367816091954023,0.0,nan,0.010000000000000002,0.0,0.0,87.0,800.0,0.3828987441956997,0.057349367856090794,0.0264416695890759,0.061812461519927586,-0.405307412147522,-0.9948322689160705,0.579550416325219,9.340434921905398,17.24039213731885,,,,,,,,,,,,
1554.0,0.0,0.0,200.0,0.6181250736117394,0.0,0.6821646080509178,0.4731182795698925,0.0,nan,0.010000000000000002,0.0,0.0,93.0,800.0,0.12145972158759832,0.045716349487975094,0.03786194268377585,0.0157024394863996,-0.405307412147522,-1.945294737815857,0.08453102270141244,8.975116970017552,17.698135174810886,,,,,,,,,,,,
1555.0,0.0,1.0,200.0,1.051742404699328,0.0,0.7978628902736368,0.4523809523809524,0.0,nan,0.010000000000000002,0.0,0.0,84.0,800.0,0.22705270629376173,0.023925506741761637,0.012205582543174387,0.020491695279971953,-0.405307412147522,-9.666187678463757,-0.5372703862376511,9.181120539084077,17.204796515405178,,,,,,,,,,,,
1556.0,0.0,1.0,200.0,1.0265033096075078,0.0,0.810380237442659,0.4069767441860465,0.0,nan,0.010000000000000002,0.0,0.0,86.0,800.0,0.113002834841609,0.02825632813255652,0.016230564229772426,0.021292218589999853,-0.405307412147522,-9.764504365622997,-0.6428338582627475,9.440471962094307,17.80846105515957,,,,,,,,,,,,
1557.0,0.0,0.0,200.0,2.523552212864172,0.0,0.6728771091661888,0.5813953488372093,0.0,nan,0.010000000000000002,0.0,0.0,86.0,800.0,0.1981921826954931,0.03526967823745508,0.010745957935796469,0.049006213982029534,-0.405307412147522,-1.620824621990323,1.2667345791123807,9.0772999022156,16.96378267928958,,,,,,,,,,,,
1558.0,0.0,0.0,200.0,-0.3518809229135489,0.0,0.9148536747336835,0.3235294117647059,0.0,nan,0.010000000000000002,0.0,0.0,102.0,800.0,0.4833224257454276,0.026928768164452777,0.01395062138180947,0.025955500848048693,-0.405307412147522,-1.2560808146372437,0.41827580612152815,9.099752193316817,17.324979685246944,,,,,,,,,,,,
1559.0,0.0,0.0,138.0,1.8793870162963928,0.0,0.8563013975914385,0.3870967741935484,0.0,nan,0.010000000000000002,0.0,0.0,62.0,552.0,0.7902417927980423,0.11951041986594646,0.011502105697218212,0.21601282312788783,-0.405307412147522,-1.0684507545083761,-0.26107809180393815,9.304922919720411,17.152562133967876,,,,,,,,,,,,
1560.0,0.0,1.0,129.0,0.431834912896159,0.0,0.7928853863853468,0.45614035087719296,0.0,0.0,0.010000000000000002,0.0,0.0,57.0,516.0,1.2125793099403381,0.11957912455636688,0.031982484981654125,0.17357863567562282,-0.405307412147522,-6.621212277561426,0.010893527360167354,9.037790540605783,17.051555290818214,1.0,0.0,0.0,0.0,0.0,0.2119854986667633,0.8006501197814941,11.303455923514548,90.0,1.0,200.0,2.7175723500549998
1561.0,0.0,1.0,138.0,0.2390205514431032,0.0,0.8401391200442561,0.45901639344262296,0.0,nan,0.010000000000000002,0.0,0.0,61.0,552.0,0.7204290330410004,0.07773529292489911,0.008548164601961616,0.13643829139064784,-0.405307412147522,-7.675505319610238,-0.6857852197717875,9.20541363954544,17.489308021962643,,,,,,,,,,,,
1562.0,0.0,1.0,130.0,0.04452801942825235,0.0,0.7687352228047908,0.4666666666666667,0.0,nan,0.010000000000000002,0.0,0.0,60.0,520.0,0.5074917674064636,0.09190547291200346,0.02873017427236846,0.12457918966763633,-0.405307412147522,-7.627399595454335,-1.816986209829338,9.431478921324015,17.27302920818329,,,,,,,,,,,,
1563.0,0.0,0.0,200.0,1.4637868963182115,0.0,0.8656434852526095,0.39,0.0,nan,0.010000000000000002,0.0,0.0,100.0,800.0,0.28895798698067665,0.03122149292696008,0.012170663198503462,0.038098268315641004,-0.405307412147522,-0.8910409742966294,0.3583826447138563,9.724672995507717,17.541456025093794,,,,,,,,,,,,
1564.0,0.0,0.0,200.0,1.8939591087401075,0.0,0.9289489856656872,0.27835051546391754,0.0,nan,0.010000000000000002,0.0,0.0,97.0,800.0,0.26664060913026333,0.057892222592272446,0.04028279991462114,0.03521518300789794,-0.405307412147522,-1.5913727432489395,0.4132097470574081,9.39525262080133,17.61897911131382,,,,,,,,,,,,
1565.0,0.0,1.0,132.0,-0.050434566736218545,0.0,0.880302978966374,0.46551724137931033,0.0,nan,0.010000000000000002,0.0,0.0,58.0,528.0,0.7465378940105438,0.14524692315501397,0.020728372937703077,0.24677644898815565,-0.405307412147522,-7.438599810004234,-3.0651356452144682,9.241263115778565,17.65444351732731,,,,,,,,,,,,
1566.0,0.0,1.0,59.0,-1.373169627189636,0.0,0.9520964045305446,0.32,0.0,nan,0.010000000000000002,0.0,0.0,25.0,236.0,0.29647767543792725,0.03556155257461734,0.013379285955602812,0.042581400759020505,-0.405307412147522,-9.761973948801979,-15.680892225039207,9.712035100338822,18.414254988654186,,,,,,,,,,,,
1567.0,0.0,1.0,40.0,-1.2985784649848937,0.0,0.7773869142852092,0.375,0.0,nan,0.010000000000000002,0.0,0.0,16.0,160.0,0.15614625439047813,0.04083093091485353,0.02504090150760021,0.03005041404615678,-0.405307412147522,-1.6042731896042823,23.33670618534088,9.360359865427018,18.355074292421342,,,,,,,,,,,,
1568.0,0.0,1.0,200.0,1.0551107674837135,0.0,0.7874509514768806,0.4942528735632184,0.0,nan,0.010000000000000002,0.0,0.0,87.0,800.0,0.2855657492764294,0.02938793278508456,0.011727120175805794,0.03230934850806182,-0.405307412147522,-9.569787609390914,-0.5317366304807365,9.435373289510608,17.62459571659565,,,,,,,,,,,,
1569.0,0.0,1.0,40.0,-1.2992955088615417,0.0,0.9256951390590508,0.3125,0.0,nan,0.010000000000000002,0.0,0.0,16.0,160.0,0.25579868257045746,0.02925519699056167,0.021076665172586218,0.014830010972148533,-0.405307412147522,-1.5043948784470558,23.341416585445405,9.245010042190552,18.143235242366792,,,,,,,,,,,,
1570.0,0.0,0.0,200.0,2.86545708030464,0.0,0.9390667968759432,0.32941176470588235,0.0,0.0,0.010000000000000002,0.0,0.0,85.0,800.0,0.09612397011369467,0.11287828493482266,0.09141511448559127,0.04292201597138759,-0.405307412147522,0.9470455730333924,1.0699424725025892,10.114245848730206,18.830048572272062,1.0,0.0,0.0,0.0,0.0,0.10516977310180664,0.5587382316589355,11.680594809679405,98.0,1.0,200.0,2.67848663032057
1571.0,0.0,1.0,133.0,0.2411278319358861,0.0,0.8923242867380675,0.4067796610169492,0.0,nan,0.010000000000000002,0.0,0.0,59.0,532.0,1.0655080676078796,0.19563718010454068,0.033702498205592235,0.32197460483167806,-0.405307412147522,-6.801081521436572,-2.7323387432843447,9.640436703339219,17.8924946449697,,,,,,,,,,,,
1572.0,0.0,0.0,125.0,2.6695155575871556,0.0,0.8297327364147091,0.49122807017543857,0.0,nan,0.010000000000000002,0.0,0.0,57.0,500.0,1.1830098927021027,0.13340321496167462,0.0507163546534006,0.16531833002322527,-0.405307412147522,1.148250112310052,1.4735273099504411,10.127283034846187,18.46330827847123,,,,,,,,,,,,
1573.0,0.0,1.0,40.0,-1.2987743258476256,0.0,0.6592103608671465,0.5,0.0,nan,0.010000000000000002,0.0,0.0,16.0,160.0,0.12332058139145374,0.061638506787858205,0.05728190076242754,0.007184711378360386,-0.405307412147522,-1.8634517177939416,24.166635006666183,9.778165465593338,18.19664160013199,,,,,,,,,,,,
1574.0,0.0,1.0,148.0,0.30029534220695886,0.0,0.8738488375649972,0.4393939393939394,0.0,nan,0.010000000000000002,0.0,0.0,66.0,592.0,0.2190790632739663,0.07943577998867113,0.021452867132211395,0.11438314887583587,-0.405307412147522,-7.623783211223781,0.38668768433853984,9.874429663643241,17.548436354845762,,,,,,,,,,,,
1575.0,0.0,0.0,200.0,2.58014897257091,0.0,0.9236492820792669,0.28735632183908044,0.0,nan,0.010000000000000002,0.0,0.0,87.0,800.0,0.3947031497955322,0.03258116020151647,0.020537377547043434,0.023558662097054095,-0.405307412147522,2.4940243093296885,0.5820646742358804,9.60381375066936,17.727632865309715,,,,,,,,,,,,
1576.0,0.0,0.0,200.0,1.7591639310121643,0.0,0.8703302687236208,0.40425531914893614,0.0,nan,0.010000000000000002,0.0,0.0,94.0,800.0,0.6290445178747177,0.3229696178132144,0.07158099701981277,0.5026921488980207,-0.405307412147522,-0.8109092060476542,-0.42985505471006036,9.853145882487297,17.615738447755575,,,,,,,,,,,,
1577.0,0.0,0.0,200.0,2.2772105932235873,0.0,0.9512906830785303,0.28888888888888886,0.0,nan,0.010000000000000002,0.0,0.0,90.0,800.0,0.22537121549248695,0.1313623206046941,0.10939383653521872,0.043934280655974225,-0.405307412147522,1.3759584976360202,-1.1352655566297472,10.028123211115599,17.931836146861315,,,,,,,,,,,,
1578.0,0.0,0.0,68.0,1.9293612164259,0.0,0.8647626579399275,0.3888888888888889,0.0,nan,0.010000000000000002,0.0,0.0,36.0,272.0,1.4376333355903625,0.1923131718779132,0.021124196386483267,0.3420263482882948,-0.405307412147522,-0.9877295130863786,3.086749686859548,10.294506078585982,17.95426144078374,,,,,,,,,,,,
1579.0,0.0,0.0,200.0,3.604739762842681,0.0,0.9035494279453464,0.3695652173913043,0.0,nan,0.010000000000000002,0.0,0.0,92.0,800.0,0.5933828689157963,0.059534312556024815,0.05523184821004179,0.008600554170763674,-0.405307412147522,-0.5043358504772186,0.5731135495007038,10.345756912603974,17.88612775504589,,,,,,,,,,,,
1580.0,0.0,1.0,40.0,-1.3021732807159423,0.0,0.9080637049572898,0.375,0.0,0.0,0.010000000000000002,0.0,0.0,16.0,160.0,0.11733564548194408,0.036747136813755785,0.027959766800540818,0.016062828040372346,-0.405307412147522,-1.4475741520524026,24.417633128166198,9.946152502298355,18.386560159921647,1.0,0.0,0.0,0.0,0.0,0.12086960673332214,0.412511944770813,11.786459939097199,91.0,1.0,200.0,2.8427303507924297
1581.0,0.0,1.0,55.0,-1.3225123167037962,0.0,0.6787839554941206,0.625,0.0,nan,0.010000000000000002,0.0,0.0,24.0,220.0,0.1233148593455553,0.036182573679252525,0.0207864788236541,0.029126279617962384,-0.405307412147522,-9.529144454002381,-13.809964960271662,10.246934778040105,17.909323128786955,,,,,,,,,,,,
1582.0,0.0,0.0,200.0,2.6419325843453594,0.0,0.8988441272503045,0.3870967741935484,0.0,nan,0.010000000000000002,0.0,0.0,93.0,800.0,0.18514666450209916,0.0565024424256535,0.03477912683621298,0.04343707157411007,-0.405307412147522,-1.077532347291708,1.1893248544074595,10.439401619136333,18.439434003084898,,,,,,,,,,,,
1583.0,0.0,1.0,42.0,-1.314493818283081,0.0,0.8593986625516732,0.45,0.0,nan,0.010000000000000002,0.0,0.0,20.0,168.0,0.26535577699542046,0.04107770808817198,0.025999489794707016,0.028605129931925263,-0.405307412147522,-1.4640241549128579,24.741792956988018,9.79313424087706,18.81493932292575,,,,,,,,,,,,
1584.0,0.0,0.0,200.0,3.02893263474109,0.0,0.9384395814635826,0.33695652173913043,0.0,nan,0.010000000000000002,0.0,0.0,92.0,800.0,0.17505903728306293,0.03422980512732465,0.022152020243083825,0.024140190990663557,-0.405307412147522,-1.0321199679747224,0.837607593042776,10.331069150939584,17.91472566872835,,,,,,,,,,,,
1585.0,0.0,0.0,200.0,2.0088110230863316,0.0,0.7885485043796154,0.3673469387755102,0.0,nan,0.010000000000000002,0.0,0.0,98.0,800.0,0.2790990024805069,0.04213612257967725,0.03547704170614452,0.01331620770083903,-0.405307412147522,-0.36911853589117527,0.027492436580359936,9.827383184805512,18.20541188493371,,,,,,,,,,,,
1586.0,0.0,1.0,115.0,0.009363508224486616,0.0,0.8992054353255873,0.39622641509433965,0.0,nan,0.010000000000000002,0.0,0.0,53.0,460.0,0.5584412813186646,0.0525209242996425,-0.004061942160433318,0.11167036238598743,-0.405307412147522,-8.52021642960608,0.39178193447878584,10.066564625129104,18.115920558571815,,,,,,,,,,,,
1587.0,0.0,1.0,163.0,0.10862800002098039,0.0,0.8708614908466074,0.4027777777777778,0.0,nan,0.010000000000000002,0.0,0.0,72.0,652.0,0.4304249417036772,0.0672137375404418,0.020636214426986044,0.09158697000016888,-0.405307412147522,-7.338008426129818,0.17996273329481483,9.726352224126458,18.443602357059717,,,,,,,,,,,,
1588.0,0.0,0.0,145.0,3.2274665527045925,0.0,0.8334962510955606,0.4714285714285714,0.0,nan,0.010000000000000002,0.0,0.0,70.0,580.0,0.5237528756260872,0.09464425163969281,0.03920713653042185,0.11045810242439547,-0.405307412147522,-2.0795452911406755,-1.4877864543814212,9.948714220896363,18.521672192960978,,,,,,,,,,,,
1589.0,0.0,0.0,47.0,0.14349351704120644,0.0,0.7477392831655871,0.5416666666666666,0.0,nan,0.010000000000000002,0.0,0.0,24.0,188.0,1.7610724866390228,0.15380954084065843,-0.035104842154976994,0.3773804071329321,-0.405307412147522,-2.8759796987188624,-0.6187916715094384,10.814657792131952,17.470237478296806,,,,,,,,,,,,
1590.0,0.0,0.0,200.0,1.2975611425936318,0.0,0.8885575130257867,0.3146067415730337,0.0,0.0,0.010000000000000002,0.0,0.0,89.0,800.0,0.2599397683516145,0.05488701763897552,0.04126235044532223,0.027240948594289004,-0.405307412147522,-1.7466047937050462,0.5078709200024605,9.908875156193972,18.3702006675303,1.0,0.0,0.0,0.0,0.0,0.11697056889533997,0.7086015939712524,11.464100386380778,95.0,1.0,200.0,2.771516904234907
1591.0,0.0,0.0,200.0,2.1155430451035624,0.0,0.9375889742605185,0.2903225806451613,0.0,nan,0.010000000000000002,0.0,0.0,93.0,800.0,0.4937460273504257,0.048702510787734354,0.032087802366277174,0.03322184658364846,-0.405307412147522,-1.4027764238417149,-0.5668668197467923,10.154109425842762,18.00066339597106,,,,,,,,,,,,
1592.0,0.0,1.0,52.0,-1.2991279554367063,0.0,0.7818368994953188,0.5416666666666666,0.0,nan,0.010000000000000002,0.0,0.0,24.0,208.0,0.2791946902871132,0.018908945519517426,-0.0014094719387615512,0.03908041884348169,-0.405307412147522,-8.926528100784008,-13.623583795932623,10.525091453240467,17.488640322135044,,,,,,,,,,,,
1593.0,0.0,1.0,40.0,-2.5524507999420165,0.0,0.8285333387798066,0.3125,0.0,nan,0.010000000000000002,0.0,0.0,16.0,160.0,0.9520507454872131,0.14290283623904543,0.07329918606287997,0.1376723902572979,-0.405307412147522,-1.228530815243721,26.41502641439438,11.356448245048522,20.456980895996093,,,,,,,,,,,,
1594.0,0.0,0.0,44.0,0.009819035828113443,0.0,0.7029096763389565,0.43478260869565216,0.0,nan,0.010000000000000002,0.0,0.0,23.0,176.0,1.75675430893898,0.11700111011503561,-0.003629238053690642,0.24121055272443795,-0.405307412147522,0.12868384339592673,-0.46736286309632386,10.606179053133184,17.672127344391562,,,,,,,,,,,,
1595.0,0.0,1.0,59.0,-1.3715026640892027,0.0,0.7893108214585024,0.4583333333333333,0.0,nan,0.010000000000000002,0.0,0.0,24.0,236.0,0.8380240947008133,0.16242868086753287,0.0464541439393188,0.23019264412614304,-0.405307412147522,-9.368431020591219,-14.059759921946767,10.034316058886253,17.583853382175253,,,,,,,,,,,,
1596.0,0.0,0.0,200.0,1.2101982496678947,0.0,0.8447226514740735,0.35,0.0,nan,0.010000000000000002,0.0,0.0,100.0,800.0,0.13758117565885186,0.054508157822283465,0.03212011820278349,0.044765219498952374,-0.405307412147522,-1.291597219184041,0.9842230309732258,9.861952675506473,18.29452209174633,,,,,,,,,,,,
1597.0,0.0,0.0,200.0,2.5427356138825568,0.0,0.8920868959259968,0.36363636363636365,0.0,nan,0.010000000000000002,0.0,0.0,88.0,800.0,0.3319988204166293,0.0318307752020246,0.012122664905618308,0.039389983181038216,-0.405307412147522,-1.9283964931964874,0.574149171821773,9.954782024025917,17.89004658535123,,,,,,,,,,,,
1598.0,0.0,0.0,200.0,0.8537972271442522,0.0,0.870477369551319,0.3617021276595745,0.0,nan,0.010000000000000002,0.0,0.0,94.0,800.0,0.12845462682889774,0.10672230519867298,0.09517684999900666,0.023082830017864035,-0.405307412147522,0.02629578672349453,0.9135779249481857,9.671001786366105,19.66063340753317,,,,,,,,,,,,
1599.0,0.0,0.0,200.0,0.10577316209673797,0.0,0.822454134130599,0.41346153846153844,0.0,nan,0.010000000000000002,0.0,0.0,104.0,800.0,0.25751098431646824,0.022944295531488024,0.013698406062758295,0.018483275084976825,-0.405307412147522,-1.9449183116666973,0.7208785102702677,9.893106924369931,18.85991809517145,,,,,,,,,,,,
1600.0,0.0,1.0,128.0,0.18928554773330858,0.0,0.7704996179793113,0.49122807017543857,0.0,0.0,0.010000000000000002,0.0,0.0,57.0,512.0,0.335839606821537,0.07322257133881749,0.019998342495910038,0.10480875414198793,-0.405307412147522,-7.323526822961867,-0.02474310016259551,10.121696161106229,18.846134189516306,1.0,0.0,0.0,0.0,0.0,0.1255667507648468,1.0122771263122559,11.523623896357506,91.0,1.0,200.0,2.800243474543116
