iteration,steps_collected,episode_return_mean,high_samples,low_samples,loss_high_total,loss_low_mean,eval_n_episodes,eval_success_rate,eval_reach_rate,eval_collision_rate,eval_min_h_agent,eval_min_h_obstacle,eval_avg_traj_length,eval_avg_skill_switches,eval_qp_feasible_rate,eval_avg_steps,eval_avg_episode_return
1.0,200.0,-1.1214190959930423,40.0,800.0,0.028822402469813824,0.032781749228442944,1.0,0.0,0.0,0.0,1.9540764093399048,2.117004871368408,4.019966900348663,10.0,1.0,200.0,-1.2864680767059338
2.0,200.0,-1.2316999614238748,40.0,800.0,0.06674258783459663,0.02971164131910653,,,,,,,,,,,
3.0,200.0,28.022569339722406,44.0,800.0,12.753494262695312,0.025543989498738935,,,,,,,,,,,
4.0,200.0,-0.366838203370571,40.0,800.0,-0.024055438116192818,0.0556253859886926,,,,,,,,,,,
5.0,200.0,19.10546015053988,40.0,800.0,7.565762162208557,0.03494501567740471,,,,,,,,,,,
6.0,200.0,48.82096341699363,48.0,800.0,18.78548002243042,0.012144521412883691,,,,,,,,,,,
7.0,200.0,-0.08061849474906924,40.0,800.0,0.0034773058723658323,0.09538549859205503,,,,,,,,,,,
8.0,200.0,43.19111299887299,40.0,800.0,20.39676332473755,0.03904961845727595,,,,,,,,,,,
9.0,200.0,-0.1164913773536683,40.0,800.0,0.04744484927505255,0.05191298045117776,,,,,,,,,,,
10.0,200.0,41.58549074307085,44.0,800.0,19.979730129241943,0.014085769277610405,,,,,,,,,,,
11.0,200.0,5.125528789311646,40.0,800.0,9.1090669631958,0.04101830780181892,,,,,,,,,,,
12.0,200.0,23.07805261760952,40.0,800.0,7.662368893623352,0.07744329396486997,,,,,,,,,,,
13.0,90.0,0.07039480656385413,20.0,360.0,0.02843340625986457,0.039681474249647415,,,,,,,,,,,
14.0,200.0,4.666185523942111,40.0,800.0,4.882322788238525,0.07884287306649201,,,,,,,,,,,
15.0,134.0,16.45394643157721,28.0,536.0,9.269377946853638,0.035871409261924114,,,,,,,,,,,
16.0,200.0,21.57850519791246,40.0,800.0,8.733787059783936,0.03804322002927663,,,,,,,,,,,
17.0,200.0,22.75160934068264,40.0,800.0,20.30677318572998,0.05224205180802066,,,,,,,,,,,
18.0,26.0,-0.5162895655632019,8.0,104.0,0.26303424313664436,0.023305534182305854,,,,,,,,,,,
19.0,200.0,39.986308756098175,40.0,800.0,17.97595977783203,0.01930067172796157,,,,,,,,,,,
20.0,76.0,0.9041387522220609,16.0,304.0,0.16876079514622688,0.06113826642634268,1.0,0.0,0.0,0.25,0.9168039560317993,-0.0183599591255188,4.709015087079024,4.0,1.0,64.0,-0.03478433132171629
21.0,56.0,-0.06022995769977577,12.0,224.0,0.025859571062028408,0.01829146376906447,,,,,,,,,,,
22.0,200.0,9.25552768856287,40.0,800.0,3.4868372678756714,0.03540619222585262,,,,,,,,,,,
23.0,200.0,-0.4680558209307493,40.0,800.0,0.019164883997291327,0.03156769957826882,,,,,,,,,,,
24.0,85.0,0.12466099858283976,20.0,340.0,0.0042704190127551556,0.020761335176685082,,,,,,,,,,,
25.0,132.0,-0.6129541841149331,28.0,528.0,0.138347452506423,0.05772280601884108,,,,,,,,,,,
26.0,200.0,41.84136764667928,40.0,800.0,15.906670093536377,0.010119079010072703,,,,,,,,,,,
27.0,200.0,11.617074833810332,40.0,800.0,6.671672582626343,0.06547629380344677,,,,,,,,,,,
28.0,179.0,28.429285529851917,36.0,716.0,13.004618406295776,0.028096178015047713,,,,,,,,,,,
29.0,187.0,-0.2060063672065734,40.0,748.0,0.18062027171254158,0.03014727208258905,,,,,,,,,,,
30.0,187.0,41.88733953788878,40.0,748.0,32.59854507446289,0.01851837904286846,,,,,,,,,,,
31.0,200.0,0.14326966404914807,40.0,800.0,-0.022622764576226473,0.03443173877693482,,,,,,,,,,,
32.0,200.0,0.8754850931465623,40.0,800.0,0.15402382239699364,0.04313398214954134,,,,,,,,,,,
33.0,200.0,25.73913665637375,40.0,800.0,11.96489667892456,0.027541715060731553,,,,,,,,,,,
34.0,105.0,-0.3010430812835694,24.0,420.0,0.08517457917332649,0.0364398543057782,,,,,,,,,,,
35.0,200.0,23.317544919252402,40.0,800.0,9.074279546737671,0.03797807867695013,,,,,,,,,,,
36.0,200.0,10.665351244807244,44.0,800.0,2.508786201477051,0.07457092483069516,,,,,,,,,,,
37.0,63.0,0.6432503533363343,16.0,252.0,0.5453807711601257,0.39845194639676107,,,,,,,,,,,
38.0,200.0,16.824059066176424,40.0,800.0,8.45077657699585,0.05632149082309468,,,,,,,,,,,
39.0,200.0,1.9182732380926608,44.0,800.0,0.28657032549381256,0.033451989503372914,,,,,,,,,,,
40.0,200.0,20.69194774441422,44.0,800.0,11.001218557357788,0.03657833291460122,1.0,0.0,0.5,0.0,1.582948088645935,0.2432330846786499,13.88346320619894,10.0,1.0,200.0,9.229781214147804
41.0,200.0,6.724356853216888,40.0,800.0,3.5186299085617065,0.08881346416924885,,,,,,,,,,,
42.0,200.0,26.56847637481988,40.0,800.0,16.555603504180908,0.03912028003220414,,,,,,,,,,,
43.0,192.0,-0.006636481434107139,40.0,768.0,0.10745047964155674,0.027715688708145336,,,,,,,,,,,
44.0,200.0,34.22016484886408,40.0,800.0,17.27542734146118,0.010836259342384191,,,,,,,,,,,
45.0,76.0,-0.23370066642761222,16.0,304.0,0.11796809732913971,0.0826862585867616,,,,,,,,,,,
46.0,21.0,-0.2335579490661621,8.0,84.0,0.05054527381435037,0.08296639382344784,,,,,,,,,,,
47.0,200.0,12.95363668762147,40.0,800.0,10.92431354522705,0.048252634609488254,,,,,,,,,,,
48.0,79.0,-0.1674100244045257,16.0,316.0,0.07207423076033592,0.06244145556180314,,,,,,,,,,,
49.0,120.0,-0.3160722732543947,24.0,480.0,0.09444661624729633,0.051607307233848224,,,,,,,,,,,
50.0,147.0,-0.395950062274933,32.0,588.0,0.10800889134407043,0.031261442775935955,,,,,,,,,,,
51.0,200.0,3.2166893996298316,40.0,800.0,5.838348627090454,0.031088795399597302,,,,,,,,,,,
52.0,198.0,18.295249435380118,40.0,792.0,7.1225656270980835,0.04639721661288083,,,,,,,,,,,
53.0,200.0,15.98136760592462,40.0,800.0,28.613977432250977,0.03347066215253136,,,,,,,,,,,
54.0,200.0,9.745373812317851,40.0,800.0,3.7134135365486145,0.02530948124709198,,,,,,,,,,,
55.0,200.0,27.69818050861359,44.0,800.0,16.813879013061523,0.02329030530724463,,,,,,,,,,,
56.0,200.0,-0.9219187065958984,40.0,800.0,0.2736293375492096,0.039106859149290685,,,,,,,,,,,
57.0,159.0,20.7314149363339,32.0,636.0,12.09849739074707,0.04056725184057086,,,,,,,,,,,
58.0,200.0,16.837788416445253,40.0,800.0,7.29861044883728,0.031403889608543345,,,,,,,,,,,
59.0,70.0,-0.012721636891365018,16.0,280.0,0.140069292858243,0.06459884900728596,,,,,,,,,,,
60.0,200.0,25.57799422889949,44.0,800.0,14.756361722946167,0.015322959576036695,1.0,0.0,0.25,0.0,4.736391067504883,1.8407785892486572,8.31824038195191,10.0,1.0,200.0,10.097275010496382
61.0,200.0,12.027342019230126,44.0,800.0,11.06988263130188,0.039244341287619555,,,,,,,,,,,
62.0,200.0,22.499708439409748,40.0,800.0,9.095529556274414,0.10483210373480745,,,,,,,,,,,
63.0,200.0,39.42638334408405,48.0,800.0,14.621111392974854,0.01311133503793549,,,,,,,,,,,
64.0,200.0,2.049687834084034,40.0,800.0,1.322627067565918,0.08573226018564561,,,,,,,,,,,
65.0,200.0,-0.01440899893641523,40.0,800.0,0.06367624271661043,0.04637959529895852,,,,,,,,,,,
66.0,200.0,30.900632046163096,40.0,800.0,10.641088247299194,0.021315032104006093,,,,,,,,,,,
67.0,53.0,0.08968309879302977,12.0,212.0,0.12885281443595886,0.0187997071792801,,,,,,,,,,,
68.0,200.0,14.481162983179093,40.0,800.0,9.633037328720093,0.10551378529589783,,,,,,,,,,,
69.0,60.0,-0.04616808891296384,16.0,240.0,0.3493885397911072,0.029078481242019432,,,,,,,,,,,
70.0,141.0,11.7028061696887,32.0,564.0,5.959113597869873,0.059350064472830866,,,,,,,,,,,
71.0,69.0,-0.48252504110336314,16.0,276.0,0.5409269332885742,0.033259146461606215,,,,,,,,,,,
72.0,200.0,13.508015513420114,40.0,800.0,8.501689672470093,0.047865018687332395,,,,,,,,,,,
73.0,60.0,-0.12454828619956966,12.0,240.0,-0.018616428365930915,0.01247222900038499,,,,,,,,,,,
74.0,200.0,10.866388335078952,40.0,800.0,11.698162317276001,0.014774248623301567,,,,,,,,,,,
75.0,200.0,11.358452337794006,40.0,800.0,9.711205244064331,0.04835392122757298,,,,,,,,,,,
76.0,200.0,15.095434162765747,40.0,800.0,12.433538913726807,0.09271980472294672,,,,,,,,,,,
77.0,200.0,18.236958350241185,40.0,800.0,6.7612574100494385,0.05363086262857664,,,,,,,,,,,
78.0,200.0,6.179278504475949,40.0,800.0,3.1374751329421997,0.08339143954716022,,,,,,,,,,,
79.0,200.0,0.6243742108345038,40.0,800.0,0.11950820870697498,0.08597011591632508,,,,,,,,,,,
80.0,200.0,9.691722567379474,40.0,800.0,7.557020902633667,0.060436077646674136,1.0,0.0,0.25,0.0,0.24844661355018616,1.9225679636001587,9.973121537143015,10.0,1.0,200.0,11.944419404119252
81.0,103.0,-0.4202457460761072,24.0,412.0,0.16209477558732033,0.06622949693434776,,,,,,,,,,,
82.0,95.0,-0.5034584283828734,20.0,380.0,0.30929897725582123,0.05021534065803479,,,,,,,,,,,
83.0,200.0,42.569580883532794,48.0,800.0,9.220878839492798,0.06389381696669716,,,,,,,,,,,
84.0,200.0,14.465439887344838,40.0,800.0,8.636723518371582,0.06575340484505432,,,,,,,,,,,
85.0,50.0,0.21731517016887664,12.0,200.0,0.5587281286716461,0.18629383884370326,,,,,,,,,,,
86.0,200.0,-0.2199726000428204,44.0,800.0,0.2326359711587429,0.09209759655877114,,,,,,,,,,,
87.0,148.0,3.5503568333387374,32.0,592.0,0.9120491743087769,0.05934518167239178,,,,,,,,,,,
88.0,200.0,29.164792229235175,40.0,800.0,16.35028648376465,0.04041984583660163,,,,,,,,,,,
89.0,58.0,0.19301588058471675,12.0,232.0,0.17582812532782555,0.06373985247573101,,,,,,,,,,,
90.0,200.0,16.21433838382363,40.0,800.0,35.73527908325195,0.04242788760173255,,,,,,,,,,,
91.0,200.0,21.48018665015699,40.0,800.0,6.571651339530945,0.06774434687224584,,,,,,,,,,,
92.0,200.0,32.77032353579999,40.0,800.0,11.518109560012817,0.04120332455006093,,,,,,,,,,,
93.0,140.0,-0.33165845423936896,28.0,560.0,0.12756389752030373,0.11303766211949551,,,,,,,,,,,
94.0,49.0,-0.07985346257686624,12.0,196.0,0.6229848861694336,0.12807161107003612,,,,,,,,,,,
95.0,74.0,0.18759008407592767,16.0,296.0,0.06826764065772295,0.08070752100295664,,,,,,,,,,,
96.0,83.0,-0.289461770951748,20.0,332.0,0.07642864994704723,0.08776844691022433,,,,,,,,,,,
97.0,51.0,0.25785845756530756,12.0,204.0,0.825303390622139,0.13451504083173396,,,,,,,,,,,
98.0,92.0,-0.06087260663509381,20.0,368.0,0.4131033793091774,0.12783530764926354,,,,,,,,,,,
99.0,200.0,3.8244403518736347,40.0,800.0,1.0958651900291443,0.05416232031336676,,,,,,,,,,,
100.0,109.0,-0.5353575134277344,24.0,436.0,0.638219341635704,0.12514449417119522,1.0,0.0,0.0,0.25,8.727178573608398,-0.03284567594528198,6.641445348854177,4.0,1.0,58.0,0.3514819753170013
101.0,74.0,0.3126333928108218,16.0,296.0,0.052398400381207466,0.06457756805503817,,,,,,,,,,,
102.0,200.0,25.3583134546876,40.0,800.0,8.453651428222656,0.043761524737711,,,,,,,,,,,
103.0,200.0,-0.2572037294507029,44.0,800.0,0.5011766701936722,0.08829968238850938,,,,,,,,,,,
104.0,200.0,-0.9346192747354516,40.0,800.0,0.13213540986180305,0.0461417805623654,,,,,,,,,,,
105.0,160.0,-0.6174790568649772,36.0,640.0,0.4567539244890213,0.06986525298508894,,,,,,,,,,,
106.0,200.0,-0.38096026182174736,40.0,800.0,0.4042700231075287,0.03399025776992204,,,,,,,,,,,
107.0,200.0,-0.3106188833713537,40.0,800.0,0.31669290363788605,0.047428482286107965,,,,,,,,,,,
108.0,118.0,-0.8218387174606325,24.0,472.0,0.19307464733719826,0.0351263105267805,,,,,,,,,,,
109.0,48.0,-0.15104265689849852,12.0,192.0,-0.0025391425006091595,0.018329287575856057,,,,,,,,,,,
110.0,76.0,-0.4043442702293396,16.0,304.0,0.20277468115091324,0.04945530173719703,,,,,,,,,,,
111.0,180.0,1.8074123697355389,36.0,720.0,2.341081917285919,0.06358750875062924,,,,,,,,,,,
112.0,164.0,-0.11889866232871993,36.0,656.0,0.11767490208148956,0.06671382613950527,,,,,,,,,,,
113.0,33.0,-0.11645634651184081,8.0,132.0,0.08378376439213753,0.015712780465367938,,,,,,,,,,,
114.0,200.0,-0.1296808436512954,44.0,800.0,0.3112100064754486,0.08446872673383865,,,,,,,,,,,
115.0,200.0,39.11761540770531,44.0,800.0,26.254895210266113,0.0237253065453622,,,,,,,,,,,
116.0,62.0,-0.20992102146148675,16.0,248.0,0.23891407623887062,0.04643730115909024,,,,,,,,,,,
117.0,128.0,0.21026637598872128,28.0,512.0,0.23061473667621613,0.048610342611283386,,,,,,,,,,,
118.0,56.0,0.10669096946716312,12.0,224.0,-0.0023403391242027283,0.09932447074405104,,,,,,,,,,,
119.0,200.0,14.493591134250181,40.0,800.0,4.479087233543396,0.09485753846524547,,,,,,,,,,,
120.0,200.0,3.8607078067958347,40.0,800.0,7.836769938468933,0.03464487597282151,1.0,0.0,0.25,0.0,13.927703857421875,0.7408759593963623,10.790422525311442,10.0,1.0,200.0,18.74343539252877
121.0,89.0,0.14514022622257455,20.0,356.0,0.06272119749337435,0.040165302843764294,,,,,,,,,,,
122.0,200.0,2.910399946570396,40.0,800.0,4.84281063079834,0.03405349604886754,,,,,,,,,,,
123.0,200.0,12.830456624180082,40.0,800.0,4.316484451293945,0.042085044690367286,,,,,,,,,,,
124.0,200.0,24.0523837313056,40.0,800.0,9.273173332214355,0.01300011369812637,,,,,,,,,,,
125.0,200.0,42.99271438866856,40.0,800.0,15.740747213363647,0.020412891193616556,,,,,,,,,,,
126.0,40.0,-0.21329785585403443,8.0,160.0,0.11593936942517757,0.06745972508979321,,,,,,,,,,,
127.0,79.0,-0.012253823280334447,16.0,316.0,0.12950698658823967,0.0880458226942132,,,,,,,,,,,
128.0,200.0,9.69707190692425,40.0,800.0,4.396714091300964,0.04236199405262653,,,,,,,,,,,
129.0,46.0,0.19640482902526857,12.0,184.0,0.11696233972907066,0.052683570419492544,,,,,,,,,,,
130.0,72.0,0.39314885616302475,16.0,288.0,0.04958916548639536,0.028527128516061845,,,,,,,,,,,
131.0,38.0,0.21767235741019256,8.0,152.0,0.011557298945263028,0.020821550403440664,,,,,,,,,,,
132.0,200.0,13.226658633351327,40.0,800.0,3.8843077421188354,0.07140933249996806,,,,,,,,,,,
133.0,66.0,0.0351034307479859,20.0,264.0,0.37050439417362213,0.03926449393043718,,,,,,,,,,,
134.0,83.0,0.3760697436332702,20.0,332.0,0.2428799793124199,0.09823994517208094,,,,,,,,,,,
135.0,200.0,10.082458329200747,40.0,800.0,5.17278778553009,0.05596180472502965,,,,,,,,,,,
136.0,77.0,0.6370302516222,16.0,308.0,0.7540875822305679,0.1326235380191163,,,,,,,,,,,
137.0,200.0,27.43281152769924,40.0,800.0,29.146498203277588,0.0422683748520436,,,,,,,,,,,
138.0,200.0,0.00400723516940979,40.0,800.0,0.2128504328429699,0.11104389067523873,,,,,,,,,,,
139.0,59.0,0.508544079065323,12.0,236.0,0.16265138238668442,0.05581989526041779,,,,,,,,,,,
140.0,100.0,0.8741133958101271,20.0,400.0,0.044507840648293495,0.03676117787163946,1.0,0.0,0.0,0.25,12.58650016784668,-0.08711671829223633,4.6554879050236195,3.0,1.0,49.0,0.09440009355545043
141.0,96.0,5.924906813129781,20.0,384.0,5.093402862548828,0.04518452103658191,,,,,,,,,,,
142.0,42.0,-0.11767289906740194,12.0,168.0,0.19679493829607964,0.04010225102878654,,,,,,,,,,,
143.0,41.0,-0.38696468830108643,12.0,164.0,0.0695945955812931,0.2334041453846389,,,,,,,,,,,
144.0,200.0,9.602680813521147,40.0,800.0,12.32856822013855,0.044018927942353514,,,,,,,,,,,
145.0,35.0,-0.13449195325374597,8.0,140.0,0.29392095655202866,0.175668939030064,,,,,,,,,,,
146.0,105.0,0.8081292361021042,24.0,420.0,0.06728073116391897,0.03811676760830096,,,,,,,,,,,
147.0,44.0,-0.0012319886684417636,12.0,176.0,0.11268660053610802,0.15319736227178024,,,,,,,,,,,
148.0,46.0,0.21773712277412408,12.0,184.0,0.10158752277493477,0.017016364524552144,,,,,,,,,,,
149.0,200.0,12.989674858748915,40.0,800.0,5.823641777038574,0.052143160488981266,,,,,,,,,,,
150.0,117.0,2.6182661521434785,24.0,468.0,2.025388777256012,0.03175684885403207,,,,,,,,,,,
151.0,194.0,9.551999215632675,40.0,776.0,12.11616039276123,0.04201898937219539,,,,,,,,,,,
152.0,170.0,21.75748560652138,36.0,680.0,9.161071062088013,0.03735448364330907,,,,,,,,,,,
153.0,200.0,0.21738055795431113,44.0,800.0,0.120871527120471,0.06448953204173336,,,,,,,,,,,
154.0,102.0,0.7450966450572014,24.0,408.0,0.13906513527035713,0.02526354223070021,,,,,,,,,,,
155.0,200.0,43.283946034312265,40.0,800.0,14.091088771820068,0.02614862542407792,,,,,,,,,,,
156.0,200.0,19.675922614336013,40.0,800.0,13.850736141204834,0.10242947336688957,,,,,,,,,,,
157.0,200.0,32.977633607387574,40.0,800.0,12.629801034927368,0.048323866312635744,,,,,,,,,,,
158.0,200.0,64.4593995563686,44.0,800.0,20.915393352508545,0.00781370006898996,,,,,,,,,,,
159.0,200.0,-0.10879582464695015,40.0,800.0,0.2580558657646179,0.04921258339551571,,,,,,,,,,,
160.0,200.0,23.654779567010713,48.0,800.0,5.702798366546631,0.027997915911558403,1.0,0.0,0.25,0.0,9.122193336486816,1.0313535928726196,10.347228569007711,10.0,1.0,200.0,15.325793451070783
161.0,200.0,5.5578616648912424,40.0,800.0,2.200385808944702,0.08658962978416795,,,,,,,,,,,
162.0,200.0,37.61642982307823,44.0,800.0,12.507335186004639,0.056486398154795836,,,,,,,,,,,
163.0,77.0,0.3015028911828995,20.0,308.0,0.2704442888498306,0.03971220859692521,,,,,,,,,,,
164.0,200.0,18.630835434421897,40.0,800.0,9.476581811904907,0.05489930656364095,,,,,,,,,,,
165.0,63.0,-0.6698822784423828,16.0,252.0,0.12725450657308102,0.03332202516899015,,,,,,,,,,,
166.0,200.0,42.32189199775457,40.0,800.0,14.180035829544067,0.0333578312420002,,,,,,,,,,,
167.0,34.0,-0.5241570377349853,8.0,136.0,0.14288807660341263,0.04195497853732591,,,,,,,,,,,
168.0,31.0,-0.405884895324707,8.0,124.0,0.12430724501609802,0.07095497428469072,,,,,,,,,,,
169.0,158.0,-0.38041271448135355,32.0,632.0,0.34130755066871643,0.0680172661358256,,,,,,,,,,,
170.0,152.0,0.06065073490142804,32.0,608.0,0.14801590517163277,0.04629421010842805,,,,,,,,,,,
171.0,66.0,0.06434617877006527,16.0,264.0,1.184946358203888,0.03760444264621299,,,,,,,,,,,
172.0,98.0,-0.4442927646636962,20.0,392.0,0.4074111133813858,0.029800516546933567,,,,,,,,,,,
173.0,200.0,50.805180903524175,40.0,800.0,25.379305362701416,0.02877666893046893,,,,,,,,,,,
174.0,71.0,0.43627439975738525,16.0,284.0,0.09148789756000042,0.08925907971880495,,,,,,,,,,,
175.0,47.0,-0.5914047312736511,12.0,188.0,0.7070838063955307,0.014503092265284338,,,,,,,,,,,
176.0,200.0,16.38394465893507,40.0,800.0,7.33233904838562,0.04025512157420508,,,,,,,,,,,
177.0,200.0,45.948455402255064,48.0,800.0,21.084383487701416,0.008660470080505522,,,,,,,,,,,
178.0,89.0,-0.04345785915851619,20.0,356.0,0.2915192246437073,0.3052859942859758,,,,,,,,,,,
179.0,200.0,20.686943841353063,40.0,800.0,7.512135982513428,0.03176524672394265,,,,,,,,,,,
180.0,110.0,0.8233069106936455,24.0,440.0,0.17686638608574867,0.06686266841068766,1.0,0.0,0.25,0.0,4.511052131652832,0.9282433986663818,11.798160652717343,10.0,1.0,200.0,5.241090369224547
181.0,49.0,0.6342938488721848,12.0,196.0,0.19533053040504456,0.05901751388250422,,,,,,,,,,,
182.0,65.0,0.0010593593120575978,16.0,260.0,0.5860777348279953,0.031141699137968715,,,,,,,,,,,
183.0,200.0,44.93436361029746,44.0,800.0,13.164536237716675,0.025159481289037444,,,,,,,,,,,
184.0,129.0,-0.47677797168493263,28.0,516.0,0.3336638957262039,0.03835329785408704,,,,,,,,,,,
185.0,178.0,0.4325581502914423,36.0,712.0,0.35337773710489273,0.05847833623128995,,,,,,,,,,,
186.0,200.0,51.75010852888228,40.0,800.0,24.19320774078369,0.011422250141240209,,,,,,,,,,,
187.0,200.0,0.1324477002024645,40.0,800.0,0.33293598890304565,0.04159944285446748,,,,,,,,,,,
188.0,200.0,15.076060340553525,40.0,800.0,5.473790407180786,0.014482922742683257,,,,,,,,,,,
189.0,200.0,12.42076631858945,40.0,800.0,5.376094818115234,0.041278112356835095,,,,,,,,,,,
190.0,93.0,0.35122758865356385,20.0,372.0,0.2566634826362133,0.06962128034166426,,,,,,,,,,,
191.0,50.0,0.34695849418640134,12.0,200.0,0.08681433089077473,0.07046767846140937,,,,,,,,,,,
192.0,158.0,-0.10709315121173932,32.0,632.0,0.30814968794584274,0.048769476745671,,,,,,,,,,,
193.0,47.0,-0.04352200746536272,12.0,188.0,0.1345645934343338,0.07378554284491172,,,,,,,,,,,
194.0,200.0,30.209198004007348,40.0,800.0,28.356040954589844,0.02196077258429341,,,,,,,,,,,
195.0,172.0,-0.44240487039089227,36.0,688.0,0.3500131145119667,0.038771305714298876,,,,,,,,,,,
196.0,32.0,-0.1613473248481751,8.0,128.0,0.1812729462981224,0.07529151225963915,,,,,,,,,,,
197.0,100.0,-0.055124631524086094,20.0,400.0,0.28598497807979584,0.04437376086239908,,,,,,,,,,,
198.0,158.0,8.805619424283503,32.0,632.0,10.893131017684937,0.023276927843070894,,,,,,,,,,,
199.0,114.0,0.039963535070419304,24.0,456.0,0.15556950122117996,0.0529674447563977,,,,,,,,,,,
200.0,200.0,39.507199284434336,40.0,800.0,15.416035175323486,0.012665428893992477,1.0,0.0,0.0,0.25,11.564579010009766,3.730144500732422,5.223389519494958,4.0,1.0,67.0,-0.053907926082611
201.0,87.0,0.5595614719390869,20.0,348.0,0.45739907026290894,0.08352800599821109,,,,,,,,,,,
202.0,65.0,0.5908264100551603,16.0,260.0,0.07821526192128658,0.02807563418701875,,,,,,,,,,,
203.0,47.0,0.1259882020950318,12.0,188.0,0.08434050623327494,0.14083837529732532,,,,,,,,,,,
204.0,200.0,1.8345200054347508,40.0,800.0,1.1803556382656097,0.07077509922169156,,,,,,,,,,,
205.0,86.0,-0.10609675407409666,20.0,344.0,0.25466935709118843,0.077218050800127,,,,,,,,,,,
206.0,119.0,0.28548575215041644,24.0,476.0,0.07282224018126726,0.06077003580119822,,,,,,,,,,,
207.0,108.0,0.022172088623046482,24.0,432.0,0.0869084969162941,0.06615778572228237,,,,,,,,,,,
208.0,200.0,17.033456332236533,40.0,800.0,23.089595317840576,0.037034752764256496,,,,,,,,,,,
209.0,200.0,53.92615683749321,44.0,800.0,29.521377563476562,0.02853149655102083,,,,,,,,,,,
210.0,200.0,5.363183657079935,40.0,800.0,1.6706605553627014,0.04871084147840321,,,,,,,,,,,
211.0,200.0,24.39295029193163,44.0,800.0,10.198341608047485,0.02296962706360972,,,,,,,,,,,
212.0,200.0,-0.5727498203516013,40.0,800.0,0.11899023689329624,0.033005259343925064,,,,,,,,,,,
213.0,95.0,0.6800926983356473,20.0,380.0,0.20930984243750572,0.07353038174732518,,,,,,,,,,,
214.0,50.0,-0.13053045272827146,12.0,200.0,0.003369668498635292,0.0356360446090946,,,,,,,,,,,
215.0,200.0,24.229737383872298,40.0,800.0,14.357836961746216,0.032505726699808786,,,,,,,,,,,
216.0,47.0,0.2017628479003906,12.0,188.0,0.16870317235589027,0.1493050401498275,,,,,,,,,,,
217.0,47.0,-0.17367896556854256,12.0,188.0,0.11430433206260204,0.19597975568997733,,,,,,,,,,,
218.0,43.0,0.16332671165466323,12.0,172.0,0.07320303097367287,0.08548678889120881,,,,,,,,,,,
219.0,200.0,10.34515012167394,40.0,800.0,8.588539361953735,0.030094236074386438,,,,,,,,,,,
220.0,200.0,59.80554986484352,40.0,800.0,37.20748424530029,0.005964774730080613,1.0,0.0,0.0,0.25,26.363895416259766,3.7911009788513184,3.0361881834687665,3.0,1.0,42.0,-0.22612319707870487
221.0,82.0,-0.16121818542480487,20.0,328.0,0.45305413752794266,0.0989492512369754,,,,,,,,,,,
222.0,167.0,-0.5439346727728847,36.0,668.0,0.3572544604539871,0.127727114241452,,,,,,,,,,,
223.0,181.0,0.25628935337066633,40.0,724.0,0.1933434009552002,0.10859589265359659,,,,,,,,,,,
224.0,103.0,-0.21968877792358377,24.0,412.0,0.20155072212219238,0.11942948146732849,,,,,,,,,,,
225.0,33.0,0.014099992513656692,8.0,132.0,0.11117309145629406,0.04620500116054631,,,,,,,,,,,
226.0,125.0,-0.8174675047397613,28.0,500.0,0.5021274089813232,0.33931344234406424,,,,,,,,,,,
227.0,200.0,46.88103598728776,44.0,800.0,16.96819496154785,0.028610679192844657,,,,,,,,,,,
228.0,200.0,4.617173898220061,40.0,800.0,10.606335878372192,0.06584713614666526,,,,,,,,,,,
229.0,200.0,21.69145077243447,40.0,800.0,7.971740007400513,0.016112035170957384,,,,,,,,,,,
230.0,177.0,60.33676131621004,36.0,708.0,27.672372817993164,0.01531383309363088,,,,,,,,,,,
231.0,137.0,-0.5299860267713667,28.0,548.0,0.1310740802437067,0.09203417925863278,,,,,,,,,,,
232.0,29.0,-0.24375554561614987,8.0,116.0,0.246140256524086,0.24895938473894696,,,,,,,,,,,
233.0,41.0,-0.3509539461135865,12.0,164.0,0.2047191672027111,0.2640590152402471,,,,,,,,,,,
234.0,133.0,13.316308851987126,28.0,532.0,7.351102948188782,0.08326243728862437,,,,,,,,,,,
235.0,94.0,-0.21165796011686333,20.0,376.0,0.15262754634022713,0.08918010402692333,,,,,,,,,,,
236.0,68.0,-0.03842179208993918,16.0,272.0,0.1720915399491787,0.04882735324951426,,,,,,,,,,,
237.0,78.0,-0.15918872982263554,16.0,312.0,0.32005659490823746,0.06690407347815608,,,,,,,,,,,
238.0,42.0,-0.299003882408142,12.0,168.0,0.040082250721752644,0.1262553034564462,,,,,,,,,,,
239.0,156.0,3.027759318202733,32.0,624.0,6.191765666007996,0.0672923965435075,,,,,,,,,,,
240.0,74.0,0.18633957266807555,16.0,296.0,0.12937058694660664,0.055164492429355505,1.0,0.0,0.0,0.25,4.054643154144287,2.750478744506836,9.15407502479502,7.0,1.0,131.0,-0.40574131518602385
241.0,71.0,0.4587905818223953,16.0,284.0,0.17347702383995056,0.056703307783124046,,,,,,,,,,,
242.0,101.0,0.11886668443679815,24.0,404.0,0.20967065915465355,0.11500314727459227,,,,,,,,,,,
243.0,130.0,0.30281350612640395,28.0,520.0,0.11769186705350876,0.04912100651084472,,,,,,,,,,,
244.0,67.0,-0.42998134613037126,16.0,268.0,0.21690800040960312,0.036863965152519995,,,,,,,,,,,
245.0,51.0,-0.5015307760238648,12.0,204.0,0.22029679268598557,0.016758647286599895,,,,,,,,,,,
246.0,200.0,-0.7156387209892279,40.0,800.0,0.26752424985170364,0.02175233540096605,,,,,,,,,,,
247.0,200.0,-0.3563847891986376,40.0,800.0,0.11931446567177773,0.08095345193069647,,,,,,,,,,,
248.0,200.0,30.778438008576632,40.0,800.0,26.99159574508667,0.00951351255605104,,,,,,,,,,,
249.0,111.0,0.204101192355156,24.0,444.0,0.2929045930504799,0.08599151676480687,,,,,,,,,,,
250.0,143.0,-0.5612411800026893,32.0,572.0,0.08268997259438038,0.045994496988299716,,,,,,,,,,,
251.0,47.0,-0.40423447608947755,12.0,188.0,0.24260050803422928,0.04389337654751255,,,,,,,,,,,
252.0,200.0,1.0511282205581658,40.0,800.0,1.198752611875534,0.03520578614578618,,,,,,,,,,,
253.0,70.0,0.16299554705619812,20.0,280.0,0.07068320736289024,0.06292425268443935,,,,,,,,,,,
254.0,40.0,-0.21099123954772953,8.0,160.0,0.012713299947790802,0.07291476256486931,,,,,,,,,,,
255.0,23.0,-0.34139029264450077,8.0,92.0,0.05441972427070141,0.10684241002941829,,,,,,,,,,,
256.0,53.0,0.40872272223234185,12.0,212.0,0.029625766910612583,0.12360933190586605,,,,,,,,,,,
257.0,47.0,-0.39416341006755823,12.0,188.0,0.05781057942658663,0.062110089857827566,,,,,,,,,,,
258.0,97.0,8.844214279130101,20.0,388.0,25.235597133636475,0.02721403416244428,,,,,,,,,,,
259.0,94.0,0.4076666897535325,20.0,376.0,0.10637278854846954,0.03178246201287038,,,,,,,,,,,
260.0,62.0,3.699126150012016,16.0,248.0,1.2713609337806702,0.024357139972815113,1.0,0.0,0.0,0.25,11.444181442260742,3.790656089782715,3.6354630469577387,3.0,1.0,48.0,-0.26371589183807365
261.0,200.0,17.113581966608766,40.0,800.0,14.754125833511353,0.03263243949007233,,,,,,,,,,,
262.0,131.0,0.6529620671272276,28.0,524.0,0.05542945675551891,0.07143343553867965,,,,,,,,,,,
263.0,200.0,19.781485723704098,40.0,800.0,21.665934085845947,0.019268742718441256,,,,,,,,,,,
264.0,200.0,45.29021602999421,40.0,800.0,19.714731693267822,0.0067744958243443065,,,,,,,,,,,
265.0,39.0,-0.24006060302257537,8.0,156.0,0.10447296500205994,0.06572815119990338,,,,,,,,,,,
266.0,74.0,0.024588880538940094,16.0,296.0,0.19172080978751183,0.0415309384451632,,,,,,,,,,,
267.0,63.0,-0.20321401238441467,16.0,252.0,0.0702335424721241,0.08302318179780813,,,,,,,,,,,
268.0,91.0,0.10043464839458457,20.0,364.0,0.15411556512117386,0.10271980989004703,,,,,,,,,,,
269.0,200.0,12.387003796547658,40.0,800.0,8.808702945709229,0.03676930007524959,,,,,,,,,,,
270.0,200.0,3.843410131335255,40.0,800.0,2.675356388092041,0.02171310875012722,,,,,,,,,,,
271.0,200.0,1.0349199369549749,40.0,800.0,1.0000342279672623,0.048153730170213294,,,,,,,,,,,
272.0,61.0,-0.37426360607147224,16.0,244.0,0.7817277908325195,0.03580406852559689,,,,,,,,,,,
273.0,180.0,0.14228250235319068,36.0,720.0,0.8649357259273529,0.06432865159035828,,,,,,,,,,,
274.0,200.0,8.85050542280078,40.0,800.0,10.532099962234497,0.027059157483359964,,,,,,,,,,,
275.0,200.0,4.8946593180298805,40.0,800.0,8.772089958190918,0.027643153200500592,,,,,,,,,,,
276.0,48.0,0.3948613953590393,12.0,192.0,0.10248424112796783,0.05561080860021169,,,,,,,,,,,
277.0,173.0,1.7338934783637516,40.0,692.0,0.8478494584560394,0.046083301593753845,,,,,,,,,,,
278.0,36.0,-0.3781537866592407,8.0,144.0,0.21975954249501228,0.031181855188656807,,,,,,,,,,,
279.0,79.0,-0.4208402895927429,16.0,316.0,0.18355827033519745,0.08439399827177141,,,,,,,,,,,
280.0,42.0,-0.07623779296875,12.0,168.0,0.378451831638813,0.07936863384860599,1.0,0.0,0.0,0.25,24.04150390625,3.793409824371338,2.12224167403474,3.0,1.0,42.0,-0.36181941747665397
281.0,91.0,-0.5497486150264741,20.0,364.0,0.2658480256795883,0.13914713711601223,,,,,,,,,,,
282.0,200.0,32.15872903764248,44.0,800.0,13.127999782562256,0.02689002348981262,,,,,,,,,,,
283.0,87.0,-0.10215216398239146,20.0,348.0,0.022592008346691728,0.10291020721765776,,,,,,,,,,,
284.0,71.0,0.40959580481052393,16.0,284.0,0.0932985246181488,0.11764582524489242,,,,,,,,,,,
285.0,200.0,-0.40750870928168237,40.0,800.0,0.5493582189083099,0.10564728469842244,,,,,,,,,,,
286.0,49.0,-0.019836416244506883,12.0,196.0,0.0477727884426713,0.04095606298175639,,,,,,,,,,,
287.0,200.0,12.097654162347318,40.0,800.0,4.7220436334609985,0.07638802359594221,,,,,,,,,,,
288.0,141.0,-0.3604920706152918,32.0,564.0,0.3969580605626106,0.20604732154077965,,,,,,,,,,,
289.0,200.0,44.56377660483123,48.0,800.0,13.512753963470459,0.02171389849769234,,,,,,,,,,,
290.0,94.0,0.3745132437348365,20.0,376.0,1.1322647333145142,0.08380157128203791,,,,,,,,,,,
291.0,41.0,-0.20180430769920343,12.0,164.0,0.3356601670384407,0.10342779808937538,,,,,,,,,,,
292.0,130.0,0.3000631764531141,28.0,520.0,0.13675975799560547,0.08607880127286194,,,,,,,,,,,
293.0,59.0,-0.022572734355926494,12.0,236.0,0.2628774084150791,0.10990355195231825,,,,,,,,,,,
294.0,59.0,0.025140902996063245,12.0,236.0,0.11119824461638927,0.049161732734342475,,,,,,,,,,,
295.0,120.0,0.5362860828638074,24.0,480.0,0.1273125559091568,0.10295796320701811,,,,,,,,,,,
296.0,57.0,0.015794192552566394,12.0,228.0,0.1586596816778183,0.16388478208018728,,,,,,,,,,,
297.0,66.0,0.15431031674146647,16.0,264.0,0.2846961095929146,0.06194483745289858,,,,,,,,,,,
298.0,200.0,12.978292290866369,40.0,800.0,4.005011796951294,0.032252828001091416,,,,,,,,,,,
299.0,85.0,0.2441105067729948,20.0,340.0,0.1405409798026085,0.11137696133803487,,,,,,,,,,,
300.0,112.0,-0.045893336534500506,24.0,448.0,0.1399180255830288,0.05670342812572926,1.0,0.0,0.0,0.25,14.571666717529297,3.556704044342041,6.8456315867369995,4.0,1.0,64.0,-0.032262959480285625
301.0,200.0,5.314199677109717,40.0,800.0,1.9351508915424347,0.023030510460657183,,,,,,,,,,,
302.0,200.0,3.2938456404954195,40.0,800.0,3.248875081539154,0.044002440853432745,,,,,,,,,,,
303.0,200.0,-0.23299065828323412,40.0,800.0,0.11792208068072796,0.06750252898916997,,,,,,,,,,,
304.0,200.0,-0.942576742172242,40.0,800.0,0.21456335484981537,0.019146879562072172,,,,,,,,,,,
305.0,85.0,-0.18471603393554703,20.0,340.0,0.46944811940193176,0.05244270663085615,,,,,,,,,,,
306.0,56.0,0.4033993744850158,12.0,224.0,0.03028598567470908,0.05068919719488057,,,,,,,,,,,
307.0,93.0,-0.3293865996599198,20.0,372.0,0.1750350035727024,0.029618356523632983,,,,,,,,,,,
308.0,84.0,0.44912554383277886,20.0,336.0,0.23690328374505043,0.07466840310064526,,,,,,,,,,,
309.0,126.0,-0.5030366694927216,28.0,504.0,0.26054947078227997,0.04028604187749707,,,,,,,,,,,
310.0,200.0,6.273048502206799,40.0,800.0,4.287727236747742,0.03558988762062043,,,,,,,,,,,
311.0,89.0,-0.19987981557846063,20.0,356.0,0.15527619794011116,0.04493393138992019,,,,,,,,,,,
312.0,70.0,0.16779063344001782,16.0,280.0,0.2518256679177284,0.040248258396928804,,,,,,,,,,,
313.0,34.0,-0.1605592155456542,8.0,136.0,0.011098478338681161,0.046780414671743265,,,,,,,,,,,
314.0,42.0,-0.16087657481431958,12.0,168.0,0.21028966829180717,0.03575557265694009,,,,,,,,,,,
315.0,100.0,-0.25561508759856255,20.0,400.0,0.13896841742098331,0.05856443997656413,,,,,,,,,,,
316.0,36.0,-0.2458549952507019,8.0,144.0,2.351040780544281,0.08092651980728584,,,,,,,,,,,
317.0,94.0,0.1255664891004562,20.0,376.0,0.09116894379258156,0.05395807647129747,,,,,,,,,,,
318.0,200.0,15.007697711884969,40.0,800.0,10.88657283782959,0.014711796790480847,,,,,,,,,,,
319.0,48.0,-0.0861689078807831,12.0,192.0,0.026530733099207282,0.03531436395881826,,,,,,,,,,,
320.0,200.0,10.639280422031874,40.0,800.0,8.516159534454346,0.014504552072637011,1.0,0.0,0.0,0.25,0.40142324566841125,-0.08194577693939209,6.891356112086214,4.0,1.0,63.0,0.40151003718376155
321.0,193.0,-1.129709898233414,40.0,772.0,0.2730318456888199,0.03221764222735146,,,,,,,,,,,
322.0,41.0,-0.05659714102745059,12.0,164.0,0.33995727449655533,0.08832219208258121,,,,,,,,,,,
323.0,101.0,0.5421616071462632,24.0,404.0,0.16167322546243668,0.06450826075626992,,,,,,,,,,,
324.0,61.0,-0.27368773952126496,16.0,244.0,0.1704634316265583,0.04711853867065358,,,,,,,,,,,
325.0,90.0,-0.06952693834900862,20.0,360.0,0.4221239611506462,0.05324614617416046,,,,,,,,,,,
326.0,200.0,39.39857141375543,40.0,800.0,23.559389114379883,0.008104596734693104,,,,,,,,,,,
327.0,200.0,37.977212165296095,40.0,800.0,25.750925064086914,0.026657997891852858,,,,,,,,,,,
328.0,200.0,6.8763216868042925,40.0,800.0,3.171176016330719,0.08413114124559229,,,,,,,,,,,
329.0,57.0,0.24776146888732906,12.0,228.0,0.8202592432498932,0.0342141512213091,,,,,,,,,,,
330.0,66.0,1.0852757909893989,16.0,264.0,0.18481677025556564,0.10005253591995711,,,,,,,,,,,
331.0,88.0,0.40357112333178535,20.0,352.0,0.2519940845668316,0.05217781095002749,,,,,,,,,,,
332.0,200.0,0.9676615837961433,40.0,800.0,0.5425690561532974,0.05992692788322529,,,,,,,,,,,
333.0,93.0,0.3678245019912719,20.0,372.0,0.15753991901874542,0.08396837149463465,,,,,,,,,,,
334.0,200.0,23.588216730952265,40.0,800.0,11.849562883377075,0.04365584704188041,,,,,,,,,,,
335.0,169.0,12.116912850588562,36.0,676.0,15.044679164886475,0.05939265559472773,,,,,,,,,,,
336.0,200.0,7.317237302660939,40.0,800.0,4.290085077285767,0.043876220596416715,,,,,,,,,,,
337.0,68.0,0.5315584641695024,16.0,272.0,0.1552257314324379,0.022808901780081214,,,,,,,,,,,
338.0,69.0,0.015277981609106067,16.0,276.0,0.09548338130116463,0.055045010249031634,,,,,,,,,,,
339.0,90.0,0.4855588316917419,20.0,360.0,0.1239666547626257,0.05091602914146165,,,,,,,,,,,
340.0,67.0,0.3205622005462646,16.0,268.0,0.0886451955884695,0.025369542884220664,1.0,0.0,0.0,0.25,8.29326057434082,0.12902510166168213,9.950924488715827,4.0,1.0,73.0,0.6250591111183164
341.0,200.0,4.423283335566518,40.0,800.0,1.9658184945583344,0.039471407788520985,,,,,,,,,,,
342.0,200.0,2.4508744657039645,40.0,800.0,0.646128237247467,0.04060709702418386,,,,,,,,,,,
343.0,72.0,-0.2653371882438659,16.0,288.0,0.2011396922171116,0.01676620741818624,,,,,,,,,,,
344.0,48.0,0.005251712799072265,12.0,192.0,0.14361046999692917,0.02410094779286472,,,,,,,,,,,
345.0,139.0,7.029006709381938,28.0,556.0,4.224807858467102,0.05666407279946739,,,,,,,,,,,
346.0,200.0,-0.4120261222124102,40.0,800.0,0.10054336301982403,0.0555005069179515,,,,,,,,,,,
347.0,131.0,1.1597739556431772,28.0,524.0,1.45196732878685,0.050012211623766234,,,,,,,,,,,
348.0,129.0,-0.5710279965400695,28.0,516.0,0.07803907059133053,0.042822486073959,,,,,,,,,,,
349.0,75.0,-0.44708819687366536,16.0,300.0,0.3921249210834503,0.09979345858474886,,,,,,,,,,,
350.0,90.0,-0.04621734619140631,20.0,360.0,0.14065071940422058,0.0903789037762408,,,,,,,,,,,
351.0,88.0,0.7528620374202732,20.0,352.0,0.29359937459230423,0.08196367184262954,,,,,,,,,,,
352.0,102.0,0.08544975996017468,24.0,408.0,0.14561708644032478,0.07221299538770509,,,,,,,,,,,
353.0,29.0,-0.31780008316040037,8.0,116.0,0.02282243687659502,0.033617650712871774,,,,,,,,,,,
354.0,111.0,0.48254398643970464,24.0,444.0,0.030151049606502056,0.05328045523822311,,,,,,,,,,,
355.0,114.0,0.9051902121305468,24.0,456.0,0.2033187560737133,0.07171712343574654,,,,,,,,,,,
356.0,65.0,-0.2627650499343874,16.0,260.0,0.26265764981508255,0.08615633440700776,,,,,,,,,,,
357.0,135.0,-0.22364752963185325,28.0,540.0,0.6166264563798904,0.08178458369664554,,,,,,,,,,,
358.0,55.0,0.045384353399276815,12.0,220.0,0.062430660240352154,0.14855804190658753,,,,,,,,,,,
359.0,55.0,0.008366566896438582,12.0,220.0,0.07601246982812881,0.04237577346297754,,,,,,,,,,,
360.0,71.0,0.4009617203474043,16.0,284.0,0.11906633153557777,0.0576537502088712,1.0,0.0,0.0,0.25,21.279903411865234,3.722878932952881,2.913604370871326,3.0,1.0,43.0,-0.28348379611969
361.0,48.0,-0.23124465897679336,12.0,192.0,0.22206717729568481,0.059774097487888866,,,,,,,,,,,
362.0,118.0,-1.1679851162433628,24.0,472.0,0.20423072203993797,0.0453046034108775,,,,,,,,,,,
363.0,30.0,-0.30824899673461914,8.0,120.0,0.09653653763234615,0.03725901938317596,,,,,,,,,,,
364.0,200.0,-0.6191982999444012,40.0,800.0,0.096047418192029,0.09466478840410808,,,,,,,,,,,
365.0,200.0,7.408888744562863,40.0,800.0,5.1982182264328,0.03568859260454005,,,,,,,,,,,
366.0,65.0,0.3236744195222855,16.0,260.0,0.1396963857114315,0.08674126013843875,,,,,,,,,,,
367.0,77.0,0.4124808508157729,16.0,308.0,0.037830900400877,0.061884288091945905,,,,,,,,,,,
368.0,45.0,-0.15159100592136382,12.0,180.0,0.08619473315775394,0.08461965322264102,,,,,,,,,,,
369.0,59.0,-0.1626833194494247,12.0,236.0,0.1320965513586998,0.12720839755385926,,,,,,,,,,,
370.0,200.0,-0.6210220754146575,40.0,800.0,0.07332787849009037,0.018470398159891488,,,,,,,,,,,
371.0,91.0,0.33557890892028797,20.0,364.0,0.13626889139413834,0.06505992421887186,,,,,,,,,,,
372.0,200.0,11.775362329185016,40.0,800.0,6.642043709754944,0.033341353635933046,,,,,,,,,,,
373.0,40.0,0.3848481416702271,8.0,160.0,0.035633133724331856,0.06911806542216255,,,,,,,,,,,
374.0,200.0,2.199955631792544,40.0,800.0,2.3856495022773743,0.030021785128298006,,,,,,,,,,,
375.0,76.0,0.3532007479667663,16.0,304.0,0.1983492076396942,0.06476854437289603,,,,,,,,,,,
376.0,191.0,2.248884972333909,40.0,764.0,2.89593243598938,0.03834452522046128,,,,,,,,,,,
377.0,33.0,-0.24692314147949218,8.0,132.0,0.2288561575114727,0.0275714296382992,,,,,,,,,,,
378.0,65.0,0.056675997376441856,16.0,260.0,0.062267241068184376,0.06516842623597086,,,,,,,,,,,
379.0,200.0,-1.6669804036617286,40.0,800.0,0.15582925081253052,0.023005795613397773,,,,,,,,,,,
380.0,200.0,1.416798637807368,40.0,800.0,0.9690436571836472,0.03779251716218823,1.0,0.0,0.0,0.25,6.756416320800781,3.722215175628662,8.296076874132268,5.0,1.0,92.0,0.03489584803581248
381.0,154.0,0.7326164028048516,32.0,616.0,0.11517410911619663,0.05109694751272498,,,,,,,,,,,
382.0,200.0,-0.39279932081699453,40.0,800.0,0.11560264974832535,0.02324212774994816,,,,,,,,,,,
383.0,113.0,-0.13209965854883188,24.0,452.0,0.0594978267326951,0.048142881815650185,,,,,,,,,,,
384.0,75.0,-0.08051443696022029,16.0,300.0,1.3986785411834717,0.007663728887109755,,,,,,,,,,,
385.0,110.0,-0.07563428878784162,24.0,440.0,0.17043717950582504,0.036968530845712166,,,,,,,,,,,
386.0,43.0,-0.12150109291076662,12.0,172.0,0.0837008822709322,0.10149241236362032,,,,,,,,,,,
387.0,71.0,-0.02301082372665403,16.0,284.0,0.01775804767385125,0.04272878696856175,,,,,,,,,,,
388.0,200.0,-0.9485583469271668,40.0,800.0,0.21348979324102402,0.05549686200983217,,,,,,,,,,,
389.0,71.0,0.027368261814117466,16.0,284.0,0.01419447548687458,0.052670639896291505,,,,,,,,,,,
390.0,53.0,0.052544401288032505,12.0,212.0,0.14365043118596077,0.10794521728530526,,,,,,,,,,,
391.0,49.0,-0.03300442934036257,12.0,196.0,0.11342859454452991,0.05627771240479813,,,,,,,,,,,
392.0,94.0,0.5496625459194181,20.0,376.0,0.06022663414478302,0.05624751647732751,,,,,,,,,,,
393.0,200.0,-1.5837007224559785,40.0,800.0,0.20512034371495247,0.02904462579124356,,,,,,,,,,,
394.0,94.0,-0.4862633252143861,20.0,376.0,0.17544662207365036,0.03839796879516655,,,,,,,,,,,
395.0,56.0,0.007613267898559539,12.0,224.0,0.16055895388126373,0.19472773402218632,,,,,,,,,,,
396.0,161.0,-1.0352147316932683,36.0,644.0,0.17804745584726334,0.020233424961874746,,,,,,,,,,,
397.0,200.0,0.39974677264690345,40.0,800.0,0.5522002130746841,0.0409032013644719,,,,,,,,,,,
398.0,83.0,0.011873856633901614,20.0,332.0,0.08673420362174511,0.07223327182004269,,,,,,,,,,,
399.0,87.0,0.6734694349765777,20.0,348.0,0.16456971317529678,0.03793204003913786,,,,,,,,,,,
400.0,80.0,0.23019515275955185,16.0,320.0,0.7469312697649002,0.034790466790724395,1.0,0.0,0.0,0.25,17.43262481689453,3.6576504707336426,6.214253892729175,4.0,1.0,71.0,-0.2390588140487671
401.0,75.0,-0.16633852720260628,16.0,300.0,0.06983287632465363,0.03308349775777586,,,,,,,,,,,
402.0,86.0,0.6291776621341703,20.0,344.0,0.17066344246268272,0.08000305687284026,,,,,,,,,,,
403.0,95.0,-0.7406832695007325,20.0,380.0,0.2198963351547718,0.025197106962878024,,,,,,,,,,,
404.0,83.0,0.23651271879672986,20.0,332.0,0.17882636189460754,0.11919504612968979,,,,,,,,,,,
405.0,51.0,0.04254322588443751,12.0,204.0,0.1072440855205059,0.0410064689975909,,,,,,,,,,,
406.0,63.0,0.3037555110454559,16.0,252.0,0.041844528168439865,0.06295016548912306,,,,,,,,,,,
407.0,44.0,-0.4115767502784729,12.0,176.0,0.0988113172352314,0.01851770173127482,,,,,,,,,,,
408.0,76.0,0.06199458181858042,16.0,304.0,0.1961575634777546,0.10392321801464277,,,,,,,,,,,
409.0,200.0,25.040523424744617,40.0,800.0,20.835269451141357,0.008073657074081808,,,,,,,,,,,
410.0,80.0,-0.288161861896515,16.0,320.0,0.16524826735258102,0.07010829999489943,,,,,,,,,,,
411.0,47.0,0.44172051429748527,12.0,188.0,0.06899330206215382,0.09372273968559038,,,,,,,,,,,
412.0,46.0,0.021031675636768304,12.0,184.0,0.20855918899178505,0.05516399305234581,,,,,,,,,,,
413.0,117.0,0.19626374423503823,24.0,468.0,0.09687518514692783,0.07644078607279425,,,,,,,,,,,
414.0,33.0,-0.109054594039917,8.0,132.0,0.027734078699722886,0.021630428901117382,,,,,,,,,,,
415.0,200.0,38.74375217780473,40.0,800.0,26.0940842628479,0.027878608895544943,,,,,,,,,,,
416.0,103.0,0.01538137316703786,24.0,412.0,0.4344414547085762,0.05756261475471547,,,,,,,,,,,
417.0,117.0,0.1817753481864926,24.0,468.0,0.045235613361001015,0.03977489324779063,,,,,,,,,,,
418.0,58.0,0.18597039103507995,12.0,232.0,0.044569922145456076,0.05853638875324099,,,,,,,,,,,
419.0,144.0,13.88062606289983,32.0,576.0,12.070310115814209,0.03133514983022678,,,,,,,,,,,
420.0,200.0,-0.11579481065273325,40.0,800.0,0.06583390384912491,0.05924448281751182,1.0,0.0,0.0,0.25,2.32497239112854,3.648375988006592,11.407844874280272,7.0,1.0,136.0,-0.22634459495544454
421.0,200.0,19.0857064858079,40.0,800.0,10.89150071144104,0.011846854861509826,,,,,,,,,,,
422.0,148.0,-0.2892698588967324,32.0,592.0,0.07764586433768272,0.02300551553901542,,,,,,,,,,,
423.0,58.0,-0.5340187895298005,12.0,232.0,0.06730359606444836,0.023306911347750932,,,,,,,,,,,
424.0,69.0,0.2589731043577194,16.0,276.0,0.16152963042259216,0.052975737664572975,,,,,,,,,,,
425.0,62.0,0.6472338604927064,16.0,248.0,0.18901735916733742,0.1206639687898719,,,,,,,,,,,
426.0,80.0,-0.47126384675502775,16.0,320.0,0.47125083208084106,0.04797951499085151,,,,,,,,,,,
427.0,68.0,0.25326816558837884,16.0,272.0,0.04359487630426884,0.0822140145565129,,,,,,,,,,,
428.0,84.0,-0.3395572954416276,20.0,336.0,0.23881913349032402,0.07266088555161332,,,,,,,,,,,
429.0,200.0,23.11848399788142,40.0,800.0,10.343101978302002,0.020255834604499867,,,,,,,,,,,
430.0,67.0,0.42621298313140865,16.0,268.0,0.10888161323964596,0.04095304136317779,,,,,,,,,,,
431.0,200.0,-0.6425562325865032,40.0,800.0,0.13278519734740257,0.058716832189418255,,,,,,,,,,,
432.0,54.0,0.3997154629230498,12.0,216.0,0.13605529256165028,0.1064286761497223,,,,,,,,,,,
433.0,200.0,-0.1300808981060983,40.0,800.0,0.12332993745803833,0.03644178580869806,,,,,,,,,,,
434.0,200.0,35.2474564522505,40.0,800.0,13.140475511550903,0.017309326952593018,,,,,,,,,,,
435.0,192.0,0.03668379813432718,40.0,768.0,0.554254561662674,0.028941111832786248,,,,,,,,,,,
436.0,50.0,0.09635084867477417,12.0,200.0,0.12778466753661633,0.02377400248486083,,,,,,,,,,,
437.0,166.0,-0.6554710841178896,36.0,664.0,0.2664036750793457,0.05331192660193551,,,,,,,,,,,
438.0,29.0,-0.40489240229129797,8.0,116.0,0.17497891187667847,0.10146777929580351,,,,,,,,,,,
439.0,150.0,-0.35617906451225306,32.0,600.0,0.20205063372850418,0.03621198621044641,,,,,,,,,,,
440.0,48.0,0.006229354143142657,12.0,192.0,1.105402946472168,0.02156963658580935,1.0,0.0,0.0,0.25,18.244945526123047,3.410949230194092,6.145713211619295,4.0,1.0,64.0,-0.20264299154281618
441.0,67.0,0.029037104845047134,16.0,268.0,0.030309703899547458,0.0514127561701514,,,,,,,,,,,
442.0,65.0,-0.18725671768188484,16.0,260.0,0.06389524694532156,0.09566072896098632,,,,,,,,,,,
443.0,200.0,8.362444100528954,40.0,800.0,11.111826419830322,0.006425120523488204,,,,,,,,,,,
444.0,200.0,21.300962077081216,40.0,800.0,8.820611953735352,0.013393001654046444,,,,,,,,,,,
445.0,121.0,-0.5713333046436307,28.0,484.0,0.2605564147233963,0.020880073190372883,,,,,,,,,,,
446.0,139.0,3.063092277795076,28.0,556.0,6.94706130027771,0.059147286595738535,,,,,,,,,,,
447.0,61.0,1.724790927916765,16.0,244.0,0.867726668715477,0.0765238729304134,,,,,,,,,,,
448.0,64.0,0.015438682436942935,16.0,256.0,0.06925053149461746,0.059153232134839584,,,,,,,,,,,
449.0,36.0,-0.1299032783508301,8.0,144.0,0.09445825591683388,0.056233569969360055,,,,,,,,,,,
450.0,200.0,5.900510035455227,40.0,800.0,2.775255501270294,0.04955160386504076,,,,,,,,,,,
451.0,87.0,-0.530605224967003,20.0,348.0,0.40546904504299164,0.058153915289381075,,,,,,,,,,,
452.0,200.0,7.993539568781853,40.0,800.0,7.232991576194763,0.02620750384773496,,,,,,,,,,,
453.0,85.0,0.14195118546485894,20.0,340.0,0.21172642707824707,0.024513325687735232,,,,,,,,,,,
454.0,167.0,-0.7128613781929016,36.0,668.0,0.2540723383426666,0.1016673738594207,,,,,,,,,,,
455.0,67.0,-0.4137715828418732,16.0,268.0,0.051415180787444115,0.02743217717605262,,,,,,,,,,,
456.0,200.0,1.2533116579055785,40.0,800.0,0.5378657579421997,0.010362515451042498,,,,,,,,,,,
457.0,61.0,0.4519437709450722,16.0,244.0,0.22463492676615715,0.05046068878591988,,,,,,,,,,,
458.0,52.0,-0.21962003231048582,12.0,208.0,0.14275819063186646,0.015093929277642158,,,,,,,,,,,
459.0,96.0,4.033082023411989,20.0,384.0,2.9154956936836243,0.04685728154839808,,,,,,,,,,,
460.0,135.0,0.3306645512580876,28.0,540.0,0.12152769975364208,0.07381711043537109,1.0,0.0,0.0,0.25,0.6973813772201538,3.746825695037842,9.47124621248804,4.0,1.0,73.0,0.49442905902862555
461.0,200.0,7.042597371339798,40.0,800.0,4.909027695655823,0.022895344490617475,,,,,,,,,,,
462.0,61.0,-0.027666971683502184,16.0,244.0,0.22257332131266594,0.06998479676740615,,,,,,,,,,,
463.0,56.0,-0.021643908917903742,12.0,224.0,0.07261013519018888,0.02357782948352646,,,,,,,,,,,
464.0,60.0,-0.07085807323455806,12.0,240.0,0.046296692453324795,0.04766620528174978,,,,,,,,,,,
465.0,60.0,0.4707784622907639,12.0,240.0,0.16033228114247322,0.026732045585807402,,,,,,,,,,,
466.0,200.0,1.2268403947353348,40.0,800.0,0.5144440680742264,0.058184644688253684,,,,,,,,,,,
467.0,200.0,18.26566576883198,40.0,800.0,12.901119709014893,0.03223634462783309,,,,,,,,,,,
468.0,200.0,4.356304588541389,40.0,800.0,12.248390674591064,0.026834454964655308,,,,,,,,,,,
469.0,66.0,0.8264365935325622,16.0,264.0,0.03958255751058459,0.14747907778064473,,,,,,,,,,,
470.0,200.0,26.792333602160213,40.0,800.0,13.438601970672607,0.019998707983982282,,,,,,,,,,,
471.0,74.0,0.28017831802368154,16.0,296.0,0.07225243374705315,0.04883927815748734,,,,,,,,,,,
472.0,77.0,-0.29956156134605394,16.0,308.0,0.16712022572755814,0.03931599392981533,,,,,,,,,,,
473.0,54.0,0.08942004799842834,12.0,216.0,0.08683917298913002,0.041756565293528385,,,,,,,,,,,
474.0,44.0,-0.24869936943054202,12.0,176.0,0.18683086708188057,0.01785044412459704,,,,,,,,,,,
475.0,58.0,0.14750148773193358,12.0,232.0,0.2642713338136673,0.092905591458726,,,,,,,,,,,
476.0,77.0,0.5310893106460565,16.0,308.0,0.12999295443296432,0.07342369270333293,,,,,,,,,,,
477.0,200.0,12.660517245531079,40.0,800.0,6.1022197008132935,0.02530224376395296,,,,,,,,,,,
478.0,200.0,29.636875645816332,40.0,800.0,20.816364288330078,0.0202994249831292,,,,,,,,,,,
479.0,53.0,-0.027214311361312808,12.0,212.0,0.0496190432459116,0.03292810778682322,,,,,,,,,,,
480.0,200.0,28.178649278730155,40.0,800.0,25.434804916381836,0.010213579624558156,1.0,0.0,0.0,0.25,6.229235649108887,3.7439417839050293,7.555825485193054,4.0,1.0,69.0,0.13663599252700803
481.0,58.0,0.2626910877227784,12.0,232.0,0.005103684728965163,0.017318224186855614,,,,,,,,,,,
482.0,130.0,4.402456967532636,28.0,520.0,1.199259638786316,0.036975226416620544,,,,,,,,,,,
483.0,200.0,20.765985345840456,40.0,800.0,19.6780366897583,0.03798576087434036,,,,,,,,,,,
484.0,62.0,0.38350766777992235,16.0,248.0,0.10241797752678394,0.05142466715715859,,,,,,,,,,,
485.0,200.0,13.311917047947645,40.0,800.0,7.225248575210571,0.0256522019255101,,,,,,,,,,,
486.0,55.0,0.05506353378295886,12.0,220.0,0.0704586636275053,0.0329550381899687,,,,,,,,,,,
487.0,78.0,-0.05579300850629808,16.0,312.0,0.09855108708143234,0.07296599408017101,,,,,,,,,,,
488.0,175.0,12.78094291687012,36.0,700.0,9.116557598114014,0.04415801410718245,,,,,,,,,,,
489.0,200.0,32.786851274594675,40.0,800.0,11.708220958709717,0.010795955839114413,,,,,,,,,,,
490.0,90.0,-0.40006675720214835,20.0,360.0,0.2827886790037155,0.07823691512223263,,,,,,,,,,,
491.0,200.0,8.879980151355266,40.0,800.0,2.1233622431755066,0.032087006508044524,,,,,,,,,,,
492.0,193.0,53.85652398735286,40.0,772.0,21.621159553527832,0.004458941315689913,,,,,,,,,,,
493.0,184.0,36.44234893977644,40.0,736.0,19.554128646850586,0.019295795188753573,,,,,,,,,,,
494.0,63.0,0.7018053156137465,16.0,252.0,0.8354117423295975,0.11334220123131268,,,,,,,,,,,
495.0,111.0,0.09849584937095593,24.0,444.0,0.6610876768827438,0.1304861363472014,,,,,,,,,,,
496.0,89.0,-0.4572511100769042,20.0,356.0,0.22172467410564423,0.043447409591156116,,,,,,,,,,,
497.0,115.0,0.16355181932449359,24.0,460.0,1.2734239101409912,0.0494859033242534,,,,,,,,,,,
498.0,64.0,0.5744838750362395,16.0,256.0,0.3477753922343254,0.01723513440918012,,,,,,,,,,,
499.0,56.0,0.036295344829559345,12.0,224.0,0.07775632105767727,0.01938591180630413,,,,,,,,,,,
500.0,78.0,0.038870535492897096,16.0,312.0,0.2714327201247215,0.14300698828329672,1.0,0.0,0.5,0.0,1.7388370037078857,3.6637496948242188,9.305860050866613,10.0,1.0,200.0,30.920251458883293
