iteration,steps_collected,episode_return_mean,safe_reach_ratio,skill_entropy_norm,top1_skill_ratio,high_div_bonus_mean,conv_eval_success_delta_w5,high_entropy_coef,high_samples,low_samples,loss_high_total,loss_low_mean,loss_low_actor,loss_low_value,low_entropy,eval_n_episodes,eval_success_rate,eval_reach_rate,eval_collision_rate,eval_safe_reach_ratio,eval_min_h_agent,eval_min_h_obstacle,eval_avg_traj_length,eval_avg_skill_switches,eval_qp_feasible_rate,eval_avg_steps,eval_avg_episode_return
1.0,200.0,-0.7630436420440674,0.0,0.8777875992540731,0.38461538461538464,0.0020256636905863225,nan,0.05,13.0,200.0,-0.016468246467411518,0.07017529149885376,0.0,0.0,0.0,1.0,0.0,0.0,0.0,0.0,0.0,1.8442835807800293,12.063318177941255,11.0,1.0,200.0,-0.7120820522308352
2.0,200.0,-0.551292586326599,0.0,0.8437590892044233,0.5,0.0021093977230110584,nan,0.049942775393419174,12.0,200.0,-0.05902151297777891,0.054100708367002426,0.0,0.0,0.0,,,,,,,,,,,,
3.0,200.0,-0.6030725479125976,0.0,0.5638833952826349,0.6363636363636364,0.0015378638053162768,nan,0.049885550786838345,11.0,200.0,-0.08296199049800634,0.06096395430589837,0.0,0.0,0.0,,,,,,,,,,,,
4.0,200.0,-0.5638368010520932,0.0,0.8710776238854911,0.4,0.0017421552477709823,nan,0.049828326180257516,15.0,200.0,-0.009353977628052235,0.05334238990464655,0.0,0.0,0.0,,,,,,,,,,,,
5.0,200.0,-0.8699977874755863,0.0,0.9718496162306144,0.26666666666666666,0.0019436992324612283,nan,0.04977110157367668,15.0,200.0,0.05333800055086613,0.06575632437106833,0.0,0.0,0.0,,,,,,,,,,,,
6.0,200.0,-0.6234992504119867,0.0,0.8437590892044233,0.3333333333333333,0.0021093977230110584,nan,0.04971387696709585,12.0,200.0,-0.08335059508681297,0.06371388446423225,0.0,0.0,0.0,,,,,,,,,,,,
7.0,200.0,-0.698054575920105,0.0,0.9361001153795715,0.26666666666666666,0.001872200230759143,nan,0.04965665236051502,15.0,200.0,-0.08279841765761375,0.04001852069019151,0.0,0.0,0.0,,,,,,,,,,,,
8.0,200.0,-0.6004942893981934,0.0,0.6951143694354999,0.5833333333333334,0.0017377859235887495,nan,0.049599427753934194,12.0,200.0,0.10853171162307262,0.04904475351606379,0.0,0.0,0.0,,,,,,,,,,,,
9.0,200.0,-0.8816663742065431,0.0,0.9397387499015614,0.2857142857142857,0.002013725892646203,nan,0.049542203147353366,14.0,200.0,-0.0823143944144249,0.019593824630132987,0.0,0.0,0.0,,,,,,,,,,,,
10.0,200.0,-0.8910258293151858,0.0,0.9473539953185456,0.3076923076923077,0.002186201527658182,nan,0.04948497854077254,13.0,200.0,-0.0855586975812912,0.030027492502704263,0.0,0.0,0.0,,,,,,,,,,,,
11.0,200.0,-1.2164501190185546,0.0,0.8932941448638881,0.42857142857142855,0.0019142017389940462,nan,0.04942775393419171,14.0,200.0,-0.05609355866909027,0.028431627763347934,0.0,0.0,0.0,,,,,,,,,,,,
12.0,200.0,-0.9671705722808838,0.0,0.7859895721563949,0.4166666666666667,0.001964973930390988,nan,0.04937052932761087,12.0,200.0,-0.06601963564753532,0.053851735868217926,0.0,0.0,0.0,,,,,,,,,,,,
13.0,200.0,-0.7865871429443365,0.0,0.7859895721563949,0.4166666666666667,0.001964973930390988,nan,0.049313304721030043,12.0,200.0,-0.11496570892632008,0.030692269866503922,0.0,0.0,0.0,,,,,,,,,,,,
14.0,200.0,-0.5955015420913703,0.0,0.9718495421617183,0.26666666666666666,0.0019436990843234366,nan,0.049256080114449215,15.0,200.0,-0.01541641540825367,0.036662498210971534,0.0,0.0,0.0,,,,,,,,,,,,
15.0,200.0,-0.775381088256836,0.0,0.7898294518691481,0.46153846153846156,0.0018226833504672647,nan,0.049198855507868386,13.0,200.0,-0.0999041385948658,0.031128761057334486,0.0,0.0,0.0,,,,,,,,,,,,
16.0,200.0,-1.0454039573669434,0.0,0.8560874125505422,0.46153846153846156,0.0019755863366550976,nan,0.04914163090128756,13.0,200.0,-0.01155365165323019,0.017878336448047774,0.0,0.0,0.0,,,,,,,,,,,,
17.0,200.0,-0.5928116917610166,0.0,0.8607727887125273,0.47058823529411764,0.0015190108036103422,nan,0.04908440629470673,17.0,200.0,0.0002204468473792076,0.03826343706793523,0.0,0.0,0.0,,,,,,,,,,,,
18.0,200.0,-0.9661398887634279,0.0,0.7859895721563949,0.4166666666666667,0.0019649739303909874,nan,0.0490271816881259,12.0,200.0,-0.03759221639484167,0.02311851421574829,0.0,0.0,0.0,,,,,,,,,,,,
19.0,200.0,-1.1467829227447512,0.0,0.7106260257991471,0.4166666666666667,0.0017765650644978685,nan,0.048969957081545064,12.0,200.0,-0.04489863757044077,0.03316760971356416,0.0,0.0,0.0,,,,,,,,,,,,
20.0,200.0,-1.0443481445312501,0.0,0.925633958150854,0.3333333333333333,0.001851267916301708,nan,0.048912732474964235,15.0,200.0,-0.0804095696657896,0.033817261863441674,0.0,0.0,0.0,1.0,0.0,0.0,0.0,0.0,0.0,1.02439546585083,10.691350548993796,15.0,1.0,200.0,-0.6302269697189332
21.0,200.0,-1.2433585166931158,0.0,0.811529638572679,0.38461538461538464,0.00187276070439849,nan,0.048855507868383406,13.0,200.0,-0.035420569591224194,0.014400435239731451,0.0,0.0,0.0,,,,,,,,,,,,
22.0,200.0,-1.3587487220764163,0.0,0.8902220633283349,0.35714285714285715,0.0019076187071321465,nan,0.04879828326180258,14.0,200.0,-0.030489915050566196,0.029324131635921732,0.0,0.0,0.0,,,,,,,,,,,,
23.0,200.0,-0.91351661682129,0.0,0.972362617405155,0.3076923076923077,0.002243913732473435,nan,0.04874105865522175,13.0,200.0,0.013802489265799522,0.05349536188277852,0.0,0.0,0.0,,,,,,,,,,,,
24.0,200.0,-1.481231117248535,0.0,0.5962422442759042,0.5833333333333334,0.0014906056106897608,nan,0.04868383404864092,12.0,200.0,-0.034515437204390764,0.012049641111205177,0.0,0.0,0.0,,,,,,,,,,,,
25.0,200.0,-1.2197128295898434,0.0,0.785152593630217,0.36363636363636365,0.0021413252553551376,nan,0.04862660944206009,11.0,200.0,-0.09908241778612137,0.033878720361353774,0.0,0.0,0.0,,,,,,,,,,,,
26.0,200.0,-0.6681011438369758,0.0,0.8437774582906615,0.35714285714285715,0.0018080945534799892,nan,0.048569384835479255,14.0,200.0,-0.06649926397949457,0.043128310406154925,0.0,0.0,0.0,,,,,,,,,,,,
27.0,200.0,-0.7709517955780032,0.0,0.7485801132743634,0.46153846153846156,0.0017274925690946847,nan,0.04851216022889843,13.0,200.0,-0.039068615064024925,0.018159063739003615,0.0,0.0,0.0,,,,,,,,,,,,
28.0,200.0,-1.0811573982238774,0.0,0.8101434391817571,0.5384615384615384,0.0018695617827271319,nan,0.0484549356223176,13.0,200.0,-0.06172537337988615,0.04216089785136944,0.0,0.0,0.0,,,,,,,,,,,,
29.0,200.0,-0.8768412590026856,0.0,0.8312595926393666,0.4666666666666667,0.0016625191852787332,nan,0.04839771101573677,15.0,200.0,0.010199939832091331,0.0503802130605618,0.0,0.0,0.0,,,,,,,,,,,,
30.0,200.0,-1.1838553905487073,0.0,0.9397387499015614,0.2857142857142857,0.002013725892646203,nan,0.04834048640915594,14.0,200.0,-0.08265023678541183,0.03417655223600491,0.0,0.0,0.0,,,,,,,,,,,,
31.0,200.0,-1.2187001228332521,0.0,0.8549911928879377,0.42857142857142855,0.0018321239847598667,nan,0.04828326180257511,14.0,200.0,-0.06389180663973093,0.02998907000175677,0.0,0.0,0.0,,,,,,,,,,,,
32.0,200.0,-0.9397502422332765,0.0,0.9285250153042853,0.35714285714285715,0.0019896964613663254,nan,0.04822603719599428,14.0,200.0,-0.006403626874089241,0.07229765992855391,0.0,0.0,0.0,,,,,,,,,,,,
33.0,200.0,-0.9525035381317143,0.0,0.8339095555359209,0.375,0.0015635804166298517,nan,0.048168812589413454,16.0,200.0,-0.05862676165997982,0.02092467682014103,0.0,0.0,0.0,,,,,,,,,,,,
34.0,200.0,-0.5342750668525694,0.0,0.8166663905876312,0.5,0.0020416659764690777,nan,0.04811158798283262,12.0,200.0,-0.04140831530094147,0.03114131790527608,0.0,0.0,0.0,,,,,,,,,,,,
35.0,200.0,-1.087433242797852,0.0,0.9602252436732384,0.25,0.002400563109183096,nan,0.04805436337625179,12.0,200.0,-0.06232197675853968,0.027532637338499626,0.0,0.0,0.0,,,,,,,,,,,,
36.0,200.0,-1.3340384483337409,0.0,0.7582039590163822,0.38461538461538464,0.0017497014438839589,nan,0.04799713876967096,13.0,200.0,-0.03178542712703347,0.021971569878842273,0.0,0.0,0.0,,,,,,,,,,,,
37.0,200.0,-1.9662986755371104,0.0,0.9285249412353892,0.35714285714285715,0.0019896963026472627,nan,0.04793991416309013,14.0,200.0,-0.007095037959516048,0.02386409755507884,0.0,0.0,0.0,,,,,,,,,,,,
38.0,200.0,-2.166300773620606,0.0,0.8277703550808546,0.38461538461538464,0.0019102392809558185,nan,0.0478826895565093,13.0,200.0,-0.003365717828273773,0.04074838009804807,0.0,0.0,0.0,,,,,,,,,,,,
39.0,200.0,-0.9439760208129884,0.0,0.9285249412353892,0.35714285714285715,0.0019896963026472623,nan,0.047825464949928474,14.0,200.0,-0.06132257357239723,0.023572277472776477,0.0,0.0,0.0,,,,,,,,,,,,
40.0,200.0,-1.3130779266357422,0.0,0.7448869640448277,0.5,0.0018622174101120695,nan,0.047768240343347645,12.0,200.0,-0.0184116680175066,0.007405024481914779,0.0,0.0,0.0,1.0,0.0,0.0,0.0,0.0,0.0,2.128573179244995,13.60317526012659,16.0,1.0,200.0,-1.0498763561248783
41.0,200.0,-0.9879131317138672,0.0,0.8979445605069036,0.3333333333333333,0.0022448614012672593,nan,0.04771101573676681,12.0,200.0,-0.029960181564092636,0.013995036620335667,0.0,0.0,0.0,,,,,,,,,,,,
42.0,200.0,-1.2679629325866708,0.0,0.8401749693899792,0.4166666666666667,0.002100437423474948,nan,0.04765379113018598,12.0,200.0,-0.05360823683440685,0.016623887693424065,0.0,0.0,0.0,,,,,,,,,,,,
43.0,200.0,-0.6543494701385498,0.0,0.9311132788103701,0.3076923076923077,0.002148722951100854,nan,0.04759656652360515,13.0,200.0,-0.04536738805472851,0.02444933799561113,0.0,0.0,0.0,,,,,,,,,,,,
44.0,200.0,-1.523653221130372,0.0,0.6704155034724725,0.42857142857142855,0.0014366046502981551,nan,0.04753934191702432,14.0,200.0,-0.01473522000014782,0.016937226798181656,0.0,0.0,0.0,,,,,,,,,,,,
45.0,200.0,-0.7439570903778077,0.0,0.8710777720232834,0.4,0.001742155544046567,nan,0.047482117310443495,15.0,200.0,-0.05317965708673,0.027238704634364695,0.0,0.0,0.0,,,,,,,,,,,,
46.0,200.0,-2.0003376007080083,0.0,0.6936378800602052,0.5714285714285714,0.0014863668858432968,nan,0.047424892703862666,14.0,200.0,0.05735616572201252,0.03470597784009442,0.0,0.0,0.0,,,,,,,,,,,,
47.0,200.0,-0.8045705795288092,0.0,0.8549911928879377,0.42857142857142855,0.0018321239847598667,nan,0.04736766809728184,14.0,200.0,-0.03334380127489567,0.016435313080571633,0.0,0.0,0.0,,,,,,,,,,,,
48.0,200.0,-1.3636960983276365,0.0,0.8902219892594387,0.35714285714285715,0.0019076185484130832,nan,0.047310443490701,14.0,200.0,-0.06083197332918644,0.015037783036191,0.0,0.0,0.0,,,,,,,,,,,,
49.0,200.0,-1.4793995857238773,0.0,0.8136542307890405,0.4,0.001627308461578081,nan,0.04725321888412017,15.0,200.0,-0.03586884122341871,0.014098491778805738,0.0,0.0,0.0,,,,,,,,,,,,
50.0,200.0,-1.3142328262329106,0.0,0.7934660124620466,0.42857142857142855,0.0017002843124186717,nan,0.047195994277539344,14.0,200.0,-0.053007377311587334,0.011666731114541449,0.0,0.0,0.0,,,,,,,,,,,,
51.0,200.0,-1.5762761116027844,0.0,0.7345565010338057,0.4,0.0014691130020676115,nan,0.047138769670958515,15.0,200.0,-0.055140879936516285,0.027537669344573034,0.0,0.0,0.0,,,,,,,,,,,,
52.0,200.0,-1.155879163742066,0.0,0.7683955428471756,0.4166666666666667,0.0019209888571179391,nan,0.047081545064377686,12.0,200.0,-0.059387327171862125,0.02956400672046584,0.0,0.0,0.0,,,,,,,,,,,,
53.0,200.0,-0.7644787073135377,0.0,0.925633958150854,0.3333333333333333,0.0018512679163017083,nan,0.04702432045779686,15.0,200.0,0.012086566537618637,0.022891625762567855,0.0,0.0,0.0,,,,,,,,,,,,
54.0,200.0,-1.5356436729431155,0.0,0.6630199464013858,0.45454545454545453,0.0018082362174583254,nan,0.04696709585121603,11.0,200.0,-0.045696319080889225,0.01311200987543998,0.0,0.0,0.0,,,,,,,,,,,,
55.0,200.0,-1.1058112144470214,0.0,0.8848616973159905,0.4166666666666667,0.0022121542432899763,nan,0.04690987124463519,12.0,200.0,-0.053778440691530704,0.01834010808293897,0.0,0.0,0.0,,,,,,,,,,,,
56.0,200.0,-1.4361570358276377,0.0,0.677627591887865,0.5384615384615384,0.0015637559812796886,nan,0.046852646638054364,13.0,200.0,-0.08285769820213318,0.019625622503426712,0.0,0.0,0.0,,,,,,,,,,,,
57.0,200.0,-1.3737998962402345,0.0,0.8810960346371515,0.46153846153846156,0.00203329854147035,nan,0.046795422031473535,13.0,200.0,-0.07168313674628735,0.023896580477012323,0.0,0.0,0.0,,,,,,,,,,,,
58.0,200.0,-1.1529333591461188,0.0,0.877787525185177,0.38461538461538464,0.0020256635196581013,nan,0.046738197424892707,13.0,200.0,-0.019889605697244406,0.0390494597817451,0.0,0.0,0.0,,,,,,,,,,,,
59.0,200.0,-0.8511296272277842,0.0,0.8810960346371515,0.46153846153846156,0.0020332985414703497,nan,0.04668097281831188,13.0,200.0,-0.038613137789070606,0.02936282833987207,0.0,0.0,0.0,,,,,,,,,,,,
60.0,200.0,-1.021807384490967,0.0,0.9426312884329151,0.3333333333333333,0.0023565782210822877,nan,0.04662374821173105,12.0,200.0,-0.0691846339032054,0.01780089425301753,0.0,0.0,0.0,1.0,0.0,0.0,1.0,0.0,0.0,0.6411356925964355,15.570960378739983,9.0,1.0,167.0,-2.286207504272461
61.0,200.0,-0.7958546400070194,0.0,0.8274095654878446,0.5,0.0017730204974739528,nan,0.04656652360515022,14.0,200.0,-0.03155471105128527,0.009467309334986566,0.0,0.0,0.0,,,,,,,,,,,,
62.0,200.0,-0.5669396877288829,0.0,0.9397387499015614,0.2857142857142857,0.002013725892646203,nan,0.046509298998569384,14.0,200.0,-0.058512301184237,0.033541708812263094,0.0,0.0,0.0,,,,,,,,,,,,
63.0,200.0,-0.7961299180984497,0.0,0.7485801132743634,0.46153846153846156,0.0017274925690946843,nan,0.046452074391988556,13.0,200.0,-0.04389282502233982,0.01629251344846125,0.0,0.0,0.0,,,,,,,,,,,,
64.0,200.0,-0.7439541816711431,0.0,0.9134444399160676,0.35714285714285715,0.001957380942677288,nan,0.04639484978540773,14.0,200.0,0.04491149261593819,0.0323489252915897,0.0,0.0,0.0,,,,,,,,,,,,
65.0,200.0,-1.1913562297821052,0.0,0.9873179422900304,0.25,0.002468294855725076,nan,0.0463376251788269,12.0,200.0,-0.03314545005559921,0.027076259284856973,0.0,0.0,0.0,,,,,,,,,,,,
66.0,181.0,-2.4281118011474607,0.0,0.47193330474121836,0.7272727272727273,0.0012870908311124138,nan,0.04628040057224607,11.0,181.0,0.35100699216127396,0.003392838055871071,0.0,0.0,0.0,,,,,,,,,,,,
67.0,174.0,-2.4755475425720217,0.0,0.5861353211933781,0.5,0.0017584059635801345,nan,0.04622317596566524,10.0,174.0,0.1619151495397091,0.01265859050590342,0.0,0.0,0.0,,,,,,,,,,,,
68.0,200.0,-1.3166610717773437,0.0,0.925633958150854,0.3333333333333333,0.0018512679163017083,nan,0.04616595135908441,15.0,200.0,-0.06233186088502407,0.017276662413453322,0.0,0.0,0.0,,,,,,,,,,,,
69.0,200.0,-0.4174678742885595,0.0,0.8560874125505422,0.46153846153846156,0.0019755863366550976,nan,0.046108726752503576,13.0,200.0,0.1202290877699852,0.008735107409638659,0.0,0.0,0.0,,,,,,,,,,,,
70.0,190.0,-2.6460730552673355,0.0,0.7582039590163822,0.38461538461538464,0.001749701443883959,nan,0.04605150214592275,13.0,190.0,0.09101578034460545,0.010029741633613747,0.0,0.0,0.0,,,,,,,,,,,,
71.0,200.0,-1.6434906959533702,0.0,0.743885478500363,0.5384615384615384,0.0017166587965392992,nan,0.04599427753934192,13.0,200.0,-0.0163076207973063,0.008408959121503586,0.0,0.0,0.0,,,,,,,,,,,,
72.0,200.0,-1.0964675426483157,0.0,0.7683955428471756,0.4166666666666667,0.0019209888571179393,nan,0.04593705293276109,12.0,200.0,0.007878247648477554,0.01878173335709562,0.0,0.0,0.0,,,,,,,,,,,,
73.0,200.0,-2.0150527954101562,0.0,0.6952545077869625,0.46153846153846156,0.001604433479508375,nan,0.04587982832618026,13.0,200.0,0.004942627623677254,0.010473926839397336,0.0,0.0,0.0,,,,,,,,,,,,
74.0,200.0,-0.7609434604644776,0.0,0.6780647465127767,0.5,0.0014529958853845217,nan,0.04582260371959943,14.0,200.0,0.007487191818654537,0.02063200298083757,0.0,0.0,0.0,,,,,,,,,,,,
75.0,200.0,-1.4065776824951175,0.0,0.7934660124620466,0.42857142857142855,0.0017002843124186717,nan,0.0457653791130186,14.0,200.0,0.3424180671572685,0.007548822506888655,0.0,0.0,0.0,,,,,,,,,,,,
76.0,177.0,-2.379655666351319,0.0,0.3795513555009628,0.7,0.0011386540665028883,nan,0.04570815450643777,10.0,177.0,0.10216241329908371,0.0035020353652366358,0.0,0.0,0.0,,,,,,,,,,,,
77.0,200.0,-1.1735123634338387,0.0,0.8398466960423667,0.3076923076923077,0.0019381077600977693,nan,0.04565092989985694,13.0,200.0,-0.004761429503560066,0.02952148076874437,0.0,0.0,0.0,,,,,,,,,,,,
78.0,200.0,-1.7333783149719235,0.0,0.8277702810119585,0.38461538461538464,0.0019102391100275968,nan,0.04559370529327611,13.0,200.0,-0.04227143805474043,0.013322151808606577,0.0,0.0,0.0,,,,,,,,,,,,
79.0,200.0,-1.2123263359069831,0.0,0.8504146980032518,0.4375,0.0015945275587560968,nan,0.04553648068669528,16.0,200.0,-0.03677318897098303,0.01567161613525968,0.0,0.0,0.0,,,,,,,,,,,,
80.0,200.0,-2.1290735244750985,0.0,0.4482705885660407,0.75,0.0011206764714151022,nan,0.04547925608011445,12.0,200.0,0.036760881543159485,0.0046451217018704935,0.0,0.0,0.0,1.0,0.0,0.0,0.0,0.0,0.0,1.1749086380004883,14.784415990114212,12.0,1.0,200.0,-1.255353736877442
81.0,155.0,-2.1795887947082524,0.0,0.5579250710718983,0.6,0.0016737752132156953,nan,0.045422031473533624,10.0,155.0,0.0496522206813097,0.004705179864451507,0.0,0.0,0.0,,,,,,,,,,,,
82.0,200.0,-1.7557899475097667,0.0,0.7322464403015547,0.42105263157894735,0.001156178589949823,nan,0.045364806866952795,19.0,200.0,-0.024181968066841364,0.02264183079387294,0.0,0.0,0.0,,,,,,,,,,,,
83.0,190.0,-2.656423854827881,0.0,0.8148380739557575,0.46153846153846156,0.001880395555282517,nan,0.04530758226037196,13.0,190.0,0.1568678878247738,0.019945918759970625,0.0,0.0,0.0,,,,,,,,,,,,
84.0,200.0,-2.1952938079833975,0.0,0.7862453320547039,0.3333333333333333,0.001572490664109408,nan,0.04525035765379113,15.0,200.0,-0.040627194568514824,0.01356754520755203,0.0,0.0,0.0,,,,,,,,,,,,
85.0,152.0,-2.2126761627197267,0.0,0.6397594243321503,0.5,0.0019192782729964511,nan,0.0451931330472103,10.0,152.0,-0.06707506719976664,0.013233305994426223,0.0,0.0,0.0,,,,,,,,,,,,
86.0,200.0,-1.4503611564636236,0.0,0.7683955428471756,0.4166666666666667,0.0019209888571179391,nan,0.04513590844062947,12.0,200.0,-0.006417997181415558,0.013074004347636219,0.0,0.0,0.0,,,,,,,,,,,,
87.0,200.0,-0.6589605808258062,0.0,0.785152593630217,0.36363636363636365,0.002141325255355138,nan,0.045078683834048644,11.0,200.0,0.2937130853533745,0.04295269563508896,0.0,0.0,0.0,,,,,,,,,,,,
88.0,200.0,-1.6818094253540037,0.0,0.42810551676908487,0.5454545454545454,0.0011675605002793225,nan,0.045021459227467815,11.0,200.0,-0.008706238586455584,0.006728620122864868,0.0,0.0,0.0,,,,,,,,,,,,
89.0,200.0,-0.9372303485870364,0.0,0.8101434391817571,0.5384615384615384,0.0018695617827271323,nan,0.044964234620886986,13.0,200.0,0.1623937487602234,0.01639288686899363,0.0,0.0,0.0,,,,,,,,,,,,
90.0,200.0,-1.0501736164093018,0.0,0.7862454061236,0.3333333333333333,0.0015724908122472007,nan,0.04490701001430615,15.0,200.0,0.03962083254009485,0.007005661813818734,0.0,0.0,0.0,,,,,,,,,,,,
91.0,200.0,-1.1054871559143067,0.0,0.9014357979256109,0.2857142857142857,0.0019316481384120238,nan,0.04484978540772532,14.0,200.0,0.3180679604411125,0.01317586776725193,0.0,0.0,0.0,,,,,,,,,,,,
92.0,200.0,-0.6479520559310913,0.0,0.985924780422873,0.26666666666666666,0.0019718495608457465,nan,0.04479256080114449,15.0,200.0,-0.008758215233683586,0.02774646943521475,0.0,0.0,0.0,,,,,,,,,,,,
93.0,200.0,-0.7111426115036024,0.0,0.8848616973159905,0.4166666666666667,0.0022121542432899763,nan,0.044735336194563664,12.0,200.0,0.03387831337749958,0.03700463236204996,0.0,0.0,0.0,,,,,,,,,,,,
94.0,200.0,-1.0336429119110107,0.0,0.8244619196977763,0.38461538461538464,0.001902604430071792,nan,0.044678111587982836,13.0,200.0,0.10410479083657265,0.027001699790675956,0.0,0.0,0.0,,,,,,,,,,,,
95.0,200.0,-0.5971723914146433,0.0,0.8902220633283349,0.35714285714285715,0.001907618707132146,nan,0.04462088698140201,14.0,200.0,0.0628297096118331,0.14836583099355266,0.0,0.0,0.0,,,,,,,,,,,,
96.0,200.0,-0.649540734291078,0.0,0.5694316740844405,0.5454545454545454,0.001552995474775747,nan,0.04456366237482118,11.0,200.0,0.16363245621323586,0.004255806658438815,0.0,0.0,0.0,,,,,,,,,,,,
97.0,200.0,-1.2259495735168466,0.0,0.8324609901344643,0.3333333333333333,0.0016649219802689287,nan,0.04450643776824034,15.0,200.0,-0.06747150979936123,0.05475451065825837,0.0,0.0,0.0,,,,,,,,,,,,
98.0,200.0,-1.2032515525817884,0.0,0.778385437073829,0.5714285714285714,0.0016679687937296336,nan,0.044449213161659513,14.0,200.0,-0.08553757146000862,0.02468172666085593,0.0,0.0,0.0,,,,,,,,,,,,
99.0,200.0,-1.574146270751954,0.0,0.8085465878502643,0.42857142857142855,0.0017325998311077098,nan,0.044391988555078685,14.0,200.0,-0.042836662381887436,0.014201984773044386,0.0,0.0,0.0,,,,,,,,,,,,
100.0,200.0,-1.2877944946289062,0.0,0.743885478500363,0.5384615384615384,0.0017166587965392994,nan,0.044334763948497856,13.0,200.0,0.03754331171512604,0.013047099691757467,0.0,0.0,0.0,1.0,0.0,0.0,0.0,0.0,0.0,13.03701400756836,15.620883956551552,16.0,1.0,200.0,-0.7253228187561053
101.0,200.0,-0.7398647785186773,0.0,0.7683955428471756,0.4166666666666667,0.0019209888571179391,nan,0.04427753934191703,12.0,200.0,-0.026970935985445976,0.015841167604376098,0.0,0.0,0.0,,,,,,,,,,,,
102.0,200.0,-1.0848493099212657,0.0,0.9780417018775118,0.2857142857142857,0.0020958036468803824,nan,0.0442203147353362,14.0,200.0,0.03302745521068573,0.016522355803508616,0.0,0.0,0.0,,,,,,,,,,,,
103.0,200.0,-1.076519107818604,0.0,0.942631214364019,0.3333333333333333,0.002356578035910048,nan,0.04416309012875537,12.0,200.0,0.053637889213860035,0.013835611673366657,0.0,0.0,0.0,,,,,,,,,,,,
104.0,200.0,-2.105512619018554,0.0,0.6695339354708292,0.6,0.0013390678709416586,nan,0.04410586552217454,15.0,200.0,0.04904427379369736,0.01781715243239887,0.0,0.0,0.0,,,,,,,,,,,,
105.0,200.0,-1.1873324871063233,0.0,0.8810960346371515,0.46153846153846156,0.0020332985414703497,nan,0.044048640915593705,13.0,200.0,-0.039896437898278236,0.010778961201199309,0.0,0.0,0.0,,,,,,,,,,,,
106.0,200.0,-0.6693556547164918,0.0,0.906827050667638,0.4,0.0018136541013352762,nan,0.043991416309012876,15.0,200.0,-0.048529744148254395,0.03626777204815881,0.0,0.0,0.0,,,,,,,,,,,,
107.0,200.0,-0.899241447448731,0.0,0.9548193993586752,0.2857142857142857,0.002046041570054304,nan,0.04393419170243205,14.0,200.0,-0.08380350843071938,0.019238599855489157,0.0,0.0,0.0,,,,,,,,,,,,
108.0,200.0,-0.7199081897735596,0.0,0.7898294518691481,0.46153846153846156,0.0018226833504672653,nan,0.04387696709585122,13.0,200.0,-0.04509741999208927,0.011550644934255274,0.0,0.0,0.0,,,,,,,,,,,,
109.0,200.0,-1.0512490749359136,0.0,0.9068271247365342,0.4,0.0018136542494730688,nan,0.04381974248927039,15.0,200.0,-0.05868205055594444,0.01929861004045961,0.0,0.0,0.0,,,,,,,,,,,,
110.0,200.0,-1.4528635025024426,0.0,0.6856014048309755,0.5625,0.001285502634058079,nan,0.04376251788268956,16.0,200.0,0.3018866032361984,0.021876922706869664,0.0,0.0,0.0,,,,,,,,,,,,
111.0,200.0,-1.3090997695922866,0.0,0.6856014048309755,0.5625,0.0012855026340580793,nan,0.043705293276108725,16.0,200.0,-0.07902995869517326,0.026999561090478894,0.0,0.0,0.0,,,,,,,,,,,,
112.0,200.0,-1.0792800426483167,0.0,0.6680216708187077,0.5833333333333334,0.0016700541770467694,nan,0.043648068669527904,12.0,200.0,-0.05871092155575752,0.010190209945722017,0.0,0.0,0.0,,,,,,,,,,,,
113.0,200.0,-1.3036037445068362,0.0,0.8136541567201444,0.4,0.0016273083134402888,nan,0.04359084406294707,15.0,200.0,-0.06851232424378395,0.020530172537733052,0.0,0.0,0.0,,,,,,,,,,,,
114.0,200.0,-1.9129415512084953,0.0,0.8707342404830699,0.4375,0.001632626700905756,nan,0.04353361945636624,16.0,200.0,0.05110219866037369,0.024250310776878906,0.0,0.0,0.0,,,,,,,,,,,,
115.0,200.0,-1.55766887664795,0.0,0.7188768564137538,0.5384615384615384,0.0016589465917240473,nan,0.04347639484978541,13.0,200.0,-0.026161952409893274,0.013318719293110917,0.0,0.0,0.0,,,,,,,,,,,,
116.0,200.0,-0.5548232316970831,0.0,0.7879112896662784,0.4666666666666667,0.0015758225793325571,nan,0.04341917024320458,15.0,200.0,0.020845440216362476,0.01828521190058382,0.0,0.0,0.0,,,,,,,,,,,,
117.0,200.0,-0.7218462228775024,0.0,0.8777875992540731,0.38461538461538464,0.002025663690586322,nan,0.04336194563662375,13.0,200.0,-0.03490780759602785,0.02897724307695171,0.0,0.0,0.0,,,,,,,,,,,,
118.0,200.0,-0.6940576791763321,0.0,0.9429842267229361,0.35294117647058826,0.001664089811864005,nan,0.043304721030042924,17.0,200.0,-0.05051642656326294,0.01603159780842361,0.0,0.0,0.0,,,,,,,,,,,,
119.0,200.0,-0.9357251167297391,0.0,0.6987969268128901,0.5625,0.0013102442377741694,nan,0.04324749642346209,16.0,200.0,-0.04955378919839859,0.01936508611564932,0.0,0.0,0.0,,,,,,,,,,,,
120.0,200.0,-0.679329538345337,0.0,0.8932941448638881,0.42857142857142855,0.0019142017389940462,nan,0.04319027181688126,14.0,200.0,-0.029644164256751537,0.027104182551411213,0.0,0.0,0.0,1.0,0.0,0.0,0.0,0.0,0.0,9.897783279418945,14.791850899346173,13.0,1.0,200.0,-0.6099886655807499
121.0,200.0,-0.784253120422363,0.0,0.6951143694354999,0.5833333333333334,0.00173778592358875,nan,0.04313304721030043,12.0,200.0,-0.043254570104181767,0.020859796681761508,0.0,0.0,0.0,,,,,,,,,,,,
122.0,200.0,-0.8638389587402342,0.0,0.7188768564137538,0.5384615384615384,0.001658946591724047,nan,0.0430758226037196,13.0,200.0,-0.035283615812659264,0.014457046968964278,0.0,0.0,0.0,,,,,,,,,,,,
123.0,200.0,-1.2063470840454105,0.0,0.5748150014545825,0.6153846153846154,0.001326496157202883,nan,0.04301859799713877,13.0,200.0,-0.03197367396205664,0.022129339025268563,0.0,0.0,0.0,,,,,,,,,,,,
124.0,200.0,-1.3427887916564945,0.0,0.6421882175048846,0.6363636363636364,0.0017514224113769584,nan,0.042961373390557944,11.0,200.0,-0.009704298805445433,0.009813436086465116,0.0,0.0,0.0,,,,,,,,,,,,
125.0,200.0,-0.6868980169296274,0.0,0.7859895721563949,0.4166666666666667,0.0019649739303909874,nan,0.04290414878397711,12.0,200.0,-0.009711670689284801,0.01946530129016537,0.0,0.0,0.0,,,,,,,,,,,,
126.0,200.0,-0.938774394989014,0.0,0.9256338840819579,0.3333333333333333,0.001851267768163916,nan,0.04284692417739629,15.0,200.0,0.04243852384388447,0.0537951194287416,0.0,0.0,0.0,,,,,,,,,,,,
127.0,200.0,-0.9207972526550302,0.0,0.516029703565138,0.6923076923076923,0.0011908377774580109,nan,0.04278969957081545,13.0,200.0,0.1655159927904606,0.017807144602411427,0.0,0.0,0.0,,,,,,,,,,,,
128.0,200.0,-1.1282324314117427,0.0,0.9022057441007985,0.35294117647058826,0.0015921277837072914,nan,0.04273247496423462,17.0,200.0,0.023391940630972385,0.043530181088426614,0.0,0.0,0.0,,,,,,,,,,,,
129.0,200.0,-0.5286114811897278,0.0,0.9873179422900304,0.25,0.0024682948557250765,nan,0.04267525035765379,12.0,200.0,0.03146153315901756,0.027045558183508546,0.0,0.0,0.0,,,,,,,,,,,,
130.0,200.0,-0.6146116018295288,0.0,0.8560874125505422,0.46153846153846156,0.0019755863366550976,nan,0.042618025751072965,13.0,200.0,-0.043255534023046494,0.01887701340863714,0.0,0.0,0.0,,,,,,,,,,,,
131.0,200.0,-1.295004177093506,0.0,0.6573136045752561,0.46153846153846156,0.001516877549019822,nan,0.042560801144492136,13.0,200.0,-0.007948774844408035,0.015863499702099944,0.0,0.0,0.0,,,,,,,,,,,,
132.0,200.0,-1.5073512077331548,0.0,0.6704155034724725,0.42857142857142855,0.0014366046502981551,nan,0.04250357653791131,14.0,200.0,0.03463060222566128,0.020057978653361487,0.0,0.0,0.0,,,,,,,,,,,,
133.0,200.0,-1.1630915641784663,0.0,0.7485801873432595,0.46153846153846156,0.0017274927400229068,nan,0.04244635193133047,13.0,200.0,0.01351848803460598,0.018617422383067607,0.0,0.0,0.0,,,,,,,,,,,,
134.0,31.0,-0.7375457382202149,0.0,0.39548850063838265,0.6666666666666666,0.003954885006383827,nan,0.04238912732474964,3.0,31.0,-0.06986369844526052,20846.319387653864,0.0,0.0,0.0,,,,,,,,,,,,
135.0,200.0,-3.038542366027831,0.0,0.7891066875807903,0.5,0.0016909429019588366,nan,0.042331902718168814,14.0,200.0,0.23859483376145363,0.06024815495591611,0.0,0.0,0.0,,,,,,,,,,,,
136.0,200.0,-1.4353793144226081,0.0,0.8634574899213628,0.36363636363636365,0.0023548840634218986,nan,0.042274678111587985,11.0,200.0,0.05014258902519941,0.047500583188812014,0.0,0.0,0.0,,,,,,,,,,,,
137.0,200.0,-0.8931016445159912,0.0,0.7898294518691481,0.46153846153846156,0.0018226833504672649,nan,0.042217453505007156,13.0,200.0,-0.028840784914791584,0.016460480317355176,0.0,0.0,0.0,,,,,,,,,,,,
138.0,200.0,-0.9828816890716552,0.0,0.7859895721563949,0.4166666666666667,0.001964973930390988,nan,0.04216022889842633,12.0,200.0,-0.043970494996756315,0.013302363710408827,0.0,0.0,0.0,,,,,,,,,,,,
139.0,200.0,-0.5268487453460697,0.0,0.7002003101877123,0.5,0.0017505007754692805,nan,0.0421030042918455,12.0,200.0,0.018572987988591194,0.024650486120017377,0.0,0.0,0.0,,,,,,,,,,,,
140.0,200.0,-0.7515652179718014,0.0,0.6772921338573288,0.36363636363636365,0.0018471603650654417,nan,0.04204577968526467,11.0,200.0,-0.02942759497091174,0.008583406508932967,0.0,0.0,0.0,1.0,0.0,0.0,0.0,0.0,0.0,9.2252197265625,13.54618757776916,13.0,1.0,200.0,-0.6560494661331184
141.0,200.0,-0.7775747060775757,0.0,0.7683956169160717,0.4166666666666667,0.0019209890422901797,nan,0.041988555078683834,12.0,200.0,-0.04349504131823778,0.014762507279447163,0.0,0.0,0.0,,,,,,,,,,,,
142.0,200.0,-1.4613636016845704,0.0,0.7791800481914251,0.35714285714285715,0.0016696715318387683,nan,0.041931330472103005,14.0,200.0,-0.0004995502531528473,0.02583983338536427,0.0,0.0,0.0,,,,,,,,,,,,
143.0,200.0,-0.9562643527984623,0.0,0.8136541567201444,0.4,0.0016273083134402888,nan,0.041874105865522177,15.0,200.0,-0.04240271635353565,0.023812675390045116,0.0,0.0,0.0,,,,,,,,,,,,
144.0,200.0,-1.6975790023803718,0.0,0.9134442917782754,0.35714285714285715,0.0019573806252391615,nan,0.04181688125894135,14.0,200.0,-0.015831489581614733,0.04712252033571531,0.0,0.0,0.0,,,,,,,,,,,,
145.0,200.0,-0.5644430756568917,0.0,0.6776275178189689,0.5384615384615384,0.0015637558103514674,nan,0.04175965665236052,13.0,200.0,0.137396689504385,0.020129362457664682,0.0,0.0,0.0,,,,,,,,,,,,
146.0,200.0,-0.7870014905929578,0.0,0.7421553772247469,0.5333333333333333,0.001484310754449494,nan,0.04170243204577968,15.0,200.0,-0.029946476686745882,0.02456145188688424,0.0,0.0,0.0,,,,,,,,,,,,
147.0,200.0,-1.6966623306274429,0.0,0.7891126871613762,0.4,0.0015782253743227522,nan,0.04164520743919886,15.0,200.0,0.026377665810287,0.04629215415552608,0.0,0.0,0.0,,,,,,,,,,,,
148.0,200.0,-0.5123433232307432,0.0,0.7260413185289398,0.5454545454545454,0.0019801126868971082,nan,0.041587982832618026,11.0,200.0,0.02468208223581314,0.03318945753025218,0.0,0.0,0.0,,,,,,,,,,,,
149.0,200.0,-0.4017682854086159,0.0,0.7485801132743634,0.46153846153846156,0.0017274925690946843,nan,0.0415307582260372,13.0,200.0,0.07987567409873009,0.021333036570358673,0.0,0.0,0.0,,,,,,,,,,,,
150.0,200.0,-0.6118461370468149,0.0,0.49819787606491917,0.7,0.0014945936281947575,nan,0.04147353361945637,10.0,200.0,-0.030237380415201187,0.007326273478287391,0.0,0.0,0.0,,,,,,,,,,,,
151.0,200.0,-0.7468578815460205,0.0,0.5563014808689055,0.7142857142857143,0.0011920746018619405,nan,0.04141630901287554,14.0,200.0,-0.04925460647791624,0.011285697036973942,0.0,0.0,0.0,,,,,,,,,,,,
152.0,200.0,-0.8980557918548584,0.0,0.7879112896662784,0.4666666666666667,0.0015758225793325567,nan,0.04135908440629471,15.0,200.0,-0.03793090023100376,0.025703299103723223,0.0,0.0,0.0,,,,,,,,,,,,
153.0,200.0,-1.114667844772339,0.0,0.9426312884329151,0.3333333333333333,0.002356578221082288,nan,0.04130185979971388,12.0,200.0,0.10031092911958694,0.027595894334699552,0.0,0.0,0.0,,,,,,,,,,,,
154.0,200.0,-2.9921897888183593,0.0,0.6695339354708292,0.6,0.0013390678709416584,nan,0.04124463519313305,15.0,200.0,0.2946186810731888,0.055816565660352355,0.0,0.0,0.0,,,,,,,,,,,,
155.0,200.0,-0.6590829133987427,0.0,0.6964856069094052,0.5454545454545454,0.0018995062006620148,nan,0.04118741058655222,11.0,200.0,-0.04135719034820795,0.011271974946412229,0.0,0.0,0.0,,,,,,,,,,,,
156.0,200.0,-0.9118052005767824,0.0,0.767438498640384,0.4,0.0015348769972807683,nan,0.04113018597997139,15.0,200.0,-0.04482649173587561,0.02590091870257311,0.0,0.0,0.0,,,,,,,,,,,,
157.0,200.0,-0.921651458740236,0.0,0.7275814330860032,0.5,0.001559103070898578,nan,0.04107296137339056,14.0,200.0,-0.012645442504435778,0.044846948151825924,0.0,0.0,0.0,,,,,,,,,,,,
158.0,200.0,-0.4248556673526774,0.0,0.77024370994321,0.42857142857142855,0.0016505222355925927,nan,0.04101573676680973,14.0,200.0,0.14314476400613785,0.03508081759285233,0.0,0.0,0.0,,,,,,,,,,,,
159.0,175.0,0.8013499647378926,1.0,0.5343276836631002,0.6363636363636364,0.0014572573190811825,nan,0.0409585121602289,11.0,175.0,0.23571178317070007,0.02608275793692363,0.0,0.0,0.0,,,,,,,,,,,,
160.0,200.0,-0.41008263751864404,0.0,0.9285250153042853,0.35714285714285715,0.001989696461366326,nan,0.04090128755364807,14.0,200.0,-0.05280816648155451,0.025498200077099683,0.0,0.0,0.0,1.0,0.0,0.0,0.0,0.0,0.0,7.783806324005127,15.00028087454848,13.0,1.0,200.0,-2.6133590698242144
161.0,200.0,-0.7512857913970946,0.0,0.6660815842225859,0.6153846153846154,0.0015371113482059672,nan,0.040844062947067244,13.0,200.0,-0.013799635227769613,0.01499804078737725,0.0,0.0,0.0,,,,,,,,,,,,
162.0,200.0,-0.8268336772918713,0.0,0.6131951332202921,0.625,0.001149740874788048,nan,0.04078683834048641,16.0,200.0,-0.02985913585871458,0.013591706375300418,0.0,0.0,0.0,,,,,,,,,,,,
163.0,200.0,-1.2353143692016608,0.0,0.4482706626349368,0.75,0.0011206766565873424,nan,0.04072961373390558,12.0,200.0,0.6474822908639908,0.026130247552646323,0.0,0.0,0.0,,,,,,,,,,,,
164.0,200.0,-0.5203316569328327,0.0,0.6660815842225859,0.6153846153846154,0.0015371113482059678,nan,0.04067238912732475,13.0,200.0,0.08067972026765347,0.012559200896139372,0.0,0.0,0.0,,,,,,,,,,,,
165.0,200.0,-0.701953911781311,0.0,0.6680216708187077,0.5833333333333334,0.0016700541770467694,nan,0.04061516452074392,12.0,200.0,-0.06011682748794556,0.04227503063830227,0.0,0.0,0.0,,,,,,,,,,,,
166.0,200.0,-0.7315711021423337,0.0,0.6936378800602052,0.5714285714285714,0.001486366885843297,nan,0.040557939914163094,14.0,200.0,-0.03346519637852907,0.025509959323755993,0.0,0.0,0.0,,,,,,,,,,,,
167.0,200.0,-1.038950157165527,0.0,0.6742656046928905,0.4,0.0013485312093857818,nan,0.040500715307582265,15.0,200.0,0.0011650440283119678,0.02809474931083969,0.0,0.0,0.0,,,,,,,,,,,,
168.0,200.0,-0.8805215835571288,0.0,0.8560874125505422,0.46153846153846156,0.001975586336655098,nan,0.040443490701001436,13.0,200.0,0.04050019010901451,0.030222607030545988,0.0,0.0,0.0,,,,,,,,,,,,
169.0,200.0,-1.0508209228515626,0.0,0.8932941448638881,0.42857142857142855,0.0019142017389940462,nan,0.0403862660944206,14.0,200.0,-0.02717083739116788,0.0383528747184755,0.0,0.0,0.0,,,,,,,,,,,,
170.0,200.0,-0.6344505071640018,0.0,0.5822876642465321,0.6923076923076923,0.0013437407636458438,nan,0.04032904148783977,13.0,200.0,-0.0351649634540081,0.014984341509843943,0.0,0.0,0.0,,,,,,,,,,,,
171.0,200.0,-0.7019567012786866,0.0,0.6410729621359766,0.6153846153846154,0.001479399143390715,nan,0.04027181688125894,13.0,200.0,-0.006797362584620714,0.03040900407178924,0.0,0.0,0.0,,,,,,,,,,,,
172.0,200.0,-0.698950076103211,0.0,0.6713982495862183,0.6666666666666666,0.001342796499172437,nan,0.040214592274678114,15.0,200.0,-0.04670310951769352,0.021183630736313717,0.0,0.0,0.0,,,,,,,,,,,,
173.0,200.0,-1.0787921905517581,0.0,0.7524639158425168,0.4444444444444444,0.0012541065264041948,nan,0.040157367668097285,18.0,200.0,-0.04486102145165205,0.024509238145546987,0.0,0.0,0.0,,,,,,,,,,,,
174.0,200.0,-0.8936423301696781,0.0,0.9022057441007985,0.35294117647058826,0.0015921277837072914,nan,0.040100143061516456,17.0,200.0,-0.04909493122249842,0.019239524741642526,0.0,0.0,0.0,,,,,,,,,,,,
175.0,200.0,-1.196442890167237,0.0,0.38590265224007436,0.6875,0.0007235674729501394,nan,0.04004291845493563,16.0,200.0,0.005379088688641787,0.017440975630597676,0.0,0.0,0.0,,,,,,,,,,,,
176.0,200.0,-0.5934128403663653,0.0,0.6936378800602052,0.5714285714285714,0.0014863668858432974,nan,0.03998569384835479,14.0,200.0,0.0693989573046565,0.047839800956862744,0.0,0.0,0.0,,,,,,,,,,,,
177.0,200.0,-0.6688861131668087,0.0,0.8902220633283349,0.35714285714285715,0.0019076187071321463,nan,0.03992846924177396,14.0,200.0,0.0524398498237133,0.03621342786897003,0.0,0.0,0.0,,,,,,,,,,,,
178.0,200.0,-0.9626334190368653,0.0,0.8560874125505422,0.46153846153846156,0.001975586336655097,nan,0.039871244635193134,13.0,200.0,-0.06098632048815489,0.03632846859640267,0.0,0.0,0.0,,,,,,,,,,,,
179.0,200.0,-1.1481692314147953,0.0,0.4269143037472039,0.7692307692307693,0.00098518685480124,nan,0.039814020028612306,13.0,200.0,-0.018692596815526485,0.02966656574513763,0.0,0.0,0.0,,,,,,,,,,,,
180.0,200.0,-1.0295291900634767,0.0,0.6108267802667933,0.6666666666666666,0.0015270669506669832,0.0,0.03975679542203148,12.0,200.0,0.034461517352610826,0.03748534975349685,0.0,0.0,0.0,1.0,0.0,0.0,0.0,0.0,0.0,3.551222324371338,13.643714751582593,14.0,1.0,200.0,-0.9309301853179934
181.0,200.0,-0.7813433885574343,0.0,0.7188768564137538,0.5384615384615384,0.0016589465917240473,nan,0.03969957081545065,13.0,200.0,-0.032422798220068216,0.04960816189210163,0.0,0.0,0.0,,,,,,,,,,,,
182.0,200.0,-0.7731316804885877,0.0,0.8437591632733195,0.5,0.002109397908183299,nan,0.03964234620886982,12.0,200.0,-0.04442177806049585,0.04104544060807711,0.0,0.0,0.0,,,,,,,,,,,,
183.0,200.0,-0.6584813833236691,0.0,0.8670089453526173,0.4666666666666667,0.0017340178907052349,nan,0.03958512160228898,15.0,200.0,0.061891013756394386,0.025321220145015103,0.0,0.0,0.0,,,,,,,,,,,,
184.0,200.0,-0.9544439315795895,0.0,0.7168601825790418,0.5714285714285714,0.0015361289626693755,nan,0.039527896995708155,14.0,200.0,-0.03928079130128026,0.02673093203964527,0.0,0.0,0.0,,,,,,,,,,,,
185.0,200.0,-0.5606238603591928,0.0,0.6467101236131286,0.625,0.0012125814817746162,nan,0.039470672389127326,16.0,200.0,-0.012983685359358788,0.021419991685852437,0.0,0.0,0.0,,,,,,,,,,,,
186.0,200.0,-0.73748505115509,0.0,0.6660815842225859,0.6153846153846154,0.0015371113482059678,nan,0.0394134477825465,13.0,200.0,-0.028516958933323622,0.03712243169233261,0.0,0.0,0.0,,,,,,,,,,,,
187.0,200.0,-1.0291645526885993,0.0,0.8148380739557575,0.46153846153846156,0.001880395555282517,nan,0.03935622317596567,13.0,200.0,-0.03489595837891102,0.02174243899485191,0.0,0.0,0.0,,,,,,,,,,,,
188.0,200.0,-1.071718692779542,0.0,0.6289964730366723,0.46153846153846156,0.0014515303223923209,nan,0.03929899856938484,13.0,200.0,-0.038333137053996325,0.010036371104520185,0.0,0.0,0.0,,,,,,,,,,,,
189.0,200.0,-1.0470394134521483,0.0,0.7448869640448277,0.5,0.0018622174101120693,nan,0.03924177396280401,12.0,200.0,-0.06880247592926025,0.045593546821764905,0.0,0.0,0.0,,,,,,,,,,,,
190.0,200.0,-0.8034130096435556,0.0,0.8710777720232834,0.4,0.0017421555440465665,nan,0.039184549356223175,15.0,200.0,0.018160490319132805,0.05069277313552448,0.0,0.0,0.0,,,,,,,,,,,,
191.0,200.0,-0.5066239714622495,0.0,0.7708804802431702,0.45454545454545453,0.002102401309754101,nan,0.03912732474964235,11.0,200.0,0.011872999370098114,0.044928401214292535,0.0,0.0,0.0,,,,,,,,,,,,
192.0,200.0,-3.122948646545411,0.0,0.7597554801834483,0.375,0.001424541525343966,nan,0.03907010014306152,16.0,200.0,0.31294338405132294,0.05757488370029023,0.0,0.0,0.0,,,,,,,,,,,,
193.0,196.0,-3.387933502197267,0.0,0.8932941448638881,0.42857142857142855,0.0019142017389940458,nan,0.03901287553648069,14.0,196.0,0.39686113595962524,0.02169243875516481,0.0,0.0,0.0,,,,,,,,,,,,
194.0,200.0,-1.6532835006713875,0.0,0.5822876642465321,0.6923076923076923,0.0013437407636458431,nan,0.03895565092989986,13.0,200.0,0.19713891670107841,0.06969596381793963,0.0,0.0,0.0,,,,,,,,,,,,
195.0,200.0,-0.5081489920616152,0.0,0.8101434391817571,0.5384615384615384,0.0018695617827271319,nan,0.03889842632331903,13.0,200.0,-0.013164838310331106,0.026630713369806925,0.0,0.0,0.0,,,,,,,,,,,,
196.0,200.0,-1.3426035881042497,0.0,0.5822876642465321,0.6923076923076923,0.0013437407636458436,nan,0.0388412017167382,13.0,200.0,0.007472331635653973,0.046815330432145856,0.0,0.0,0.0,,,,,,,,,,,,
197.0,200.0,-0.649608635902405,0.0,0.6660815842225859,0.6153846153846154,0.0015371113482059674,nan,0.03878397711015737,13.0,200.0,-0.0016133696772158146,0.021659454704495148,0.0,0.0,0.0,,,,,,,,,,,,
198.0,200.0,-0.49560915827751134,0.0,0.8401749693899792,0.4166666666666667,0.0021004374234749484,nan,0.038726752503576545,12.0,200.0,0.04426619876176119,0.018751462836182214,0.0,0.0,0.0,,,,,,,,,,,,
199.0,200.0,-1.0291319847106932,0.0,0.7879112896662784,0.4666666666666667,0.0015758225793325571,nan,0.03866952789699571,15.0,200.0,-0.02101431740447879,0.02423175580595853,0.0,0.0,0.0,,,,,,,,,,,,
200.0,200.0,-0.744098925590515,0.0,0.8286968088335477,0.35714285714285715,0.0017757788760718878,0.0,0.03861230329041488,14.0,200.0,-0.024179698899388313,0.048466710559396234,0.0,0.0,0.0,1.0,0.0,0.0,0.0,0.0,0.0,3.1877927780151367,13.23216115590185,15.0,1.0,200.0,-0.6510307550430301
201.0,200.0,-1.0411521434783935,0.0,0.5200500891777403,0.75,0.0013001252229443508,nan,0.03855507868383405,12.0,200.0,-0.03257543733343482,0.01826874444144778,0.0,0.0,0.0,,,,,,,,,,,,
202.0,200.0,-1.4188410758972176,0.0,0.40758069234366484,0.7857142857142857,0.0008733871978792821,nan,0.03849785407725322,14.0,200.0,0.012683581095188856,0.030331977852038106,0.0,0.0,0.0,,,,,,,,,,,,
203.0,200.0,-1.5827111244201666,0.0,0.6695339354708292,0.6,0.0013390678709416582,nan,0.038440629470672394,15.0,200.0,0.003445560345426202,0.048424948042375036,0.0,0.0,0.0,,,,,,,,,,,,
204.0,200.0,-1.1223138809204103,0.0,0.8560874125505422,0.46153846153846156,0.001975586336655097,nan,0.03838340486409156,13.0,200.0,0.07434628438204527,0.052560465497463155,0.0,0.0,0.0,,,,,,,,,,,,
205.0,158.0,-3.3804402160644536,0.0,0.5821214536436344,0.5555555555555556,0.0019404048454787816,nan,0.03832618025751073,9.0,158.0,0.5781751573085785,0.0273244038757921,0.0,0.0,0.0,,,,,,,,,,,,
206.0,200.0,-1.0994566917419444,0.0,0.7851347430262517,0.5384615384615384,0.001811849406983658,nan,0.0382689556509299,13.0,200.0,-0.026377901434898376,0.03709342652873602,0.0,0.0,0.0,,,,,,,,,,,,
207.0,200.0,-0.6522740602493295,0.0,0.8639276052050487,0.35714285714285715,0.0018512734397251047,nan,0.03821173104434907,14.0,200.0,-0.05514293722808361,0.01909393264548726,0.0,0.0,0.0,,,,,,,,,,,,
208.0,200.0,-1.6472462654113775,0.0,0.9473539953185456,0.3076923076923077,0.0021862015276581824,nan,0.03815450643776824,13.0,200.0,0.01060156524181366,0.031529515444490244,0.0,0.0,0.0,,,,,,,,,,,,
209.0,200.0,-1.5594748497009279,0.0,0.8940283157622487,0.38461538461538464,0.002063142267143651,nan,0.038097281831187414,13.0,200.0,-0.025536355562508106,0.019211873145832215,0.0,0.0,0.0,,,,,,,,,,,,
210.0,200.0,-0.7330143928527834,0.0,0.7851347430262517,0.5384615384615384,0.0018118494069836579,nan,0.038040057224606585,13.0,200.0,-0.023241164162755013,0.02423217564499282,0.0,0.0,0.0,,,,,,,,,,,,
211.0,200.0,-0.9986571311950685,0.0,0.6108267802667933,0.6666666666666666,0.0015270669506669834,nan,0.03798283261802575,12.0,200.0,-0.019575743936002254,0.020119226122478722,0.0,0.0,0.0,,,,,,,,,,,,
212.0,200.0,-0.8643344879150393,0.0,0.73233954490398,0.6153846153846154,0.0016900143343937999,nan,0.03792560801144493,13.0,200.0,-0.027440981939435005,0.015808905482990666,0.0,0.0,0.0,,,,,,,,,,,,
213.0,200.0,-0.6228265047073366,0.0,0.9602253177421345,0.25,0.002400563294355336,nan,0.03786838340486409,12.0,200.0,0.019278213381767273,0.04080699658457888,0.0,0.0,0.0,,,,,,,,,,,,
214.0,200.0,-0.8324249744415284,0.0,0.8670090194215134,0.4666666666666667,0.0017340180388430272,nan,0.03781115879828326,15.0,200.0,-0.009358297567814589,0.034362653719144876,0.0,0.0,0.0,,,,,,,,,,,,
215.0,200.0,-1.6831198692321794,0.0,0.37399641049850624,0.8125,0.0007012432696846995,nan,0.037753934191702435,16.0,200.0,0.015782773960381746,0.045441781665431336,0.0,0.0,0.0,,,,,,,,,,,,
216.0,200.0,-1.6338178634643568,0.0,0.3900152165939005,0.8,0.000780030433187801,nan,0.037696709585121606,15.0,200.0,-0.004400159465149045,0.03069455592194572,0.0,0.0,0.0,,,,,,,,,,,,
217.0,200.0,-1.5297681808471677,0.0,0.6158292453730764,0.6428571428571429,0.0013196340972280213,nan,0.03763948497854078,14.0,200.0,-0.022691369522362947,0.03745061886496842,0.0,0.0,0.0,,,,,,,,,,,,
218.0,200.0,-1.1265093326568618,0.0,0.29984229811158547,0.8125,0.0005622043089592229,nan,0.03758226037195995,16.0,200.0,-0.012874677078798413,0.02911728140548803,0.0,0.0,0.0,,,,,,,,,,,,
219.0,200.0,-1.131845664978027,0.0,0.5822876642465321,0.6923076923076923,0.0013437407636458431,nan,0.03752503576537912,13.0,200.0,-0.021204541670158505,0.03169006850803271,0.0,0.0,0.0,,,,,,,,,,,,
220.0,200.0,-0.7254344701766968,0.0,0.6936378800602052,0.5714285714285714,0.0014863668858432972,0.0,0.037467811158798284,14.0,200.0,0.002494799206033349,0.03231661505036754,0.0,0.0,0.0,1.0,0.0,0.0,0.0,0.0,0.0,4.328758716583252,13.48767350462731,15.0,1.0,200.0,-0.8122737407684322
221.0,200.0,-1.6219548225402836,0.0,0.8848616973159905,0.4166666666666667,0.0022121542432899763,nan,0.037410586552217455,12.0,200.0,0.11447079293429852,0.042124361443566155,0.0,0.0,0.0,,,,,,,,,,,,
222.0,200.0,-1.2496932029724133,0.0,0.919036937848858,0.38461538461538464,0.002120854471958903,nan,0.037353361945636626,13.0,200.0,-0.01654257532209158,0.03302157485726639,0.0,0.0,0.0,,,,,,,,,,,,
223.0,200.0,-0.767582559585571,0.0,0.6680216708187077,0.5833333333333334,0.0016700541770467692,nan,0.0372961373390558,12.0,200.0,0.004034884739667177,0.01973722161274054,0.0,0.0,0.0,,,,,,,,,,,,
224.0,200.0,-1.242834186553955,0.0,0.919036937848858,0.38461538461538464,0.002120854471958903,nan,0.03723891273247497,13.0,200.0,0.02074775379151106,0.038191992319807466,0.0,0.0,0.0,,,,,,,,,,,,
225.0,200.0,-0.9930683135986327,0.0,0.7188768564137538,0.5384615384615384,0.001658946591724047,nan,0.03718168812589413,13.0,200.0,-0.002305755391716957,0.037282160122413185,0.0,0.0,0.0,,,,,,,,,,,,
226.0,200.0,-1.1664222240448014,0.0,0.814435657643127,0.3333333333333333,0.0013573927627385455,nan,0.03712446351931331,18.0,200.0,0.06017781514674425,0.11286960286844988,0.0,0.0,0.0,,,,,,,,,,,,
227.0,200.0,-1.5831303596496593,0.0,0.972362617405155,0.3076923076923077,0.0022439137324734345,nan,0.037067238912732475,13.0,200.0,-0.019193447660654783,0.02926336560252821,0.0,0.0,0.0,,,,,,,,,,,,
228.0,200.0,-1.3717476844787606,0.0,0.7485801132743634,0.46153846153846156,0.001727492569094685,nan,0.037010014306151647,13.0,200.0,0.09181484021246433,0.029625496811172526,0.0,0.0,0.0,,,,,,,,,,,,
229.0,200.0,-1.3125779151916501,0.0,0.6108267802667933,0.6666666666666666,0.0015270669506669834,nan,0.03695278969957082,12.0,200.0,-0.03392695588991046,0.05088131886557676,0.0,0.0,0.0,,,,,,,,,,,,
230.0,200.0,-0.994357013702394,0.0,0.9473539953185456,0.3076923076923077,0.0021862015276581824,nan,0.03689556509298999,13.0,200.0,0.07514764927327633,0.05113761712967971,0.0,0.0,0.0,,,,,,,,,,,,
231.0,200.0,-1.3237514495849616,0.0,0.6680216708187077,0.5833333333333334,0.0016700541770467688,nan,0.03683834048640916,12.0,200.0,-0.020917757414281368,0.036165100271609844,0.0,0.0,0.0,,,,,,,,,,,,
232.0,139.0,-3.5448454284667967,0.0,0.5694316740844405,0.5454545454545454,0.0015529954747757467,nan,0.036781115879828324,11.0,139.0,0.2692825719714165,0.041062727195743415,0.0,0.0,0.0,,,,,,,,,,,,
233.0,200.0,-1.8403800964355481,0.0,0.8898846054376033,0.3333333333333333,0.0017797692108752067,nan,0.036723891273247496,15.0,200.0,-0.006037390325218439,0.04247271173720946,0.0,0.0,0.0,,,,,,,,,,,,
234.0,200.0,-0.7507445812225342,0.0,0.8670089453526173,0.4666666666666667,0.0017340178907052353,nan,0.03666666666666667,15.0,200.0,-0.0011293143033981323,0.02050561869649755,0.0,0.0,0.0,,,,,,,,,,,,
235.0,200.0,-1.3065550804138186,0.0,0.9014357979256109,0.2857142857142857,0.0019316481384120232,nan,0.03660944206008584,14.0,200.0,-0.018993706908077,0.0216405003197724,0.0,0.0,0.0,,,,,,,,,,,,
236.0,200.0,-1.2472860336303715,0.0,0.9397387499015614,0.2857142857142857,0.002013725892646203,nan,0.03655221745350501,14.0,200.0,-0.016819843091070652,0.025509164810191578,0.0,0.0,0.0,,,,,,,,,,,,
237.0,200.0,-0.40992957353591875,0.0,0.7683955428471756,0.4166666666666667,0.0019209888571179393,nan,0.03649499284692418,12.0,200.0,-0.0007369956001639366,0.01219343234138023,0.0,0.0,0.0,,,,,,,,,,,,
238.0,200.0,-0.7700513124465943,0.0,0.8927518124064833,0.4,0.001785503624812967,nan,0.03643776824034335,15.0,200.0,0.04720511194318533,0.03869954972806226,0.0,0.0,0.0,,,,,,,,,,,,
239.0,200.0,-2.6742416381835943,0.0,0.8898846054376033,0.3333333333333333,0.0017797692108752062,nan,0.03638054363376252,15.0,200.0,0.2381736822426319,0.04142725778510794,0.0,0.0,0.0,,,,,,,,,,,,
240.0,139.0,-3.0877146148681653,0.0,0.8043461407511896,0.36363636363636365,0.0021936712929577903,0.2,0.036323319027181694,11.0,139.0,0.2942015640437603,0.03287729983810141,0.0,0.0,0.0,1.0,1.0,1.0,0.0,1.0,0.0,11.697650909423828,15.222451882436872,13.0,1.0,186.0,0.6956128293275832
241.0,200.0,-0.9090206623077395,0.0,0.925633958150854,0.3333333333333333,0.0018512679163017085,nan,0.03626609442060086,15.0,200.0,0.16348130628466606,0.0382787872638437,0.0,0.0,0.0,,,,,,,,,,,,
242.0,200.0,-0.6372180700302139,0.0,0.8219948329057469,0.3333333333333333,0.0016439896658114938,nan,0.03620886981402003,15.0,200.0,0.014086316339671612,0.016526298304670492,0.0,0.0,0.0,,,,,,,,,,,,
243.0,200.0,-0.7243221521377563,0.0,0.8101434391817571,0.5384615384615384,0.0018695617827271319,nan,0.0361516452074392,13.0,200.0,-0.013517572777345777,0.0397591030593685,0.0,0.0,0.0,,,,,,,,,,,,
244.0,200.0,-1.0170157909393311,0.0,0.7188768564137538,0.5384615384615384,0.001658946591724047,nan,0.03609442060085837,13.0,200.0,-0.011237727710977197,0.02636682668908179,0.0,0.0,0.0,,,,,,,,,,,,
245.0,200.0,-1.0503761768341064,0.0,0.8670090194215134,0.4666666666666667,0.0017340180388430268,nan,0.03603719599427754,15.0,200.0,-0.02525836881250143,0.02891210302881973,0.0,0.0,0.0,,,,,,,,,,,,
246.0,200.0,-0.7271000385284422,0.0,0.758203884947486,0.38461538461538464,0.0017497012729557368,nan,0.035979971387696714,13.0,200.0,-0.028896879870444536,0.018774178424346245,0.0,0.0,0.0,,,,,,,,,,,,
247.0,200.0,-0.9588412284851078,0.0,0.9158830101830899,0.3125,0.0017172806440932937,nan,0.035922746781115886,16.0,200.0,-0.03472036961466074,0.08595269755451226,0.0,0.0,0.0,,,,,,,,,,,,
248.0,200.0,-0.5937961220741281,0.0,0.7995789184589898,0.5333333333333333,0.00159915783691798,nan,0.03586552217453505,15.0,200.0,-0.049836019054055214,0.05878294276926681,0.0,0.0,0.0,,,,,,,,,,,,
249.0,200.0,-0.7225905418395996,0.0,0.8101434391817571,0.5384615384615384,0.0018695617827271319,nan,0.03580829756795422,13.0,200.0,-0.06987364962697029,0.036128352431842356,0.0,0.0,0.0,,,,,,,,,,,,
250.0,200.0,-1.350425148010254,0.0,0.9780417018775118,0.2857142857142857,0.0020958036468803824,nan,0.03575107296137339,14.0,200.0,-0.013946606777608395,12800.611772920895,0.0,0.0,0.0,,,,,,,,,,,,
251.0,200.0,-1.1631286621093753,0.0,0.8810960346371515,0.46153846153846156,0.0020332985414703493,nan,0.035693848354792564,13.0,200.0,0.014433790929615498,0.04019284919049824,0.0,0.0,0.0,,,,,,,,,,,,
252.0,200.0,-0.8969583034515379,0.0,0.6793519157895836,0.35714285714285715,0.0014557541052633938,nan,0.035636623748211735,14.0,200.0,-0.02586570894345641,0.03337378272084607,0.0,0.0,0.0,,,,,,,,,,,,
253.0,200.0,-0.71517333984375,0.0,0.73233954490398,0.6153846153846154,0.0016900143343937999,nan,0.0355793991416309,13.0,200.0,-0.007336650742217898,0.02509034202375915,0.0,0.0,0.0,,,,,,,,,,,,
254.0,200.0,-1.0518506526947016,0.0,0.5390473537239897,0.6666666666666666,0.0013476183843099745,nan,0.03552217453505008,12.0,200.0,-0.024338461458683014,0.032547708275960756,0.0,0.0,0.0,,,,,,,,,,,,
255.0,200.0,-1.374640178680421,0.0,0.3014059110259435,0.8666666666666667,0.000602811822051887,nan,0.03546494992846924,15.0,200.0,-0.00433396315202117,0.03141209768946283,0.0,0.0,0.0,,,,,,,,,,,,
256.0,200.0,-1.1307309627532962,0.0,0.7879112896662784,0.4666666666666667,0.0015758225793325573,nan,0.03540772532188841,15.0,200.0,-0.03895696345716715,0.02398481683107093,0.0,0.0,0.0,,,,,,,,,,,,
257.0,200.0,-0.4911245763301848,0.0,0.778385437073829,0.5714285714285714,0.0016679687937296334,nan,0.035350500715307584,14.0,200.0,0.0805560015141964,0.03236489790928317,0.0,0.0,0.0,,,,,,,,,,,,
258.0,200.0,-1.196040201187134,0.0,0.8101434391817571,0.5384615384615384,0.0018695617827271319,nan,0.035293276108726755,13.0,200.0,0.00013551092706620693,0.037431632979096324,0.0,0.0,0.0,,,,,,,,,,,,
259.0,170.0,-2.303948402404786,0.0,0.8207140335540064,0.375,0.0015388388129137622,nan,0.035236051502145926,16.0,170.0,0.15001166611909866,0.024297140666885753,0.0,0.0,0.0,,,,,,,,,,,,
260.0,200.0,-1.6165593147277832,0.0,0.8490078333903118,0.29411764705882354,0.0014982491177476089,0.2,0.0351788268955651,17.0,200.0,0.01256322767585516,0.028561952699413952,0.0,0.0,0.0,1.0,0.0,0.0,0.0,0.0,0.0,9.453157424926758,18.781852571759373,14.0,1.0,200.0,-1.72524814605713
261.0,200.0,-0.7515726566314694,0.0,0.919036937848858,0.38461538461538464,0.002120854471958903,nan,0.03512160228898427,13.0,200.0,-0.040661100298166275,0.019843439445876358,0.0,0.0,0.0,,,,,,,,,,,,
262.0,200.0,-1.9252720832824708,0.0,0.8207140335540064,0.375,0.0015388388129137622,nan,0.03506437768240343,16.0,200.0,0.04479287099093199,0.018858991951838107,0.0,0.0,0.0,,,,,,,,,,,,
263.0,200.0,-1.7065854072570807,0.0,0.9256340322197502,0.3333333333333333,0.0018512680644395007,nan,0.035007153075822604,15.0,200.0,0.0004785764031112194,0.01442469570258254,0.0,0.0,0.0,,,,,,,,,,,,
264.0,200.0,-0.8949281692504881,0.0,0.9473539953185456,0.3076923076923077,0.0021862015276581824,nan,0.034949928469241776,13.0,200.0,-0.04527248255908489,0.03723403118587157,0.0,0.0,0.0,,,,,,,,,,,,
265.0,200.0,-1.4956003189086917,0.0,0.925633958150854,0.3333333333333333,0.001851267916301708,nan,0.03489270386266095,15.0,200.0,-0.026130016893148422,0.027257709042141868,0.0,0.0,0.0,,,,,,,,,,,,
266.0,200.0,-1.4566621780395508,0.0,0.9822177803097625,0.25,0.0018416583380808044,nan,0.03483547925608012,16.0,200.0,-0.033348456025123596,0.02234064974665671,0.0,0.0,0.0,,,,,,,,,,,,
267.0,200.0,-1.6018322944641132,0.0,0.8932942189327843,0.42857142857142855,0.0019142018977131093,nan,0.03477825464949929,14.0,200.0,0.007793916389346123,0.022853547069025808,0.0,0.0,0.0,,,,,,,,,,,,
268.0,200.0,-1.5710167884826667,0.0,0.7965801651305972,0.4375,0.0014935878096198696,nan,0.03472103004291846,16.0,200.0,-0.0352653656154871,0.009687414388135949,0.0,0.0,0.0,,,,,,,,,,,,
269.0,200.0,-0.4922259747982042,0.0,0.8109019787469418,0.375,0.001520441210150516,nan,0.034663805436337625,16.0,200.0,0.1251831967383623,0.035412398118969575,0.0,0.0,0.0,,,,,,,,,,,,
270.0,200.0,-1.5184470176696783,0.0,0.8136541567201444,0.4,0.0016273083134402892,nan,0.034606580829756796,15.0,200.0,-0.02329326421022415,0.012949907284757955,0.0,0.0,0.0,,,,,,,,,,,,
271.0,200.0,-1.312845611572266,0.0,0.9397387499015614,0.2857142857142857,0.002013725892646203,nan,0.03454935622317597,14.0,200.0,-0.04053066298365593,0.038608418578878624,0.0,0.0,0.0,,,,,,,,,,,,
272.0,200.0,-0.6564674377441404,0.0,0.6951143694354999,0.5833333333333334,0.00173778592358875,nan,0.03449213161659514,12.0,200.0,0.02345584286376834,0.01797766934649644,0.0,0.0,0.0,,,,,,,,,,,,
273.0,200.0,-0.8905399799346927,0.0,0.8710777720232834,0.4,0.0017421555440465665,nan,0.03443490701001431,15.0,200.0,-0.01484134467318654,0.03073983080128528,0.0,0.0,0.0,,,,,,,,,,,,
274.0,200.0,-0.9144471168518067,0.0,0.8700719164139475,0.42857142857142855,0.0018644398208870305,nan,0.03437768240343348,14.0,200.0,-0.028799858409911394,0.015431470758594515,0.0,0.0,0.0,,,,,,,,,,,,
275.0,200.0,-0.5678363561630247,0.0,0.9375433478205073,0.3333333333333333,0.0015625722463675125,nan,0.03432045779685265,18.0,200.0,0.13069462776184082,0.030736961653682327,0.0,0.0,0.0,,,,,,,,,,,,
276.0,200.0,-2.400156211853028,0.0,0.9635946377578251,0.23076923076923078,0.0022236799332872887,nan,0.034263233190271816,13.0,200.0,0.147650308907032,0.026199436996948863,0.0,0.0,0.0,,,,,,,,,,,,
277.0,139.0,-2.2218298339843754,0.0,0.785152593630217,0.36363636363636365,0.0021413252553551376,nan,0.034206008583690994,11.0,139.0,0.1880422607064247,0.01830760217441932,0.0,0.0,0.0,,,,,,,,,,,,
278.0,200.0,-3.0400281906127926,0.0,0.7485801132743634,0.46153846153846156,0.0017274925690946847,nan,0.03414878397711016,13.0,200.0,0.38497526943683624,0.007526195922150691,0.0,0.0,0.0,,,,,,,,,,,,
279.0,200.0,-0.8196563720703125,0.0,0.8560874125505422,0.46153846153846156,0.001975586336655098,nan,0.03409155937052933,13.0,200.0,-0.019427436403930187,0.022194411394730197,0.0,0.0,0.0,,,,,,,,,,,,
280.0,200.0,-1.2528708457946784,0.0,0.9256951390590508,0.3125,0.0017356783857357203,0.2,0.0340343347639485,16.0,200.0,-0.04068848583847284,0.011202011016712277,0.0,0.0,0.0,1.0,0.0,0.0,0.0,0.0,0.0,11.443134307861328,17.682042971253395,14.0,1.0,200.0,-1.3713138580322275
281.0,200.0,-1.4458265304565436,0.0,0.8898845313687072,0.3333333333333333,0.0017797690627374138,nan,0.033977110157367665,15.0,200.0,-0.03781976457685232,0.009167105400730407,0.0,0.0,0.0,,,,,,,,,,,,
282.0,200.0,-0.8870176792144773,0.0,0.9134443658471715,0.35714285714285715,0.001957380783958225,nan,0.033919885550786844,14.0,200.0,0.05590259563177824,0.022165111947469996,0.0,0.0,0.0,,,,,,,,,,,,
283.0,200.0,-2.6161619186401364,0.0,0.3014059110259435,0.8666666666666667,0.000602811822051887,nan,0.03386266094420601,15.0,200.0,0.15535691380500793,0.04953876866664359,0.0,0.0,0.0,,,,,,,,,,,,
284.0,200.0,-0.5635299086570746,0.0,0.7323394708350839,0.6153846153846154,0.001690014163465578,nan,0.033805436337625186,13.0,200.0,0.09947291575372219,0.033731997765426056,0.0,0.0,0.0,,,,,,,,,,,,
285.0,200.0,-0.7112492322921751,0.0,0.9042492308759064,0.4375,0.0016954673078923245,nan,0.03374821173104435,16.0,200.0,-0.035667217802256346,0.0587653325498286,0.0,0.0,0.0,,,,,,,,,,,,
286.0,200.0,-0.5402066588401792,0.0,0.8848616973159905,0.4166666666666667,0.0022121542432899763,nan,0.03369098712446352,12.0,200.0,-0.012209695298224688,0.041358252210702634,0.0,0.0,0.0,,,,,,,,,,,,
287.0,200.0,-1.550669765472412,0.0,0.7862454061236,0.3333333333333333,0.0015724908122472002,nan,0.03363376251788269,15.0,200.0,-0.008399954997003078,0.03328380324412137,0.0,0.0,0.0,,,,,,,,,,,,
288.0,200.0,-0.8731299400329601,0.0,0.8979445605069036,0.3333333333333333,0.0022448614012672593,nan,0.033576537911301864,12.0,200.0,0.09072012826800346,0.028536496212691418,0.0,0.0,0.0,,,,,,,,,,,,
289.0,200.0,-0.7149218797683726,0.0,0.919036937848858,0.38461538461538464,0.002120854471958903,nan,0.033519313304721035,13.0,200.0,-0.02752888249233365,0.01584146427048836,0.0,0.0,0.0,,,,,,,,,,,,
290.0,200.0,-2.6565347671508768,0.0,0.6158292453730764,0.6428571428571429,0.001319634097228021,nan,0.0334620886981402,14.0,200.0,0.1914943866431713,0.056730685548391196,0.0,0.0,0.0,,,,,,,,,,,,
291.0,200.0,-0.6028307676315328,0.0,0.6410729621359766,0.6153846153846154,0.0014793991433907153,nan,0.03340486409155937,13.0,200.0,0.12933096662163734,0.040531844316865316,0.0,0.0,0.0,,,,,,,,,,,,
292.0,200.0,-1.3234800338745127,0.0,0.8777876733229693,0.38461538461538464,0.0020256638615145446,nan,0.03334763948497854,13.0,200.0,-0.020420114044100046,0.02672573987802025,0.0,0.0,0.0,,,,,,,,,,,,
293.0,200.0,-1.7436047554016123,0.0,0.8927518864753794,0.4,0.001785503772950759,nan,0.03329041487839771,15.0,200.0,-0.008618528489023447,0.020327556466218085,0.0,0.0,0.0,,,,,,,,,,,,
294.0,200.0,-1.0918560981750487,0.0,0.7865210164860698,0.38461538461538464,0.0018150484995832382,nan,0.033233190271816884,13.0,200.0,-0.01802085805684328,0.033339947262429635,0.0,0.0,0.0,,,,,,,,,,,,
295.0,200.0,-0.8382184982299801,0.0,0.764820903851435,0.46153846153846156,0.0017649713165802348,nan,0.03317596566523605,13.0,200.0,-0.023929770570248365,0.021212630657828413,0.0,0.0,0.0,,,,,,,,,,,,
296.0,200.0,-1.5738272666931163,0.0,0.7873776973386161,0.5263157894736842,0.0012432279431662358,nan,0.03311874105865523,19.0,200.0,-0.023706580977886915,0.024375374496012226,0.0,0.0,0.0,,,,,,,,,,,,
297.0,200.0,-1.0103493213653565,0.0,0.8560874125505422,0.46153846153846156,0.001975586336655097,nan,0.03306151645207439,13.0,200.0,-0.021263087168335915,0.03730424365930958,0.0,0.0,0.0,,,,,,,,,,,,
298.0,200.0,-0.7816571235656743,0.0,0.8794183000710937,0.3333333333333333,0.0017588366001421876,nan,0.03300429184549357,15.0,200.0,-0.021151285618543625,0.018987463270677837,0.0,0.0,0.0,,,,,,,,,,,,
299.0,200.0,-2.02707633972168,0.0,0.8560874125505422,0.46153846153846156,0.001975586336655098,nan,0.03294706723891273,13.0,200.0,0.12679923698306084,0.007325541041568613,0.0,0.0,0.0,,,,,,,,,,,,
300.0,200.0,-0.7444882392883299,0.0,0.8848616973159905,0.4166666666666667,0.0022121542432899763,0.2,0.032889842632331905,12.0,200.0,0.05658511910587549,0.02125546277675312,0.0,0.0,0.0,1.0,0.0,0.0,0.0,0.0,0.0,8.782470703125,15.572654793038964,15.0,1.0,200.0,-0.8537267684936517
301.0,200.0,-0.8586325645446776,0.0,0.8437590892044233,0.5,0.002109397723011058,nan,0.032832618025751076,12.0,200.0,-0.03537877555936575,0.031064661531636374,0.0,0.0,0.0,,,,,,,,,,,,
302.0,200.0,-0.7695056915283207,0.0,0.8465363024645152,0.4,0.0016930726049290306,nan,0.03277539341917024,15.0,200.0,0.0068657975643873215,0.04092757602562415,0.0,0.0,0.0,,,,,,,,,,,,
303.0,200.0,-0.9715214729309086,0.0,0.7597554801834483,0.375,0.0014245415253439655,nan,0.03271816881258942,16.0,200.0,-0.023929758463054895,0.022479407531573087,0.0,0.0,0.0,,,,,,,,,,,,
304.0,200.0,-0.7388796329498291,0.0,0.7532529717929038,0.4375,0.0014123493221116948,nan,0.03266094420600858,16.0,200.0,0.05724731553345919,0.03508303466266625,0.0,0.0,0.0,,,,,,,,,,,,
305.0,200.0,-0.8560720920562747,0.0,0.7304591578381325,0.5,0.001217431929730221,nan,0.03260371959942776,18.0,200.0,-0.034383068326860666,0.025516463330932312,0.0,0.0,0.0,,,,,,,,,,,,
306.0,200.0,-0.47337769269943203,0.0,0.8927518864753794,0.4,0.0017855037729507589,nan,0.032546494992846925,15.0,200.0,0.06692144088447094,0.03183244847253263,0.0,0.0,0.0,,,,,,,,,,,,
307.0,200.0,-1.4790324211120616,0.0,0.4570676032206504,0.75,0.0008570017560387194,nan,0.032489270386266096,16.0,200.0,0.7529233694076538,0.04724518878210802,0.0,0.0,0.0,,,,,,,,,,,,
308.0,200.0,-0.6284166574478154,0.0,0.6108267802667933,0.6666666666666666,0.0015270669506669832,nan,0.03243204577968527,12.0,200.0,-0.006867930060252547,0.01577252830280486,0.0,0.0,0.0,,,,,,,,,,,,
309.0,188.0,-2.626377182006837,0.0,0.8549911928879377,0.42857142857142855,0.001832123984759867,nan,0.03237482117310444,14.0,188.0,0.3126949965953827,0.07818819290220377,0.0,0.0,0.0,,,,,,,,,,,,
310.0,200.0,-0.8315307617187497,0.0,0.7862454061236,0.3333333333333333,0.0015724908122472004,nan,0.03231759656652361,15.0,200.0,-0.027499451767653227,0.02887867425737568,0.0,0.0,0.0,,,,,,,,,,,,
311.0,200.0,-1.322210884094238,0.0,0.785152593630217,0.36363636363636365,0.002141325255355138,nan,0.032260371959942774,11.0,200.0,0.0021719099022448063,0.017586996799491317,0.0,0.0,0.0,,,,,,,,,,,,
312.0,200.0,-1.4666491508483894,0.0,0.8085465878502643,0.42857142857142855,0.0017325998311077094,nan,0.03220314735336195,14.0,200.0,0.19536099210381508,0.01954623648052802,0.0,0.0,0.0,,,,,,,,,,,,
313.0,200.0,-0.9249757289886481,0.0,0.7865210164860698,0.38461538461538464,0.0018150484995832377,nan,0.032145922746781116,13.0,200.0,-0.024770251009613276,0.012082005090305756,0.0,0.0,0.0,,,,,,,,,,,,
314.0,200.0,-0.7489739179611202,0.0,0.646014838885232,0.5,0.0016150370972130802,nan,0.03208869814020029,12.0,200.0,-0.02402375591918826,0.01921243220495967,0.0,0.0,0.0,,,,,,,,,,,,
315.0,200.0,-0.9384428024291989,0.0,0.8560874125505422,0.46153846153846156,0.001975586336655098,nan,0.03203147353361946,13.0,200.0,-0.032280764542520046,0.03396943227022803,0.0,0.0,0.0,,,,,,,,,,,,
316.0,200.0,-0.436109951138496,0.0,0.7188768564137538,0.5384615384615384,0.0016589465917240473,nan,0.03197424892703863,13.0,200.0,0.024904425255954266,0.023837428618744525,0.0,0.0,0.0,,,,,,,,,,,,
317.0,200.0,-1.7206541061401381,0.0,0.5325921753580672,0.7333333333333333,0.0010651843507161348,nan,0.0319170243204578,15.0,200.0,0.020235887728631496,0.049579756509047,0.0,0.0,0.0,,,,,,,,,,,,
318.0,200.0,-0.6153920412063599,0.0,0.47193330474121836,0.7272727272727273,0.001287090831112414,nan,0.031859799713876966,11.0,200.0,-0.003147222101688385,0.01708679614646826,0.0,0.0,0.0,,,,,,,,,,,,
319.0,200.0,-1.2615242958068844,0.0,0.7800750226632663,0.375,0.0014626406674936243,nan,0.031802575107296144,16.0,200.0,-0.03223073575645685,0.047423213061829866,0.0,0.0,0.0,,,,,,,,,,,,
320.0,200.0,-3.0591327667236317,0.0,0.6158292453730764,0.6428571428571429,0.0013196340972280209,0.2,0.03174535050071531,14.0,200.0,0.3519541323184967,0.058055727674909574,0.0,0.0,0.0,1.0,0.0,0.0,0.0,0.0,0.0,13.506933212280273,15.02679262124002,12.0,1.0,200.0,-1.441931152343752
321.0,200.0,-1.6321931838989274,0.0,0.5822876642465321,0.6923076923076923,0.0013437407636458431,nan,0.03168812589413448,13.0,200.0,-0.008168312255293131,0.04529715195705648,0.0,0.0,0.0,,,,,,,,,,,,
322.0,200.0,-0.8613127708435072,0.0,0.4075806553092168,0.7857142857142857,0.0008733871185197503,nan,0.03163090128755365,14.0,200.0,-0.009767858311533928,0.013986939013702794,0.0,0.0,0.0,,,,,,,,,,,,
323.0,200.0,-1.4503376007080087,0.0,0.4269143037472039,0.7692307692307693,0.00098518685480124,nan,0.031573676680972815,13.0,200.0,-0.007337250746786594,0.010946721899090335,0.0,0.0,0.0,,,,,,,,,,,,
324.0,200.0,-0.6119792938232431,0.0,0.5962422072414562,0.5833333333333334,0.0014906055181036406,nan,0.03151645207439199,12.0,200.0,0.021040356950834394,0.01926824243462761,0.0,0.0,0.0,,,,,,,,,,,,
325.0,200.0,-0.566984057426453,0.0,0.8274096395567407,0.5,0.0017730206561930163,nan,0.03145922746781116,14.0,200.0,-0.008766621118411422,0.034162748264498076,0.0,0.0,0.0,,,,,,,,,,,,
326.0,200.0,-0.7807982921600344,0.0,0.44827062560048875,0.75,0.001120676564001222,nan,0.031402002861230335,12.0,200.0,-0.009317764081060886,0.013836694397732573,0.0,0.0,0.0,,,,,,,,,,,,
327.0,200.0,-1.2639027595520027,0.0,0.4534944456028322,0.7333333333333333,0.0009069888912056642,nan,0.0313447782546495,15.0,200.0,-0.01981041720137,0.031063932662470962,0.0,0.0,0.0,,,,,,,,,,,,
328.0,200.0,-1.8889284133911146,0.0,0.15218358348783717,0.9333333333333333,0.0003043671669756745,nan,0.03128755364806867,15.0,200.0,0.06172567419707775,0.015338880986892036,0.0,0.0,0.0,,,,,,,,,,,,
329.0,200.0,-1.943257427215578,0.0,0.15218358348783717,0.9333333333333333,0.0003043671669756745,nan,0.031230329041487842,15.0,200.0,0.03057173453271389,0.012495287193150162,0.0,0.0,0.0,,,,,,,,,,,,
330.0,200.0,-1.5272609710693377,0.0,0.15218358348783717,0.9333333333333333,0.0003043671669756745,nan,0.031173104434907013,15.0,200.0,0.003181400476023555,0.008596752768191891,0.0,0.0,0.0,,,,,,,,,,,,
331.0,200.0,-1.6523191452026371,0.0,0.14526292840284835,0.9375,0.0002723679907553408,nan,0.031115879828326184,16.0,200.0,0.0007835105061531067,0.017021258413751638,0.0,0.0,0.0,,,,,,,,,,,,
332.0,200.0,-1.1836980342864996,0.0,0.3014059110259435,0.8666666666666667,0.000602811822051887,nan,0.031058655221745352,15.0,200.0,-0.004696613876149058,0.00656102902905559,0.0,0.0,0.0,,,,,,,,,,,,
333.0,200.0,-1.3743301391601572,0.0,0.2667533890436904,0.8461538461538461,0.0006155847439469781,nan,0.031001430615164523,13.0,200.0,-0.009498782688751817,0.023904284518648636,0.0,0.0,0.0,,,,,,,,,,,,
334.0,200.0,-0.8027046203613278,0.0,0.7859895721563949,0.4166666666666667,0.0019649739303909874,nan,0.03094420600858369,12.0,200.0,-0.002513416577130556,0.04735035023648379,0.0,0.0,0.0,,,,,,,,,,,,
335.0,200.0,-1.1865127086639409,0.0,0.7668938700471996,0.5833333333333334,0.0019172346751179991,nan,0.030886981402002866,12.0,200.0,-0.0020191469229757786,0.024833714180931565,0.0,0.0,0.0,,,,,,,,,,,,
336.0,200.0,-1.1833374023437508,0.0,0.510902210162201,0.75,0.0009579416440541273,nan,0.030829756795422034,16.0,200.0,-0.028178578708320856,9036.243593142603,0.0,0.0,0.0,,,,,,,,,,,,
337.0,200.0,-0.7829848527908323,0.0,0.778385437073829,0.5714285714285714,0.0016679687937296334,nan,0.030772532188841205,14.0,200.0,0.03247255785390735,0.045131705367184624,0.0,0.0,0.0,,,,,,,,,,,,
338.0,200.0,-1.114469766616821,0.0,0.5390473537239897,0.6666666666666666,0.0013476183843099745,nan,0.030715307582260373,12.0,200.0,-0.022412403021007776,0.023657550203606662,0.0,0.0,0.0,,,,,,,,,,,,
339.0,200.0,-0.4676688671112065,0.0,0.6421882175048846,0.6363636363636364,0.0017514224113769584,nan,0.030658082975679544,11.0,200.0,0.03955744951963425,0.021567358591746598,0.0,0.0,0.0,,,,,,,,,,,,
340.0,200.0,-1.4288442611694334,0.0,0.7934660124620466,0.42857142857142855,0.0017002843124186717,0.2,0.030600858369098715,14.0,200.0,-0.005171561613678932,0.013509681024784186,0.0,0.0,0.0,1.0,0.0,0.0,0.0,0.0,0.0,2.9062724113464355,14.835865823552012,14.0,1.0,200.0,-1.323331069946289
341.0,200.0,-0.8539674282073977,0.0,0.7708804802431702,0.45454545454545453,0.0021024013097541007,nan,0.030543633762517886,11.0,200.0,-0.008769260719418526,0.02796529025945347,0.0,0.0,0.0,,,,,,,,,,,,
342.0,200.0,-0.9758781909942628,0.0,0.7738360514051238,0.4666666666666667,0.0015476721028102477,nan,0.030486409155937054,15.0,200.0,-0.017418675124645233,0.028410498773300787,0.0,0.0,0.0,,,,,,,,,,,,
343.0,200.0,-0.8567969322204588,0.0,0.8932941448638881,0.42857142857142855,0.0019142017389940462,nan,0.030429184549356225,14.0,200.0,-0.016793850110843778,0.033573300075604495,0.0,0.0,0.0,,,,,,,,,,,,
344.0,200.0,-0.7248543977737429,0.0,0.7188768564137538,0.5384615384615384,0.001658946591724047,nan,0.030371959942775396,13.0,200.0,-0.01701505621895194,0.007632134348932595,0.0,0.0,0.0,,,,,,,,,,,,
345.0,200.0,-0.5913087248802185,0.0,0.6390516219608091,0.6428571428571429,0.0013693963327731627,nan,0.030314735336194564,14.0,200.0,-0.008117467164993286,0.008598676560322928,0.0,0.0,0.0,,,,,,,,,,,,
346.0,200.0,-0.7803850889205931,0.0,0.5343276836631002,0.6363636363636364,0.001457257319081183,nan,0.030257510729613735,11.0,200.0,-0.015552914701402187,0.006873714064499836,0.0,0.0,0.0,,,,,,,,,,,,
347.0,200.0,-0.6874596595764157,0.0,0.5119546551071976,0.6666666666666666,0.0012798866377679943,nan,0.030200286123032907,12.0,200.0,-0.008952765259891748,0.007191756420452293,0.0,0.0,0.0,,,,,,,,,,,,
348.0,200.0,-0.7961957931518557,0.0,0.7879112896662784,0.4666666666666667,0.0015758225793325571,nan,0.030143061516452078,15.0,200.0,-0.020513711031526327,0.005817482646416465,0.0,0.0,0.0,,,,,,,,,,,,
349.0,200.0,-0.8893756866455075,0.0,0.5748150014545825,0.6153846153846154,0.0013264961572028828,nan,0.030085836909871246,13.0,200.0,-0.011943844147026539,0.02179266793624265,0.0,0.0,0.0,,,,,,,,,,,,
350.0,200.0,-0.8369476795196529,0.0,0.6680216708187077,0.5833333333333334,0.0016700541770467692,nan,0.030028612303290417,12.0,200.0,-0.009895612252876163,0.011092652255156281,0.0,0.0,0.0,,,,,,,,,,,,
351.0,200.0,-1.099972820281982,0.0,0.5962422442759042,0.5833333333333334,0.0014906056106897608,nan,0.029971387696709588,12.0,200.0,-0.006558606866747141,0.014159868780902798,0.0,0.0,0.0,,,,,,,,,,,,
352.0,200.0,-0.8519308090209957,0.0,0.7188768564137538,0.5384615384615384,0.0016589465917240475,nan,0.029914163090128756,13.0,200.0,-0.013518015155568719,0.011606272868484667,0.0,0.0,0.0,,,,,,,,,,,,
353.0,200.0,-0.6060366392135615,0.0,0.6421882175048846,0.6363636363636364,0.0017514224113769584,nan,0.029856938483547927,11.0,200.0,-0.002854142803698778,0.019408683100773486,0.0,0.0,0.0,,,,,,,,,,,,
354.0,200.0,-1.7250012397766123,0.0,0.37399641049850624,0.8125,0.0007012432696846993,nan,0.0297997138769671,16.0,200.0,0.043179361149668694,0.04938308096141555,0.0,0.0,0.0,,,,,,,,,,,,
355.0,200.0,-1.8792251586914075,0.0,0.510902210162201,0.75,0.0009579416440541271,nan,0.02974248927038627,16.0,200.0,0.04130473639816046,0.07310212861139007,0.0,0.0,0.0,,,,,,,,,,,,
356.0,200.0,-1.0637207031250009,0.0,0.4751686341238244,0.7333333333333333,0.0009503372682476487,nan,0.02968526466380544,15.0,200.0,0.05826322454959154,0.0454098379885545,0.0,0.0,0.0,,,,,,,,,,,,
357.0,200.0,-0.5905133247375489,0.0,0.6108267802667933,0.6666666666666666,0.0015270669506669834,nan,0.02962804005722461,12.0,200.0,0.03451727330684662,0.0181875817636319,0.0,0.0,0.0,,,,,,,,,,,,
358.0,200.0,-0.6327615261077896,0.0,0.37172579145344037,0.7142857142857143,0.0007965552674002296,nan,0.02957081545064378,14.0,200.0,0.06378617323935032,0.01507780376719893,0.0,0.0,0.0,,,,,,,,,,,,
359.0,200.0,-1.7591573715209976,0.0,0.3014059110259435,0.8666666666666667,0.000602811822051887,nan,0.02951359084406295,15.0,200.0,0.008878986816853285,0.029921568045392633,0.0,0.0,0.0,,,,,,,,,,,,
360.0,200.0,-0.6889627456665055,0.0,0.6251962201833443,0.6470588235294118,0.0011032874473823724,0.2,0.02945636623748212,17.0,200.0,0.08045383356511593,0.03374208045832347,0.0,0.0,0.0,1.0,0.0,0.0,0.0,0.0,0.0,11.705329895019531,13.894990813918412,11.0,1.0,200.0,-0.7067105770111078
361.0,200.0,-0.6947453260421753,0.0,0.7188768564137538,0.5384615384615384,0.0016589465917240475,nan,0.02939914163090129,13.0,200.0,-0.01280528074130416,0.012693740910690395,0.0,0.0,0.0,,,,,,,,,,,,
362.0,200.0,-0.744772720336914,0.0,0.47193330474121836,0.7272727272727273,0.001287090831112414,nan,0.029341917024320457,11.0,200.0,-0.022668831166811287,0.006110819469141688,0.0,0.0,0.0,,,,,,,,,,,,
363.0,200.0,-1.4074892997741713,0.0,0.510902210162201,0.75,0.0009579416440541273,nan,0.029284692417739632,16.0,200.0,-0.0021020981948822737,0.08186390386705171,0.0,0.0,0.0,,,,,,,,,,,,
364.0,200.0,-0.9311911106109619,0.0,0.7188768564137538,0.5384615384615384,0.0016589465917240475,nan,0.029227467811158803,13.0,200.0,0.02658231509849429,0.04141183841333259,0.0,0.0,0.0,,,,,,,,,,,,
365.0,193.0,0.610449684858322,1.0,0.8549911928879377,0.42857142857142855,0.0018321239847598667,nan,0.02917024320457797,14.0,193.0,0.28720737248659134,0.021355924089711025,0.0,0.0,0.0,,,,,,,,,,,,
366.0,200.0,-1.1869410991668703,0.0,0.9190368637799619,0.38461538461538464,0.0021208543010306814,nan,0.029113018597997142,13.0,200.0,0.06132606230676174,0.04203402960527455,0.0,0.0,0.0,,,,,,,,,,,,
367.0,200.0,-1.0896747589111326,0.0,0.8101434391817571,0.5384615384615384,0.0018695617827271319,nan,0.02905579399141631,13.0,200.0,-0.011736667482182384,0.08273591706589287,0.0,0.0,0.0,,,,,,,,,,,,
368.0,200.0,-0.4677642226219174,0.0,0.7791800481914251,0.35714285714285715,0.001669671531838768,nan,0.02899856938483548,14.0,200.0,-0.01544781750999391,0.008273709029699603,0.0,0.0,0.0,,,,,,,,,,,,
369.0,200.0,-0.7218046903610231,0.0,0.7851348170951478,0.5384615384615384,0.00181184957791188,nan,0.02894134477825465,13.0,200.0,-0.02275151014328003,0.02668294347230585,0.0,0.0,0.0,,,,,,,,,,,,
370.0,200.0,-0.808820056915283,0.0,0.7702436358743139,0.42857142857142855,0.0016505220768735299,nan,0.02888412017167382,14.0,200.0,-0.017589755821973085,0.0470269924605418,0.0,0.0,0.0,,,,,,,,,,,,
371.0,200.0,-0.7656160116195675,0.0,0.6680216708187077,0.5833333333333334,0.0016700541770467694,nan,0.028826895565092995,12.0,200.0,-0.010185767896473408,0.011898382064493944,0.0,0.0,0.0,,,,,,,,,,,,
372.0,200.0,-0.789264369010925,0.0,0.6660815842225859,0.6153846153846154,0.0015371113482059678,nan,0.028769670958512163,13.0,200.0,-0.015648793894797564,0.010408741754708899,0.0,0.0,0.0,,,,,,,,,,,,
373.0,200.0,-0.6860313892364501,0.0,0.6108267802667933,0.6666666666666666,0.001527066950666983,nan,0.028712446351931334,12.0,200.0,-0.015901474514976144,0.007416783248211232,0.0,0.0,0.0,,,,,,,,,,,,
374.0,200.0,-0.6924237012863161,0.0,0.4931721903597019,0.7692307692307693,0.0011380896700608505,nan,0.0286552217453505,13.0,200.0,-0.01599613600410521,0.008903124727994509,0.0,0.0,0.0,,,,,,,,,,,,
375.0,200.0,-0.6169071674346921,0.0,0.47193330474121836,0.7272727272727273,0.001287090831112414,nan,0.028597997138769673,11.0,200.0,-0.00983724114485085,0.007412615251469106,0.0,0.0,0.0,,,,,,,,,,,,
376.0,200.0,-0.681602692604065,0.0,0.7188768564137538,0.5384615384615384,0.0016589465917240473,nan,0.028540772532188844,13.0,200.0,-0.021551087498664856,0.004210542837754474,0.0,0.0,0.0,,,,,,,,,,,,
377.0,200.0,-0.6188794851303098,0.0,0.7323394708350839,0.6153846153846154,0.001690014163465578,nan,0.028483547925608012,13.0,200.0,0.16096274554729462,0.011949043916993106,0.0,0.0,0.0,,,,,,,,,,,,
378.0,200.0,-0.5565928936004634,0.0,0.73233954490398,0.6153846153846154,0.0016900143343937999,nan,0.028426323319027186,13.0,200.0,-0.01568086096085608,0.006620024799012754,0.0,0.0,0.0,,,,,,,,,,,,
379.0,200.0,-0.6530324697494504,0.0,0.6108267802667933,0.6666666666666666,0.001527066950666983,nan,0.02836909871244635,12.0,200.0,-0.011750443140044808,0.004890235376751662,0.0,0.0,0.0,,,,,,,,,,,,
380.0,200.0,-0.6337345361709588,0.0,0.7323394708350839,0.6153846153846154,0.001690014163465578,0.2,0.028311874105865525,13.0,200.0,-0.03412774112075567,0.006875144170899148,0.0,0.0,0.0,1.0,0.0,0.0,0.0,0.0,0.0,9.500553131103516,14.976687289774418,14.0,1.0,200.0,-0.867614126205444
381.0,200.0,-0.7803097963333128,0.0,0.8898846054376033,0.3333333333333333,0.001779769210875207,nan,0.028254649499284697,15.0,200.0,0.030683870892971754,61.29585322732899,0.0,0.0,0.0,,,,,,,,,,,,
382.0,200.0,-0.6017560243606569,0.0,0.7323394708350839,0.6153846153846154,0.0016900141634655784,nan,0.028197424892703864,13.0,200.0,-0.011866148794069886,0.00885133921866327,0.0,0.0,0.0,,,,,,,,,,,,
383.0,200.0,-0.6051077365875253,0.0,0.5563014808689055,0.7142857142857143,0.0011920746018619407,nan,0.028140200286123036,14.0,200.0,-0.015472201397642493,0.03286598260543542,0.0,0.0,0.0,,,,,,,,,,,,
384.0,31.0,-0.709498176574707,0.0,0.3109174868386655,0.8,0.0018655049210319931,nan,0.028082975679542203,5.0,31.0,-0.0670687211677432,0.021598300663754344,0.0,0.0,0.0,,,,,,,,,,,,
385.0,200.0,-1.3125441551208497,0.0,0.9256340322197502,0.3333333333333333,0.0018512680644395005,nan,0.028025751072961375,15.0,200.0,0.02220344915986061,0.057304492112016304,0.0,0.0,0.0,,,,,,,,,,,,
386.0,200.0,-0.6049711942672729,0.0,0.6428338760723795,0.5,0.0013775011630122419,nan,0.02796852646638055,14.0,200.0,-0.04013111721724272,0.020969203556996944,0.0,0.0,0.0,,,,,,,,,,,,
387.0,200.0,-0.9763598442077644,0.0,0.919036937848858,0.38461538461538464,0.002120854471958903,nan,0.027911301859799717,13.0,200.0,-0.03801698936149478,0.036010941903055024,0.0,0.0,0.0,,,,,,,,,,,,
388.0,32.0,-0.7199414443969727,0.0,0.34939846340644504,0.75,0.002620488475548338,nan,0.027854077253218888,4.0,32.0,-0.03984990902245045,0.010781397530081449,0.0,0.0,0.0,,,,,,,,,,,,
389.0,200.0,-1.5301410675048834,0.0,0.6856014048309755,0.5625,0.0012855026340580793,nan,0.027796852646638056,16.0,200.0,0.039214926306158304,0.03535129570223944,0.0,0.0,0.0,,,,,,,,,,,,
390.0,200.0,-0.48722726106643666,0.0,0.8274096395567407,0.5,0.0017730206561930157,nan,0.027739628040057227,14.0,200.0,0.007270925212651491,0.016707905633811606,0.0,0.0,0.0,,,,,,,,,,,,
391.0,200.0,-0.862878179550171,0.0,0.7738360514051238,0.4666666666666667,0.0015476721028102479,nan,0.0276824034334764,15.0,200.0,-0.022796310484409332,0.01910833050933434,0.0,0.0,0.0,,,,,,,,,,,,
392.0,200.0,-1.3029308319091795,0.0,0.8289765670542003,0.47368421052631576,0.0013089103690329478,nan,0.027625178826895566,19.0,200.0,-0.0025918022729456425,0.029461136232948774,0.0,0.0,0.0,,,,,,,,,,,,
393.0,32.0,-0.7508409690856934,0.0,0.34939846340644504,0.75,0.002620488475548338,nan,0.027567954220314737,4.0,32.0,-0.024252504110336304,0.19463902842107927,0.0,0.0,0.0,,,,,,,,,,,,
394.0,27.0,-0.7053314399719238,0.0,0.3109174868386655,0.8,0.0018655049210319931,nan,0.027510729613733905,5.0,27.0,-0.029091550037264824,0.03183970203692162,0.0,0.0,0.0,,,,,,,,,,,,
395.0,30.0,-0.7270002365112305,0.0,0.34939846340644504,0.75,0.0026204884755483384,nan,0.02745350500715308,4.0,30.0,-0.0636469884775579,0.017567790905013682,0.0,0.0,0.0,,,,,,,,,,,,
396.0,200.0,-1.8664794921875012,0.0,0.8902220633283349,0.35714285714285715,0.0019076187071321456,nan,0.02739628040057225,14.0,200.0,0.10879906266927719,0.03483245834344416,0.0,0.0,0.0,,,,,,,,,,,,
397.0,200.0,-1.0352784633636478,0.0,0.6952545077869625,0.46153846153846156,0.0016044334795083752,nan,0.02733905579399142,13.0,200.0,-0.018076444044709206,0.024159967039740878,0.0,0.0,0.0,,,,,,,,,,,,
398.0,200.0,-1.3335131645202645,0.0,0.7934660124620466,0.42857142857142855,0.0017002843124186717,nan,0.02728183118741059,14.0,200.0,0.00711067346855998,0.025738007224863396,0.0,0.0,0.0,,,,,,,,,,,,
399.0,200.0,-0.9543535709381109,0.0,0.9022057441007985,0.35294117647058826,0.0015921277837072914,nan,0.027224606580829758,17.0,200.0,-0.02387234754860401,0.025728095997328636,0.0,0.0,0.0,,,,,,,,,,,,
400.0,200.0,-0.9517110347747803,0.0,0.6680216708187077,0.5833333333333334,0.0016700541770467692,0.2,0.02716738197424893,12.0,200.0,-0.005168485688045621,0.017403521796459244,0.0,0.0,0.0,1.0,0.0,0.0,0.0,0.0,0.0,9.49962043762207,14.506847625714727,12.0,1.0,200.0,-0.8588608741760253
401.0,28.0,-0.71308048248291,0.0,0.254819612189989,0.8571428571428571,0.00109208405224281,nan,0.027110157367668097,7.0,28.0,-0.022595505230128765,0.18445135052648506,0.0,0.0,0.0,,,,,,,,,,,,
402.0,200.0,-1.1471625804901127,0.0,0.7683955428471756,0.4166666666666667,0.0019209888571179393,nan,0.027052932761087268,12.0,200.0,0.22665279731154442,0.014640770902233272,0.0,0.0,0.0,,,,,,,,,,,,
403.0,200.0,-0.866780948638916,0.0,0.7188768564137538,0.5384615384615384,0.0016589465917240475,nan,0.026995708154506443,13.0,200.0,-0.005989826866425574,0.01355618847874453,0.0,0.0,0.0,,,,,,,,,,,,
404.0,200.0,-1.0449145793914798,0.0,0.6428338760723795,0.5,0.001377501163012242,nan,0.02693848354792561,14.0,200.0,-0.005866830702871084,0.06869884410116356,0.0,0.0,0.0,,,,,,,,,,,,
405.0,200.0,-0.8308990955352782,0.0,0.8898846054376033,0.3333333333333333,0.0017797692108752065,nan,0.02688125894134478,15.0,200.0,0.011932918336242437,0.8088949225805709,0.0,0.0,0.0,,,,,,,,,,,,
406.0,200.0,-0.7841445207595826,0.0,0.7106260257991471,0.4166666666666667,0.0017765650644978685,nan,0.02682403433476395,12.0,200.0,-0.03411844652146101,0.014583582454106363,0.0,0.0,0.0,,,,,,,,,,,,
407.0,200.0,-0.7834920644760142,0.0,0.7934660124620466,0.42857142857142855,0.0017002843124186713,nan,0.02676680972818312,14.0,200.0,-0.0230680659878999,0.01158608002046094,0.0,0.0,0.0,,,,,,,,,,,,
408.0,200.0,-1.1495713710784914,0.0,0.7168601825790418,0.5714285714285714,0.0015361289626693755,nan,0.02670958512160229,14.0,200.0,-0.01538894698023796,0.006641062975322711,0.0,0.0,0.0,,,,,,,,,,,,
409.0,157.0,-2.1787121009826667,0.0,0.7582039590163822,0.38461538461538464,0.0017497014438839589,nan,0.02665236051502146,13.0,157.0,0.15806611627340317,0.012476808927545604,0.0,0.0,0.0,,,,,,,,,,,,
410.0,200.0,-0.9877238273620602,0.0,0.5515555163498927,0.5833333333333334,0.001378888790874732,nan,0.026595135908440634,12.0,200.0,-0.01565191976260394,0.015974799925106708,0.0,0.0,0.0,,,,,,,,,,,,
411.0,200.0,-0.7409287691116346,0.0,0.33301131269063644,0.8461538461538461,0.0007684876446706995,nan,0.0265379113018598,13.0,200.0,0.022761343512684107,0.024149378421816435,0.0,0.0,0.0,,,,,,,,,,,,
412.0,200.0,-1.2594807624816897,0.0,0.7898295259380442,0.46153846153846156,0.0018226835213954865,nan,0.026480686695278973,13.0,200.0,-0.0166339126881212,0.02320847794184374,0.0,0.0,0.0,,,,,,,,,,,,
413.0,200.0,-0.6992051124572757,0.0,0.5343276836631002,0.6363636363636364,0.001457257319081183,nan,0.026423462088698144,11.0,200.0,0.000697240000590682,0.007926121716222952,0.0,0.0,0.0,,,,,,,,,,,,
414.0,200.0,-1.38793830871582,0.0,0.5822876642465321,0.6923076923076923,0.0013437407636458436,nan,0.026366237482117312,13.0,200.0,-0.010664853965863585,0.02433091370900911,0.0,0.0,0.0,,,,,,,,,,,,
415.0,200.0,-1.0821999549865726,0.0,0.7005768023867001,0.6428571428571429,0.0015012360051143577,nan,0.026309012875536483,14.0,200.0,-0.02930861245840788,0.019366907314679337,0.0,0.0,0.0,,,,,,,,,,,,
416.0,200.0,-1.1905310153961182,0.0,0.9158830101830899,0.3125,0.0017172806440932935,nan,0.02625178826895565,16.0,200.0,-0.014409949537366629,0.05577028156854794,0.0,0.0,0.0,,,,,,,,,,,,
417.0,200.0,-0.9633153915405271,0.0,0.6680216708187077,0.5833333333333334,0.0016700541770467692,nan,0.026194563662374822,12.0,200.0,-0.010081589221954346,0.010775209114503923,0.0,0.0,0.0,,,,,,,,,,,,
418.0,200.0,-0.7037604570388796,0.0,0.5343276836631002,0.6363636363636364,0.001457257319081183,nan,0.026137339055793997,11.0,200.0,-0.00016775925178080797,0.006330274719657609,0.0,0.0,0.0,,,,,,,,,,,,
419.0,200.0,-1.3762867927551268,0.0,0.8560874125505422,0.46153846153846156,0.001975586336655098,nan,0.026080114449213165,13.0,200.0,-0.01734520890749991,0.017076911907561224,0.0,0.0,0.0,,,,,,,,,,,,
420.0,200.0,-1.288522720336914,0.0,0.8398466960423667,0.3076923076923077,0.001938107760097769,0.2,0.026022889842632336,13.0,200.0,-0.009237265447154641,0.022557178760471287,0.0,0.0,0.0,1.0,0.0,0.0,0.0,0.0,0.0,10.81976318359375,13.092836118419655,14.0,1.0,200.0,-0.5989562153816231
421.0,200.0,-0.9686722755432128,0.0,0.6181807846871554,0.5454545454545454,0.001685947594601333,nan,0.025965665236051504,11.0,200.0,-0.05567271262407303,0.015988429488024848,0.0,0.0,0.0,,,,,,,,,,,,
422.0,200.0,-0.7391990423202534,0.0,0.4991276629179378,0.6666666666666666,0.0009982553258358754,nan,0.025908440629470675,15.0,200.0,-0.0027279690839350224,0.02615845278611232,0.0,0.0,0.0,,,,,,,,,,,,
423.0,200.0,-0.4478128194808962,0.0,0.5822876642465321,0.6923076923076923,0.0013437407636458436,nan,0.025851216022889846,13.0,200.0,0.007687985664233565,0.01164817121845772,0.0,0.0,0.0,,,,,,,,,,,,
424.0,200.0,-0.6076126575469971,0.0,0.5822876642465321,0.6923076923076923,0.0013437407636458436,nan,0.025793991416309014,13.0,200.0,0.00033460394479334354,0.008978732149262213,0.0,0.0,0.0,,,,,,,,,,,,
425.0,200.0,-0.5690547943115238,0.0,0.6139747453864235,0.6666666666666666,0.0012279494907728474,nan,0.025736766809728185,15.0,200.0,-0.006643143016844988,0.009916299090527901,0.0,0.0,0.0,,,,,,,,,,,,
426.0,200.0,-0.782812285423279,0.0,0.7275814330860032,0.5,0.0015591030708985785,nan,0.025679542203147353,14.0,200.0,-0.04472257848829031,0.018799536520964465,0.0,0.0,0.0,,,,,,,,,,,,
427.0,200.0,-0.742392539978027,0.0,0.6776275178189689,0.5384615384615384,0.0015637558103514667,nan,0.025622317596566527,13.0,200.0,-0.013342456659302115,0.009873465762648265,0.0,0.0,0.0,,,,,,,,,,,,
428.0,200.0,-0.7993636131286618,0.0,0.6680216708187077,0.5833333333333334,0.0016700541770467692,nan,0.0255650929899857,12.0,200.0,-0.0026863456005230546,0.006849637005725526,0.0,0.0,0.0,,,,,,,,,,,,
429.0,200.0,-0.7792474746704099,0.0,0.6680216708187077,0.5833333333333334,0.0016700541770467692,nan,0.025507868383404866,12.0,200.0,-0.011303529026918113,0.005606805628558504,0.0,0.0,0.0,,,,,,,,,,,,
430.0,200.0,-0.6829540014266969,0.0,0.47193330474121836,0.7272727272727273,0.001287090831112414,nan,0.025450643776824038,11.0,200.0,-0.008315056096762419,0.0075797540429994115,0.0,0.0,0.0,,,,,,,,,,,,
431.0,200.0,-0.7736559391021727,0.0,0.742662082543117,0.5,0.0015914187483066793,nan,0.025393419170243205,14.0,200.0,-0.01657267101109028,0.004549340293469868,0.0,0.0,0.0,,,,,,,,,,,,
432.0,200.0,-0.7302470922470091,0.0,0.3729041535218442,0.8181818181818182,0.001017011327786848,nan,0.025336194563662377,11.0,200.0,-0.009006973705254495,0.007267020050203427,0.0,0.0,0.0,,,,,,,,,,,,
433.0,200.0,-0.5336280345916745,0.0,0.3729041535218442,0.8181818181818182,0.001017011327786848,nan,0.025278969957081544,11.0,200.0,-0.013809905154630542,0.007822378271183652,0.0,0.0,0.0,,,,,,,,,,,,
434.0,200.0,-0.5983680009841935,0.0,0.4991276629179378,0.6666666666666666,0.0009982553258358758,nan,0.025221745350500716,15.0,200.0,0.019785601180046797,0.00895512020744718,0.0,0.0,0.0,,,,,,,,,,,,
435.0,200.0,-0.5695120930671688,0.0,0.6108267802667933,0.6666666666666666,0.0015270669506669834,nan,0.02516452074391989,12.0,200.0,-0.017288361326791346,0.012727056941543538,0.0,0.0,0.0,,,,,,,,,,,,
436.0,200.0,-0.8324158191680917,0.0,0.4991276629179378,0.6666666666666666,0.0009982553258358754,nan,0.025107296137339058,15.0,200.0,7.519940845668316e-05,0.012909088720552972,0.0,0.0,0.0,,,,,,,,,,,,
437.0,200.0,-0.4192113906145096,0.0,0.8274095654878446,0.5,0.0017730204974739526,nan,0.02505007153075823,14.0,200.0,-0.008680086233653128,0.021617520314393915,0.0,0.0,0.0,,,,,,,,,,,,
438.0,200.0,-1.6670774459838877,0.0,0.40758069234366484,0.7857142857142857,0.000873387197879282,nan,0.024992846924177397,14.0,200.0,0.03662319853901863,0.02614944049884798,0.0,0.0,0.0,,,,,,,,,,,,
439.0,200.0,-1.936063861846925,0.0,0.4399169132891688,0.7368421052631579,0.0006946056525618453,nan,0.024935622317596568,19.0,200.0,0.0829423014074564,0.03161857442930341,0.0,0.0,0.0,,,,,,,,,,,,
440.0,200.0,-1.943567848205568,0.0,0.5165794058777069,0.6875,0.0009685863860207002,0.0,0.02487839771101574,16.0,200.0,0.0884302482008934,0.033562322441139256,0.0,0.0,0.0,1.0,0.0,0.0,0.0,0.0,0.0,11.426435470581055,14.899309132248163,16.0,1.0,200.0,-1.2420826911926282
441.0,200.0,-1.5560673713684097,0.0,0.4991276629179378,0.6666666666666666,0.0009982553258358754,nan,0.024821173104434907,15.0,200.0,0.02439684746786952,0.012427098893313086,0.0,0.0,0.0,,,,,,,,,,,,
442.0,200.0,-1.344194030761719,0.0,0.6467101236131286,0.625,0.0012125814817746162,nan,0.024763948497854082,16.0,200.0,-0.023948659654706717,0.020873388132404216,0.0,0.0,0.0,,,,,,,,,,,,
443.0,200.0,-0.6027575492858884,0.0,0.6936378800602052,0.5714285714285714,0.001486366885843297,nan,0.02470672389127325,14.0,200.0,0.026766127441078424,0.007287697929914429,0.0,0.0,0.0,,,,,,,,,,,,
444.0,200.0,-0.7177310705184936,0.0,0.7421553772247469,0.5333333333333333,0.001484310754449494,nan,0.02464949928469242,15.0,200.0,0.012818600749596953,0.005442543363333243,0.0,0.0,0.0,,,,,,,,,,,,
445.0,200.0,-0.7664475917816159,0.0,0.6936378800602052,0.5714285714285714,0.0014863668858432972,nan,0.024592274678111592,14.0,200.0,0.0011689814273267984,0.0038123863470900686,0.0,0.0,0.0,,,,,,,,,,,,
446.0,200.0,-1.7633687973022478,0.0,0.35933369478776045,0.8235294117647058,0.0006341182849195777,nan,0.02453505007153076,17.0,200.0,0.019566785544157028,0.021628170861513352,0.0,0.0,0.0,,,,,,,,,,,,
447.0,200.0,-1.3776350975036624,0.0,0.4830643784504223,0.6875,0.0009057457095945422,nan,0.02447782546494993,16.0,200.0,0.0011578276753425598,0.02721307684390922,0.0,0.0,0.0,,,,,,,,,,,,
448.0,200.0,-0.706734800338745,0.0,0.5822876642465321,0.6923076923076923,0.0013437407636458436,nan,0.0244206008583691,13.0,200.0,0.001541700679808855,0.01002425423567729,0.0,0.0,0.0,,,,,,,,,,,,
449.0,200.0,-0.6073250293731687,0.0,0.3729041535218442,0.8181818181818182,0.001017011327786848,nan,0.02436337625178827,11.0,200.0,0.006803013617172837,0.008900419869387406,0.0,0.0,0.0,,,,,,,,,,,,
450.0,200.0,-0.5714097738265987,0.0,0.44827062560048875,0.75,0.001120676564001222,nan,0.024306151645207445,12.0,200.0,0.0034019112354144454,0.0076828487381044395,0.0,0.0,0.0,,,,,,,,,,,,
451.0,200.0,-1.090429401397705,0.0,0.7658843850619537,0.5,0.0016411808251327578,nan,0.024248927038626612,14.0,200.0,-0.003335711546242237,0.027024735862855778,0.0,0.0,0.0,,,,,,,,,,,,
452.0,200.0,-0.6249536991119385,0.0,0.5200500891777403,0.75,0.0013001252229443508,nan,0.024191702432045784,12.0,200.0,0.048317329958081245,0.01140513744965574,0.0,0.0,0.0,,,,,,,,,,,,
453.0,200.0,-0.7201941251754761,0.0,0.6108267802667933,0.6666666666666666,0.001527066950666983,nan,0.02413447782546495,12.0,200.0,-0.006064837099984288,0.00526444397342857,0.0,0.0,0.0,,,,,,,,,,,,
454.0,200.0,-0.683410596847534,0.0,0.3729041535218442,0.8181818181818182,0.001017011327786848,nan,0.024077253218884122,11.0,200.0,-0.01848928804975003,0.007195679364577927,0.0,0.0,0.0,,,,,,,,,,,,
455.0,200.0,-0.5775624275207517,0.0,0.44827062560048875,0.75,0.001120676564001222,nan,0.024020028612303294,12.0,200.0,-0.0017580295680090785,0.008969191260221124,0.0,0.0,0.0,,,,,,,,,,,,
456.0,200.0,-1.3850677490234375,0.0,0.5822876642465321,0.6923076923076923,0.0013437407636458436,nan,0.02396280400572246,13.0,200.0,0.032566497568041086,0.01046394467148275,0.0,0.0,0.0,,,,,,,,,,,,
457.0,200.0,-0.9058744430541988,0.0,0.7791800481914251,0.35714285714285715,0.0016696715318387683,nan,0.023905579399141633,14.0,200.0,-0.018135287798941135,0.05002669319685083,0.0,0.0,0.0,,,,,,,,,,,,
458.0,200.0,-0.5886483907699593,0.0,0.6680216708187077,0.5833333333333334,0.0016700541770467696,nan,0.0238483547925608,12.0,200.0,-8.521601557731628e-05,0.05815579663321842,0.0,0.0,0.0,,,,,,,,,,,,
459.0,200.0,-0.8593779087066648,0.0,0.6680216708187077,0.5833333333333334,0.0016700541770467692,nan,0.023791130185979975,12.0,200.0,-0.005176210543140769,0.014558785197077668,0.0,0.0,0.0,,,,,,,,,,,,
460.0,200.0,-2.0531219482421887,0.0,0.3458641919590909,0.8333333333333334,0.0005764403199318185,0.0,0.023733905579399146,18.0,200.0,0.04462715284898877,0.045069668646901845,0.0,0.0,0.0,1.0,0.0,0.0,0.0,0.0,0.0,12.356592178344727,13.444101656787097,13.0,1.0,200.0,-0.5585964083671587
461.0,200.0,-0.49038289189338646,0.0,0.5200500891777403,0.75,0.0013001252229443508,nan,0.023676680972818314,12.0,200.0,0.025060441344976425,0.01477050766668981,0.0,0.0,0.0,,,,,,,,,,,,
462.0,200.0,-0.5232369661331179,0.0,0.4931721903597019,0.7692307692307693,0.0011380896700608505,nan,0.023619456366237485,13.0,200.0,0.04667133651673794,0.01084172876435332,0.0,0.0,0.0,,,,,,,,,,,,
463.0,200.0,-0.8046616554260255,0.0,0.5390473537239897,0.6666666666666666,0.0013476183843099745,nan,0.023562231759656653,12.0,200.0,-0.007804823922924697,0.030890576744723147,0.0,0.0,0.0,,,,,,,,,,,,
464.0,200.0,-0.6275385618209838,0.0,0.5822876642465321,0.6923076923076923,0.0013437407636458436,nan,0.023505007153075824,13.0,200.0,-0.015383867779746652,0.014065965321206022,0.0,0.0,0.0,,,,,,,,,,,,
465.0,200.0,-0.9904941082000733,0.0,0.6660815842225859,0.6153846153846154,0.0015371113482059674,nan,0.023447782546494992,13.0,200.0,0.002440175274387002,0.025149773122211627,0.0,0.0,0.0,,,,,,,,,,,,
466.0,200.0,-0.7408419609069822,0.0,0.7168601825790418,0.5714285714285714,0.0015361289626693755,nan,0.023390557939914167,14.0,200.0,-0.016599699738435447,0.011251215699267049,0.0,0.0,0.0,,,,,,,,,,,,
467.0,200.0,-0.703783965110779,0.0,0.6680216708187077,0.5833333333333334,0.0016700541770467692,nan,0.023333333333333338,12.0,200.0,-0.0015518178697675467,0.007699116471630987,0.0,0.0,0.0,,,,,,,,,,,,
468.0,200.0,-0.5565483331680295,0.0,0.6912081239918213,0.6,0.0013824162479836425,nan,0.023276108726752506,15.0,200.0,-0.007531031966209412,0.01239958408923485,0.0,0.0,0.0,,,,,,,,,,,,
469.0,200.0,-0.8685451030731197,0.0,0.5390473537239897,0.6666666666666666,0.0013476183843099745,nan,0.023218884120171677,12.0,200.0,-0.005817537661641836,0.024637383662629873,0.0,0.0,0.0,,,,,,,,,,,,
470.0,200.0,-0.732212519645691,0.0,0.6660815842225859,0.6153846153846154,0.0015371113482059678,nan,0.023161659513590845,13.0,200.0,-0.009464580100029707,0.010412020972316895,0.0,0.0,0.0,,,,,,,,,,,,
471.0,200.0,-0.7107396602630615,0.0,0.7683955428471756,0.4166666666666667,0.0019209888571179391,nan,0.023104434907010016,12.0,200.0,-0.019406528910622,20.99127670387017,0.0,0.0,0.0,,,,,,,,,,,,
472.0,200.0,-0.684647750854492,0.0,0.47193330474121836,0.7272727272727273,0.001287090831112414,nan,0.023047210300429187,11.0,200.0,-0.007927534636110067,0.00612777639500564,0.0,0.0,0.0,,,,,,,,,,,,
473.0,200.0,-0.8135450839996335,0.0,0.6113696312064709,0.5384615384615384,0.0014108529950918557,nan,0.022989985693848355,13.0,200.0,-0.014502295525744557,0.011956263857864542,0.0,0.0,0.0,,,,,,,,,,,,
474.0,200.0,-1.7834974288940444,0.0,0.5956687288132321,0.5882352941176471,0.0010511801096704093,nan,0.02293276108726753,17.0,200.0,0.035596713656559587,0.059385768689971884,0.0,0.0,0.0,,,,,,,,,,,,
475.0,200.0,-0.6488316535949719,0.0,0.4482706626349368,0.75,0.0011206766565873421,nan,0.022875536480686697,12.0,200.0,0.11841987818479538,0.032134993921790735,0.0,0.0,0.0,,,,,,,,,,,,
476.0,200.0,-0.43419888019561775,0.0,0.6446915980560137,0.5294117647058824,0.0011376910553929657,nan,0.02281831187410587,17.0,200.0,0.12120446562767029,0.03805821328534876,0.0,0.0,0.0,,,,,,,,,,,,
477.0,200.0,-0.7330029487609859,0.0,0.5962422072414562,0.5833333333333334,0.0014906055181036404,nan,0.02276108726752504,12.0,200.0,-0.018077200511470437,0.015172244895657059,0.0,0.0,0.0,,,,,,,,,,,,
478.0,200.0,-0.6784571886062621,0.0,0.6680216708187077,0.5833333333333334,0.0016700541770467692,nan,0.022703862660944207,12.0,200.0,-0.014353377278894186,0.009723263206324191,0.0,0.0,0.0,,,,,,,,,,,,
479.0,200.0,-0.7030724048614498,0.0,0.6108267802667933,0.6666666666666666,0.001527066950666983,nan,0.02264663805436338,12.0,200.0,-0.012527621118351817,0.008542649350838474,0.0,0.0,0.0,,,,,,,,,,,,
480.0,200.0,-0.703179883956909,0.0,0.6108267802667933,0.6666666666666666,0.001527066950666983,0.0,0.022589413447782546,12.0,200.0,-0.012271500425413251,0.007372386334609473,0.0,0.0,0.0,1.0,0.0,0.0,0.0,0.0,0.0,10.900375366210938,13.222576843574643,13.0,1.0,200.0,-0.5464094996452328
481.0,200.0,-0.49421347379684427,0.0,0.4482706626349368,0.75,0.0011206766565873421,nan,0.022532188841201718,12.0,200.0,0.0032775108702480793,0.010272315018863765,0.0,0.0,0.0,,,,,,,,,,,,
482.0,200.0,-0.6942715883255006,0.0,0.5119546551071976,0.6666666666666666,0.001279886637767994,nan,0.022474964234620892,12.0,200.0,-0.015439014649018645,0.011846612269800971,0.0,0.0,0.0,,,,,,,,,,,,
483.0,200.0,-0.5750767707824705,0.0,0.3729041535218442,0.8181818181818182,0.001017011327786848,nan,0.02241773962804006,11.0,200.0,-0.009235800709575415,0.008662348525031121,0.0,0.0,0.0,,,,,,,,,,,,
484.0,200.0,-0.5868124008178707,0.0,0.9014357979256109,0.2857142857142857,0.0019316481384120232,nan,0.02236051502145923,14.0,200.0,0.018632213585078716,0.040512099439511076,0.0,0.0,0.0,,,,,,,,,,,,
485.0,200.0,-1.032641315460205,0.0,0.7859895721563949,0.4166666666666667,0.001964973930390988,nan,0.0223032904148784,12.0,200.0,-0.010557495290413499,0.019058710882090962,0.0,0.0,0.0,,,,,,,,,,,,
486.0,200.0,-0.5939278244972233,0.0,0.516001112971235,0.6428571428571429,0.0011057166706526463,nan,0.02224606580829757,14.0,200.0,-0.005606040474958718,0.01781811056549486,0.0,0.0,0.0,,,,,,,,,,,,
487.0,200.0,-0.6715484857559202,0.0,0.6410729621359766,0.6153846153846154,0.001479399143390715,nan,0.02218884120171674,13.0,200.0,-0.004606242058798671,0.0194596407816789,0.0,0.0,0.0,,,,,,,,,,,,
488.0,200.0,-0.7401627063751219,0.0,0.6108267802667933,0.6666666666666666,0.001527066950666983,nan,0.02213161659513591,12.0,200.0,-0.005524125532247126,0.008293238673920768,0.0,0.0,0.0,,,,,,,,,,,,
489.0,200.0,-0.6979650735855103,0.0,0.6660815842225859,0.6153846153846154,0.0015371113482059678,nan,0.022074391988555084,13.0,200.0,-0.012299115536734462,0.0072911475021101065,0.0,0.0,0.0,,,,,,,,,,,,
490.0,200.0,-0.47557308077812155,0.0,0.7323394708350839,0.6153846153846154,0.0016900141634655784,nan,0.022017167381974248,13.0,200.0,-0.009122968069277704,0.012721830570126259,0.0,0.0,0.0,,,,,,,,,,,,
491.0,200.0,-1.4868525505065922,0.0,0.919036937848858,0.38461538461538464,0.002120854471958903,nan,0.021959942775393423,13.0,200.0,0.1174690444022417,0.045268338729656535,0.0,0.0,0.0,,,,,,,,,,,,
492.0,200.0,-0.6560604333877559,0.0,0.7188768564137538,0.5384615384615384,0.0016589465917240475,nan,0.021902718168812594,13.0,200.0,-0.014090929413214326,0.006223060406948661,0.0,0.0,0.0,,,,,,,,,,,,
493.0,200.0,-0.5161822676658624,0.0,0.6695340095397253,0.6,0.0013390680190794508,nan,0.02184549356223176,15.0,200.0,-0.007981117931194603,0.009043172139645322,0.0,0.0,0.0,,,,,,,,,,,,
494.0,200.0,-0.6493378162384029,0.0,0.6108267802667933,0.6666666666666666,0.001527066950666983,nan,0.021788268955650933,12.0,200.0,-0.009089473052881658,0.005502998052620569,0.0,0.0,0.0,,,,,,,,,,,,
495.0,200.0,-0.6110632419586177,0.0,0.47193330474121836,0.7272727272727273,0.001287090831112414,nan,0.0217310443490701,11.0,200.0,-0.019448456820100546,0.005945861379614143,0.0,0.0,0.0,,,,,,,,,,,,
496.0,200.0,-0.5019312262535098,0.0,0.5748150014545825,0.6153846153846154,0.0013264961572028828,nan,0.021673819742489272,13.0,200.0,-0.017218578956089914,0.007814644067937592,0.0,0.0,0.0,,,,,,,,,,,,
497.0,200.0,-0.8157427787780762,0.0,0.5390473537239897,0.6666666666666666,0.0013476183843099745,nan,0.02161659513590844,12.0,200.0,-0.0034852473763749003,0.029130960167194644,0.0,0.0,0.0,,,,,,,,,,,,
498.0,200.0,-0.8249601840972908,0.0,0.6027668251974929,0.5333333333333333,0.0012055336503949859,nan,0.021559370529327614,15.0,200.0,-0.015824413625523448,0.025656660877807554,0.0,0.0,0.0,,,,,,,,,,,,
499.0,200.0,-0.6472531557083138,0.0,0.7188768564137538,0.5384615384615384,0.001658946591724047,nan,0.021502145922746786,13.0,200.0,0.025673676747828722,0.031451916033747696,0.0,0.0,0.0,,,,,,,,,,,,
500.0,200.0,-0.649309515953064,0.0,0.5390473537239897,0.6666666666666666,0.0013476183843099743,0.0,0.021444921316165953,12.0,200.0,-0.012267782585695386,9.889297883728581,0.0,0.0,0.0,1.0,0.0,0.0,0.0,0.0,0.0,11.39565658569336,15.132034286856651,17.0,1.0,200.0,-1.7354515075683612
